04:34:24,8
04:34:25,11
04:34:26,11
04:34:27,11
04:34:28,7
04:34:29,4
04:34:30,11
04:34:31,11
04:34:32,11
04:34:33,9
04:34:34,2
04:34:35,11
04:34:36,11
04:34:37,11
04:34:38,11
04:34:39,7
04:34:40,4
04:34:41,11
04:34:42,11
04:34:43,11
04:34:44,7
04:34:45,4
04:34:46,11
04:34:47,11
04:34:48,11
04:34:49,11
04:34:50,7
04:34:51,4
04:34:52,11
04:34:53,11
04:34:54,11
04:34:55,7
04:34:56,4
04:34:57,11
04:34:58,11
04:34:59,11
04:35:00,11
04:35:01,9
04:35:02,4
04:35:03,11
04:35:04,11
04:35:05,11
04:35:06,7
04:35:07,4
04:35:08,11
04:35:09,11
04:35:10,11
04:35:11,11
04:35:12,7
04:35:13,4
04:35:14,11
04:35:15,11
04:35:16,11
04:35:17,7
04:35:18,4
04:35:19,11
04:35:20,11
04:35:21,11
04:35:22,11
04:35:23,7
04:35:24,4
04:35:25,11
04:35:26,11
04:35:27,11
04:35:28,7
04:35:29,4
04:35:30,11
04:35:31,11
04:35:32,11
04:35:33,11
04:35:34,7
04:35:35,4
04:35:36,11
04:35:37,11
04:35:38,20
04:35:39,7
04:35:40,4
04:35:41,11
04:35:42,11
04:35:43,11
04:35:44,11
04:35:45,7
04:35:46,4
04:35:47,11
04:35:48,11
04:35:49,11
04:35:50,7
04:35:51,4
04:35:52,11
04:35:53,11
04:35:54,11
04:35:55,11
04:35:56,7
04:35:57,4
04:35:58,11
04:35:59,11
04:36:00,11
04:36:01,7
04:36:02,4
04:36:03,11
04:36:04,11
04:36:05,11
04:36:06,11
04:36:07,7
04:36:08,4
04:36:09,11
04:36:10,11
04:36:11,11
04:36:12,7
04:36:13,4
04:36:14,11
04:36:15,11
04:36:16,11
04:36:17,9
04:36:18,2
04:36:19,11
04:36:20,11
04:36:21,11
04:36:22,11
04:36:23,7
04:36:24,4
04:36:25,11
04:36:26,11
04:36:27,11
04:36:28,7
04:36:29,4
04:36:30,11
04:36:31,11
04:36:32,11
04:36:33,11
04:36:34,7
04:36:35,4
04:36:36,11
04:36:37,11
04:36:38,11
04:36:39,7
04:36:40,4
04:36:41,11
04:36:42,11
04:36:43,11
04:36:44,11
04:36:45,7
04:36:46,4
04:36:47,11
04:36:48,11
04:36:49,11
04:36:50,7
04:36:51,4
04:36:52,11
04:36:53,20
04:36:54,11
04:36:55,11
04:36:56,7
04:36:57,4
04:36:58,11
04:36:59,11
04:37:00,11
04:37:01,7
04:37:02,4
04:37:03,11
04:37:04,11
04:37:05,11
04:37:06,11
04:37:07,7
04:37:08,4
04:37:09,11
04:37:10,11
04:37:11,11
04:37:12,7
04:37:13,4
04:37:14,11
04:37:15,11
04:37:16,11
04:37:17,11
04:37:18,7
04:37:19,4
04:37:20,11
04:37:21,11
04:37:22,11
04:37:23,7
04:37:24,4
04:37:25,11
04:37:26,11
04:37:27,11
04:37:28,11
04:37:29,7
04:37:30,4
04:37:31,11
04:37:32,11
04:37:33,11
04:37:34,7
04:37:35,4
04:37:36,11
04:37:37,11
04:37:38,11
04:37:39,11
04:37:40,7
04:37:41,4
04:37:42,11
04:37:43,11
04:37:44,11
04:37:45,7
04:37:46,4
04:37:47,11
04:37:48,11
04:37:49,11
04:37:50,11
04:37:51,7
04:37:52,4
04:37:53,11
04:37:54,11
04:37:55,11
04:37:56,7
04:37:57,4
04:37:58,20
04:37:59,11
04:38:00,11
04:38:01,11
04:38:02,7
04:38:03,4
04:38:04,11
04:38:05,11
04:38:06,11
04:38:07,7
04:38:08,4
04:38:09,11
04:38:10,11
04:38:11,11
04:38:12,11
04:38:13,4
04:38:14,7
04:38:15,11
04:38:16,11
04:38:17,11
04:38:18,7
04:38:19,4
04:38:20,11
04:38:21,11
04:38:22,11
04:38:23,7
04:38:24,4
04:38:25,11
04:38:26,11
04:38:27,11
04:38:28,11
04:38:29,7
04:38:30,4
04:38:31,11
04:38:32,11
04:38:33,11
04:38:34,7
04:38:35,4
04:38:36,11
04:38:37,11
04:38:38,11
04:38:39,11
04:38:40,7
04:38:41,4
04:38:42,11
04:38:43,11
04:38:44,11
04:38:45,7
04:38:46,4
04:38:47,11
04:38:48,11
04:38:49,11
04:38:50,11
04:38:51,7
04:38:52,4
04:38:53,11
04:38:54,11
04:38:55,11
04:38:56,7
04:38:57,4
04:38:58,11
04:38:59,11
04:39:00,11
04:39:01,11
04:39:02,7
04:39:03,4
04:39:04,11
04:39:05,11
04:39:06,11
04:39:07,16
04:39:08,4
04:39:09,11
04:39:10,11
04:39:11,11
04:39:12,11
04:39:13,7
04:39:14,4
04:39:15,11
04:39:16,11
04:39:17,11
04:39:18,7
04:39:19,4
04:39:20,11
04:39:21,11
04:39:22,11
04:39:23,11
04:39:24,7
04:39:25,4
04:39:26,11
04:39:27,11
04:39:28,11
04:39:29,7
04:39:30,4
04:39:31,11
04:39:32,11
04:39:33,11
04:39:34,11
04:39:35,7
04:39:36,4
04:39:37,11
04:39:38,11
04:39:39,11
04:39:40,7
04:39:41,4
04:39:42,11
04:39:43,11
04:39:44,11
04:39:45,11
04:39:46,7
04:39:47,4
04:39:48,11
04:39:49,11
04:39:50,11
04:39:51,7
04:39:52,4
04:39:53,11
04:39:54,11
04:39:55,11
04:39:56,11
04:39:57,7
04:39:58,4
04:39:59,11
04:40:00,11
04:40:01,11
04:40:02,7
04:40:03,7
04:40:04,11
04:40:05,11
04:40:06,11
04:40:07,7
04:40:08,4
04:40:09,11
04:40:10,11
04:40:11,11
04:40:12,11
04:40:13,7
04:40:14,4
04:40:15,11
04:40:16,11
04:40:17,11
04:40:18,7
04:40:19,13
04:40:20,11
04:40:21,11
04:40:22,11
04:40:23,11
04:40:24,7
04:40:25,4
04:40:26,11
04:40:27,11
04:40:28,11
04:40:29,7
04:40:30,4
04:40:31,11
04:40:32,11
04:40:33,11
04:40:34,11
04:40:35,7
04:40:36,4
04:40:37,11
04:40:38,11
04:40:39,11
04:40:40,7
04:40:41,4
04:40:42,11
04:40:43,11
04:40:44,11
04:40:45,11
04:40:46,7
04:40:47,4
04:40:48,11
04:40:49,11
04:40:50,11
04:40:51,7
04:40:52,4
04:40:53,11
04:40:54,11
04:40:55,11
04:40:56,11
04:40:57,7
04:40:58,4
04:40:59,11
04:41:00,11
04:41:01,11
04:41:02,7
04:41:03,4
04:41:04,11
04:41:05,11
04:41:06,11
04:41:07,11
04:41:08,7
04:41:09,4
04:41:10,11
04:41:11,11
04:41:12,11
04:41:13,7
04:41:14,4
04:41:15,11
04:41:16,11
04:41:17,11
04:41:18,11
04:41:19,7
04:41:20,4
04:41:21,11
04:41:22,11
04:41:23,11
04:41:24,7
04:41:25,4
04:41:26,11
04:41:27,11
04:41:28,11
04:41:29,11
04:41:30,16
04:41:31,4
04:41:32,11
04:41:33,11
04:41:34,11
04:41:35,7
04:41:36,4
04:41:37,11
04:41:38,11
04:41:39,11
04:41:40,11
04:41:41,7
04:41:42,4
04:41:43,11
04:41:44,11
04:41:45,11
04:41:46,7
04:41:47,4
04:41:48,11
04:41:49,11
04:41:50,11
04:41:51,7
04:41:52,4
04:41:53,11
04:41:54,11
04:41:55,11
04:41:56,11
04:41:57,7
04:41:58,4
04:41:59,11
04:42:00,11
04:42:01,11
04:42:02,7
04:42:03,4
04:42:04,11
04:42:05,11
04:42:06,11
04:42:07,11
04:42:08,7
04:42:09,4
04:42:10,11
04:42:11,11
04:42:12,11
04:42:13,7
04:42:14,4
04:42:15,11
04:42:16,11
04:42:17,11
04:42:18,11
04:42:19,7
04:42:20,4
04:42:21,11
04:42:22,11
04:42:23,11
04:42:24,7
04:42:25,4
04:42:26,11
04:42:27,11
04:42:28,11
04:42:29,11
04:42:30,7
04:42:31,4
04:42:32,11
04:42:33,11
04:42:34,11
04:42:35,7
04:42:36,4
04:42:37,11
04:42:38,11
04:42:39,11
04:42:40,11
04:42:41,7
04:42:42,13
04:42:43,11
04:42:44,11
04:42:45,11
04:42:46,7
04:42:47,4
04:42:48,11
04:42:49,11
04:42:50,11
04:42:51,11
04:42:52,7
04:42:53,4
04:42:54,11
04:42:55,11
04:42:56,11
04:42:57,7
04:42:58,4
04:42:59,11
04:43:00,11
04:43:01,11
04:43:02,11
04:43:03,7
04:43:04,4
04:43:05,11
04:43:06,11
04:43:07,11
04:43:08,7
04:43:09,4
04:43:10,11
04:43:11,11
04:43:12,11
04:43:13,11
04:43:14,4
04:43:15,7
04:43:16,11
04:43:17,11
04:43:18,11
04:43:19,7
04:43:20,4
04:43:21,11
04:43:22,11
04:43:23,11
04:43:24,7
04:43:25,4
04:43:26,11
04:43:27,11
04:43:28,11
04:43:29,11
04:43:30,7
04:43:31,4
04:43:32,11
04:43:33,11
04:43:34,11
04:43:35,7
04:43:36,4
04:43:37,11
04:43:38,11
04:43:39,11
04:43:40,11
04:43:41,7
04:43:42,4
04:43:43,11
04:43:44,11
04:43:45,11
04:43:46,7
04:43:47,4
04:43:48,11
04:43:49,11
04:43:50,11
04:43:51,11
04:43:52,7
04:43:53,4
04:43:54,11
04:43:55,20
04:43:56,11
04:43:57,7
04:43:58,4
04:43:59,11
04:44:00,11
04:44:01,11
04:44:02,11
04:44:03,7
04:44:04,4
04:44:05,11
04:44:06,11
04:44:07,11
04:44:08,7
04:44:09,4
04:44:10,11
04:44:11,11
04:44:12,11
04:44:13,11
04:44:14,7
04:44:15,4
04:44:16,11
04:44:17,11
04:44:18,11
04:44:19,7
04:44:20,4
04:44:21,11
04:44:22,11
04:44:23,11
04:44:24,11
04:44:25,7
04:44:26,4
04:44:27,11
04:44:28,11
04:44:29,11
04:44:30,7
04:44:31,4
04:44:32,11
04:44:33,11
04:44:34,11
04:44:35,11
04:44:36,7
04:44:37,4
04:44:38,11
04:44:39,11
04:44:40,11
04:44:41,7
04:44:42,4
04:44:43,11
04:44:44,11
04:44:45,11
04:44:46,7
04:44:47,4
04:44:48,11
04:44:49,11
04:44:50,11
04:44:51,11
04:44:52,7
04:44:53,4
04:44:54,11
04:44:55,11
04:44:56,11
04:44:57,7
04:44:58,4
04:44:59,11
04:45:00,11
04:45:01,13
04:45:02,11
04:45:03,7
04:45:04,4
04:45:05,11
04:45:06,11
04:45:07,11
04:45:08,7
04:45:09,4
04:45:10,11
04:45:11,11
04:45:12,20
04:45:13,11
04:45:14,7
04:45:15,4
04:45:16,11
04:45:17,11
04:45:18,11
04:45:19,7
04:45:20,4
04:45:21,11
04:45:22,11
04:45:23,11
04:45:24,11
04:45:25,7
04:45:26,4
04:45:27,11
04:45:28,11
04:45:29,11
04:45:30,7
04:45:31,4
04:45:32,11
04:45:33,11
04:45:34,11
04:45:35,11
04:45:36,7
04:45:37,4
04:45:38,11
04:45:39,11
04:45:40,11
04:45:41,7
04:45:42,4
04:45:43,11
04:45:44,11
04:45:45,11
04:45:46,11
04:45:47,7
04:45:48,4
04:45:49,11
04:45:50,11
04:45:51,11
04:45:52,7
04:45:53,4
04:45:54,11
04:45:55,11
04:45:56,11
04:45:57,11
04:45:58,7
04:45:59,4
04:46:00,11
04:46:01,11
04:46:02,11
04:46:03,7
04:46:04,4
04:46:05,11
04:46:06,11
04:46:07,11
04:46:08,11
04:46:09,0
04:46:10,11
04:46:11,11
04:46:12,11
04:46:13,11
04:46:14,7
04:46:15,4
04:46:16,11
04:46:17,11
04:46:18,11
04:46:19,16
04:46:20,4
04:46:21,11
04:46:22,11
04:46:23,11
04:46:24,11
04:46:25,7
04:46:26,4
04:46:27,11
04:46:28,11
04:46:29,11
04:46:30,7
04:46:31,4
04:46:32,11
04:46:33,11
04:46:34,11
04:46:35,11
04:46:36,7
04:46:37,4
04:46:38,11
04:46:39,11
04:46:40,11
04:46:41,7
04:46:42,4
04:46:43,11
04:46:44,11
04:46:45,11
04:46:46,11
04:46:47,7
04:46:48,4
04:46:49,11
04:46:50,11
04:46:51,11
04:46:52,7
04:46:53,4
04:46:54,11
04:46:55,11
04:46:56,11
04:46:57,11
04:46:58,7
04:46:59,4
04:47:00,11
04:47:01,11
04:47:02,11
04:47:03,7
04:47:04,4
04:47:05,11
04:47:06,11
04:47:07,11
04:47:08,11
04:47:09,7
04:47:10,4
04:47:11,11
04:47:12,11
04:47:13,11
04:47:14,7
04:47:15,4
04:47:16,11
04:47:17,11
04:47:18,11
04:47:19,11
04:47:20,16
04:47:21,4
04:47:22,11
04:47:23,11
04:47:24,11
04:47:25,7
04:47:26,4
04:47:27,11
04:47:28,11
04:47:29,11
04:47:30,11
04:47:31,7
04:47:32,4
04:47:33,11
04:47:34,11
04:47:35,11
04:47:36,7
04:47:37,4
04:47:38,11
04:47:39,11
04:47:40,11
04:47:41,7
04:47:42,4
04:47:43,11
04:47:44,11
04:47:45,11
04:47:46,11
04:47:47,7
04:47:48,4
04:47:49,11
04:47:50,11
04:47:51,11
04:47:52,7
04:47:53,4
04:47:54,11
04:47:55,11
04:47:56,11
04:47:57,11
04:47:58,7
04:47:59,4
04:48:00,11
04:48:01,11
04:48:02,11
04:48:03,7
04:48:04,4
04:48:05,11
04:48:06,11
04:48:07,11
04:48:08,11
04:48:09,7
04:48:10,4
04:48:11,11
04:48:12,11
04:48:13,11
04:48:14,7
04:48:15,4
04:48:16,11
04:48:17,11
04:48:18,11
04:48:19,11
04:48:20,7
04:48:21,4
04:48:22,11
04:48:23,11
04:48:24,11
04:48:25,7
04:48:26,4
04:48:27,20
04:48:28,11
04:48:29,11
04:48:30,11
04:48:31,7
04:48:32,4
04:48:33,11
04:48:34,11
04:48:35,11
04:48:36,7
04:48:37,4
04:48:38,11
04:48:39,11
04:48:40,11
04:48:41,11
04:48:42,7
04:48:43,4
04:48:44,11
04:48:45,11
04:48:46,11
04:48:47,7
04:48:48,4
04:48:49,11
04:48:50,11
04:48:51,11
04:48:52,11
04:48:53,7
04:48:54,4
04:48:55,11
04:48:56,11
04:48:57,11
04:48:58,7
04:48:59,4
04:49:00,11
04:49:01,11
04:49:02,11
04:49:03,11
04:49:04,7
04:49:05,4
04:49:06,11
04:49:07,11
04:49:08,11
04:49:09,7
04:49:10,4
04:49:11,11
04:49:12,11
04:49:13,11
04:49:14,11
04:49:15,4
04:49:16,7
04:49:17,11
04:49:18,11
04:49:19,11
04:49:20,7
04:49:21,4
04:49:22,11
04:49:23,11
04:49:24,11
04:49:25,7
04:49:26,4
04:49:27,11
04:49:28,11
04:49:29,11
04:49:30,11
04:49:31,7
04:49:32,4
04:49:33,11
04:49:34,11
04:49:35,11
04:49:36,7
04:49:37,4
04:49:38,11
04:49:39,11
04:49:40,20
04:49:41,11
04:49:42,7
04:49:43,4
04:49:44,11
04:49:45,11
04:49:46,11
04:49:47,7
04:49:48,4
04:49:49,11
04:49:50,11
04:49:51,11
04:49:52,11
04:49:53,7
04:49:54,4
04:49:55,11
04:49:56,11
04:49:57,11
04:49:58,7
04:49:59,4
04:50:00,11
04:50:01,11
04:50:02,11
04:50:03,14
04:50:04,7
04:50:05,4
04:50:06,11
04:50:07,11
04:50:08,11
04:50:09,7
04:50:10,4
04:50:11,11
04:50:12,11
04:50:13,11
04:50:14,11
04:50:15,7
04:50:16,4
04:50:17,11
04:50:18,11
04:50:19,11
04:50:20,7
04:50:21,4
04:50:22,11
04:50:23,11
04:50:24,11
04:50:25,11
04:50:26,7
04:50:27,4
04:50:28,11
04:50:29,11
04:50:30,11
04:50:31,7
04:50:32,4
04:50:33,11
04:50:34,11
04:50:35,11
04:50:36,11
04:50:37,7
04:50:38,4
04:50:39,11
04:50:40,11
04:50:41,11
04:50:42,7
04:50:43,4
04:50:44,11
04:50:45,11
04:50:46,11
04:50:47,11
04:50:48,13
04:50:49,7
04:50:50,11
04:50:51,11
04:50:52,11
04:50:53,7
04:50:54,4
04:50:55,11
04:50:56,11
04:50:57,11
04:50:58,7
04:50:59,4
04:51:00,11
04:51:01,11
04:51:02,11
04:51:03,11
04:51:04,7
04:51:05,4
04:51:06,11
04:51:07,11
04:51:08,11
04:51:09,7
04:51:10,4
04:51:11,11
04:51:12,11
04:51:13,11
04:51:14,11
04:51:15,7
04:51:16,4
04:51:17,11
04:51:18,11
04:51:19,11
04:51:20,7
04:51:21,4
04:51:22,11
04:51:23,11
04:51:24,11
04:51:25,11
04:51:26,7
04:51:27,4
04:51:28,11
04:51:29,11
04:51:30,11
04:51:31,7
04:51:32,4
04:51:33,11
04:51:34,11
04:51:35,11
04:51:36,11
04:51:37,7
04:51:38,4
04:51:39,11
04:51:40,11
04:51:41,11
04:51:42,7
04:51:43,4
04:51:44,11
04:51:45,11
04:51:46,11
04:51:47,11
04:51:48,7
04:51:49,4
04:51:50,11
04:51:51,11
04:51:52,11
04:51:53,7
04:51:54,4
04:51:55,11
04:51:56,11
04:51:57,11
04:51:58,11
04:51:59,7
04:52:00,4
04:52:01,11
04:52:02,11
04:52:03,20
04:52:04,7
04:52:05,4
04:52:06,11
04:52:07,11
04:52:08,11
04:52:09,11
04:52:10,7
04:52:11,4
04:52:12,11
04:52:13,11
04:52:14,11
04:52:15,7
04:52:16,4
04:52:17,11
04:52:18,11
04:52:19,11
04:52:20,10
04:52:21,1
04:52:22,11
04:52:23,11
04:52:24,11
04:52:25,11
04:52:26,7
04:52:27,4
04:52:28,11
04:52:29,11
04:52:30,11
04:52:31,7
04:52:32,4
04:52:33,11
04:52:34,11
04:52:35,11
04:52:36,11
04:52:37,7
04:52:38,4
04:52:39,11
04:52:40,11
04:52:41,11
04:52:42,7
04:52:43,4
04:52:44,11
04:52:45,11
04:52:46,11
04:52:47,11
04:52:48,7
04:52:49,4
04:52:50,11
04:52:51,11
04:52:52,11
04:52:53,7
04:52:54,4
04:52:55,11
04:52:56,11
04:52:57,11
04:52:58,11
04:52:59,7
04:53:00,4
04:53:01,11
04:53:02,11
04:53:03,11
04:53:04,7
04:53:05,4
04:53:06,11
04:53:07,20
04:53:08,11
04:53:09,11
04:53:10,7
04:53:11,4
04:53:12,11
04:53:13,11
04:53:14,11
04:53:15,7
04:53:16,4
04:53:17,11
04:53:18,11
04:53:19,11
04:53:20,11
04:53:21,7
04:53:22,4
04:53:23,11
04:53:24,11
04:53:25,11
04:53:26,7
04:53:27,4
04:53:28,11
04:53:29,11
04:53:30,11
04:53:31,11
04:53:32,7
04:53:33,4
04:53:34,11
04:53:35,11
04:53:36,11
04:53:37,7
04:53:38,4
04:53:39,11
04:53:40,11
04:53:41,11
04:53:42,11
04:53:43,7
04:53:44,4
04:53:45,11
04:53:46,11
04:53:47,11
04:53:48,7
04:53:49,4
04:53:50,11
04:53:51,11
04:53:52,11
04:53:53,11
04:53:54,7
04:53:55,4
04:53:56,11
04:53:57,11
04:53:58,11
04:53:59,7
04:54:00,4
04:54:01,11
04:54:02,11
04:54:03,11
04:54:04,11
04:54:05,4
04:54:06,7
04:54:07,11
04:54:08,11
04:54:09,11
04:54:10,7
04:54:11,4
04:54:12,11
04:54:13,11
04:54:14,11
04:54:15,7
04:54:16,4
04:54:17,11
04:54:18,11
04:54:19,11
04:54:20,11
04:54:21,7
04:54:22,13
04:54:23,11
04:54:24,11
04:54:25,11
04:54:26,7
04:54:27,4
04:54:28,11
04:54:29,11
04:54:30,11
04:54:31,11
04:54:32,7
04:54:33,4
04:54:34,11
04:54:35,11
04:54:36,11
04:54:37,7
04:54:38,4
04:54:39,11
04:54:40,11
04:54:41,11
04:54:42,11
04:54:43,7
04:54:44,4
04:54:45,11
04:54:46,11
04:54:47,11
04:54:48,7
04:54:49,4
04:54:50,11
04:54:51,11
04:54:52,11
04:54:53,11
04:54:54,7
04:54:55,4
04:54:56,11
04:54:57,11
04:54:58,11
04:54:59,7
04:55:00,4
04:55:01,13
04:55:02,11
04:55:03,11
04:55:04,11
04:55:05,7
04:55:06,4
04:55:07,11
04:55:08,11
04:55:09,11
04:55:10,7
04:55:11,4
04:55:12,11
04:55:13,11
04:55:14,11
04:55:15,11
04:55:16,7
04:55:17,4
04:55:18,11
04:55:19,11
04:55:20,11
04:55:21,7
04:55:22,4
04:55:23,11
04:55:24,11
04:55:25,11
04:55:26,11
04:55:27,7
04:55:28,4
04:55:29,11
04:55:30,11
04:55:31,11
04:55:32,7
04:55:33,4
04:55:34,11
04:55:35,11
04:55:36,11
04:55:37,11
04:55:38,4
04:55:39,7
04:55:40,20
04:55:41,11
04:55:42,11
04:55:43,7
04:55:44,4
04:55:45,11
04:55:46,11
04:55:47,11
04:55:48,7
04:55:49,4
04:55:50,11
04:55:51,11
04:55:52,11
04:55:53,11
04:55:54,7
04:55:55,4
04:55:56,11
04:55:57,11
04:55:58,11
04:55:59,7
04:56:00,4
04:56:01,11
04:56:02,11
04:56:03,11
04:56:04,11
04:56:05,7
04:56:06,4
04:56:07,11
04:56:08,11
04:56:09,11
04:56:10,7
04:56:11,4
04:56:12,11
04:56:13,11
04:56:14,11
04:56:15,11
04:56:16,7
04:56:17,4
04:56:18,11
04:56:19,11
04:56:20,11
04:56:21,7
04:56:22,4
04:56:23,11
04:56:24,11
04:56:25,11
04:56:26,11
04:56:27,7
04:56:28,4
04:56:29,11
04:56:30,11
04:56:31,11
04:56:32,7
04:56:33,4
04:56:34,11
04:56:35,11
04:56:36,11
04:56:37,11
04:56:38,7
04:56:39,4
04:56:40,11
04:56:41,11
04:56:42,11
04:56:43,7
04:56:44,4
04:56:45,11
04:56:46,11
04:56:47,11
04:56:48,11
04:56:49,7
04:56:50,4
04:56:51,11
04:56:52,11
04:56:53,11
04:56:54,7
04:56:55,4
04:56:56,11
04:56:57,11
04:56:58,11
04:56:59,20
04:57:00,7
04:57:01,4
04:57:02,11
04:57:03,11
04:57:04,11
04:57:05,7
04:57:06,4
04:57:07,11
04:57:08,11
04:57:09,11
04:57:10,11
04:57:11,4
04:57:12,7
04:57:13,11
04:57:14,11
04:57:15,11
04:57:16,7
04:57:17,4
04:57:18,11
04:57:19,11
04:57:20,11
04:57:21,7
04:57:22,4
04:57:23,11
04:57:24,11
04:57:25,11
04:57:26,11
04:57:27,7
04:57:28,4
04:57:29,11
04:57:30,11
04:57:31,11
04:57:32,7
04:57:33,4
04:57:34,11
04:57:35,11
04:57:36,11
04:57:37,11
04:57:38,7
04:57:39,4
04:57:40,11
04:57:41,11
04:57:42,11
04:57:43,7
04:57:44,4
04:57:45,11
04:57:46,11
04:57:47,11
04:57:48,11
04:57:49,7
04:57:50,4
04:57:51,11
04:57:52,11
04:57:53,11
04:57:54,7
04:57:55,4
04:57:56,11
04:57:57,11
04:57:58,11
04:57:59,11
04:58:00,7
04:58:01,4
04:58:02,11
04:58:03,11
04:58:04,11
04:58:05,7
04:58:06,4
04:58:07,11
04:58:08,11
04:58:09,11
04:58:10,11
04:58:11,7
04:58:12,13
04:58:13,11
04:58:14,11
04:58:15,11
04:58:16,7
04:58:17,4
04:58:18,11
04:58:19,11
04:58:20,11
04:58:21,11
04:58:22,7
04:58:23,4
04:58:24,11
04:58:25,11
04:58:26,11
04:58:27,7
04:58:28,4
04:58:29,11
04:58:30,11
04:58:31,11
04:58:32,11
04:58:33,7
04:58:34,4
04:58:35,11
04:58:36,11
04:58:37,11
04:58:38,7
04:58:39,4
04:58:40,11
04:58:41,11
04:58:42,11
04:58:43,11
04:58:44,4
04:58:45,7
04:58:46,11
04:58:47,11
04:58:48,11
04:58:49,7
04:58:50,4
04:58:51,11
04:58:52,11
04:58:53,11
04:58:54,7
04:58:55,4
04:58:56,11
04:58:57,11
04:58:58,11
04:58:59,11
04:59:00,7
04:59:01,4
04:59:02,11
04:59:03,11
04:59:04,11
04:59:05,7
04:59:06,4
04:59:07,11
04:59:08,11
04:59:09,11
04:59:10,11
04:59:11,7
04:59:12,4
04:59:13,11
04:59:14,11
04:59:15,11
04:59:16,7
04:59:17,4
04:59:18,11
04:59:19,11
04:59:20,11
04:59:21,20
04:59:22,7
04:59:23,4
04:59:24,11
04:59:25,11
04:59:26,11
04:59:27,7
04:59:28,4
04:59:29,11
04:59:30,11
04:59:31,11
04:59:32,11
04:59:33,7
04:59:34,4
04:59:35,11
04:59:36,11
04:59:37,11
04:59:38,7
04:59:39,4
04:59:40,11
04:59:41,11
04:59:42,11
04:59:43,11
04:59:44,7
04:59:45,4
04:59:46,11
04:59:47,11
04:59:48,11
04:59:49,7
04:59:50,4
04:59:51,11
04:59:52,11
04:59:53,11
04:59:54,11
04:59:55,7
04:59:56,4
04:59:57,11
04:59:58,11
04:59:59,11
05:00:00,7
05:00:01,4
05:00:02,11
05:00:03,14
05:00:04,11
05:00:05,10
05:00:06,1
05:00:07,11
05:00:08,11
05:00:09,11
05:00:10,11
05:00:11,7
05:00:12,4
05:00:13,11
05:00:14,11
05:00:15,11
05:00:16,7
05:00:17,4
05:00:18,11
05:00:19,11
05:00:20,11
05:00:21,11
05:00:22,7
05:00:23,4
05:00:24,11
05:00:25,11
05:00:26,11
05:00:27,7
05:00:28,4
05:00:29,11
05:00:30,20
05:00:31,11
05:00:32,11
05:00:33,7
05:00:34,4
05:00:35,11
05:00:36,11
05:00:37,11
05:00:38,7
05:00:39,4
05:00:40,11
05:00:41,11
05:00:42,11
05:00:43,11
05:00:44,7
05:00:45,4
05:00:46,11
05:00:47,11
05:00:48,11
05:00:49,7
05:00:50,4
05:00:51,11
05:00:52,11
05:00:53,11
05:00:54,11
05:00:55,7
05:00:56,4
05:00:57,11
05:00:58,11
05:00:59,11
05:01:00,7
05:01:01,4
05:01:02,11
05:01:03,11
05:01:04,11
05:01:05,11
05:01:06,7
05:01:07,4
05:01:08,11
05:01:09,11
05:01:10,11
05:01:11,7
05:01:12,4
05:01:13,11
05:01:14,11
05:01:15,11
05:01:16,11
05:01:17,7
05:01:18,4
05:01:19,11
05:01:20,11
05:01:21,11
05:01:22,7
05:01:23,4
05:01:24,11
05:01:25,11
05:01:26,11
05:01:27,11
05:01:28,7
05:01:29,4
05:01:30,11
05:01:31,11
05:01:32,11
05:01:33,7
05:01:34,4
05:01:35,11
05:01:36,11
05:01:37,11
05:01:38,7
05:01:39,4
05:01:40,11
05:01:41,11
05:01:42,11
05:01:43,11
05:01:44,7
05:01:45,4
05:01:46,11
05:01:47,20
05:01:48,11
05:01:49,7
05:01:50,4
05:01:51,11
05:01:52,11
05:01:53,11
05:01:54,11
05:01:55,7
05:01:56,4
05:01:57,11
05:01:58,11
05:01:59,11
05:02:00,7
05:02:01,4
05:02:02,11
05:02:03,11
05:02:04,11
05:02:05,11
05:02:06,7
05:02:07,4
05:02:08,11
05:02:09,11
05:02:10,11
05:02:11,7
05:02:12,4
05:02:13,11
05:02:14,11
05:02:15,11
05:02:16,11
05:02:17,7
05:02:18,4
05:02:19,11
05:02:20,11
05:02:21,11
05:02:22,7
05:02:23,4
05:02:24,11
05:02:25,11
05:02:26,11
05:02:27,11
05:02:28,7
05:02:29,4
05:02:30,11
05:02:31,11
05:02:32,11
05:02:33,7
05:02:34,4
05:02:35,11
05:02:36,11
05:02:37,11
05:02:38,11
05:02:39,7
05:02:40,4
05:02:41,11
05:02:42,11
05:02:43,11
05:02:44,7
05:02:45,4
05:02:46,11
05:02:47,11
05:02:48,11
05:02:49,11
05:02:50,7
05:02:51,4
05:02:52,11
05:02:53,11
05:02:54,11
05:02:55,7
05:02:56,4
05:02:57,11
05:02:58,20
05:02:59,11
05:03:00,11
05:03:01,0
05:03:02,11
05:03:03,11
05:03:04,11
05:03:05,11
05:03:06,7
05:03:07,4
05:03:08,11
05:03:09,11
05:03:10,11
05:03:11,7
05:03:12,4
05:03:13,11
05:03:14,11
05:03:15,11
05:03:16,11
05:03:17,7
05:03:18,4
05:03:19,11
05:03:20,11
05:03:21,11
05:03:22,7
05:03:23,4
05:03:24,11
05:03:25,11
05:03:26,11
05:03:27,11
05:03:28,7
05:03:29,4
05:03:30,11
05:03:31,11
05:03:32,11
05:03:33,7
05:03:34,4
05:03:35,11
05:03:36,11
05:03:37,11
05:03:38,11
05:03:39,7
05:03:40,4
05:03:41,11
05:03:42,11
05:03:43,11
05:03:44,7
05:03:45,4
05:03:46,11
05:03:47,11
05:03:48,11
05:03:49,11
05:03:50,7
05:03:51,4
05:03:52,11
05:03:53,11
05:03:54,11
05:03:55,7
05:03:56,4
05:03:57,11
05:03:58,11
05:03:59,11
05:04:00,11
05:04:01,7
05:04:02,4
05:04:03,11
05:04:04,11
05:04:05,11
05:04:06,7
05:04:07,4
05:04:08,11
05:04:09,20
05:04:10,11
05:04:11,11
05:04:12,7
05:04:13,4
05:04:14,11
05:04:15,11
05:04:16,11
05:04:17,7
05:04:18,4
05:04:19,11
05:04:20,11
05:04:21,11
05:04:22,11
05:04:23,7
05:04:24,4
05:04:25,11
05:04:26,11
05:04:27,11
05:04:28,7
05:04:29,4
05:04:30,11
05:04:31,11
05:04:32,11
05:04:33,11
05:04:34,7
05:04:35,4
05:04:36,11
05:04:37,11
05:04:38,11
05:04:39,7
05:04:40,4
05:04:41,11
05:04:42,11
05:04:43,11
05:04:44,7
05:04:45,4
05:04:46,11
05:04:47,11
05:04:48,11
05:04:49,11
05:04:50,7
05:04:51,4
05:04:52,11
05:04:53,11
05:04:54,11
05:04:55,7
05:04:56,4
05:04:57,11
05:04:58,11
05:04:59,11
05:05:00,11
05:05:01,9
05:05:02,4
05:05:03,11
05:05:04,11
05:05:05,11
05:05:06,7
05:05:07,4
05:05:08,11
05:05:09,11
05:05:10,11
05:05:11,11
05:05:12,7
05:05:13,4
05:05:14,11
05:05:15,11
05:05:16,11
05:05:17,7
05:05:18,4
05:05:19,11
05:05:20,11
05:05:21,11
05:05:22,11
05:05:23,7
05:05:24,4
05:05:25,11
05:05:26,11
05:05:27,20
05:05:28,7
05:05:29,4
05:05:30,11
05:05:31,11
05:05:32,11
05:05:33,11
05:05:34,7
05:05:35,4
05:05:36,11
05:05:37,11
05:05:38,11
05:05:39,7
05:05:40,4
05:05:41,11
05:05:42,11
05:05:43,11
05:05:44,11
05:05:45,7
05:05:46,4
05:05:47,11
05:05:48,11
05:05:49,11
05:05:50,7
05:05:51,4
05:05:52,11
05:05:53,11
05:05:54,11
05:05:55,11
05:05:56,7
05:05:57,4
05:05:58,11
05:05:59,11
05:06:00,11
05:06:01,7
05:06:02,4
05:06:03,11
05:06:04,11
05:06:05,11
05:06:06,11
05:06:07,4
05:06:08,7
05:06:09,11
05:06:10,11
05:06:11,11
05:06:12,7
05:06:13,4
05:06:14,11
05:06:15,11
05:06:16,11
05:06:17,7
05:06:18,4
05:06:19,11
05:06:20,11
05:06:21,11
05:06:22,11
05:06:23,7
05:06:24,4
05:06:25,11
05:06:26,11
05:06:27,11
05:06:28,7
05:06:29,4
05:06:30,11
05:06:31,11
05:06:32,11
05:06:33,11
05:06:34,7
05:06:35,4
05:06:36,20
05:06:37,11
05:06:38,11
05:06:39,7
05:06:40,4
05:06:41,11
05:06:42,11
05:06:43,11
05:06:44,11
05:06:45,7
05:06:46,4
05:06:47,11
05:06:48,11
05:06:49,11
05:06:50,7
05:06:51,4
05:06:52,11
05:06:53,11
05:06:54,11
05:06:55,11
05:06:56,7
05:06:57,4
05:06:58,11
05:06:59,11
05:07:00,11
05:07:01,7
05:07:02,4
05:07:03,11
05:07:04,11
05:07:05,11
05:07:06,11
05:07:07,7
05:07:08,4
05:07:09,11
05:07:10,11
05:07:11,11
05:07:12,7
05:07:13,4
05:07:14,11
05:07:15,11
05:07:16,11
05:07:17,11
05:07:18,7
05:07:19,4
05:07:20,11
05:07:21,11
05:07:22,11
05:07:23,7
05:07:24,4
05:07:25,11
05:07:26,11
05:07:27,11
05:07:28,11
05:07:29,7
05:07:30,4
05:07:31,11
05:07:32,11
05:07:33,11
05:07:34,7
05:07:35,4
05:07:36,11
05:07:37,11
05:07:38,11
05:07:39,11
05:07:40,7
05:07:41,4
05:07:42,11
05:07:43,11
05:07:44,11
05:07:45,7
05:07:46,4
05:07:47,11
05:07:48,11
05:07:49,11
05:07:50,11
05:07:51,7
05:07:52,13
05:07:53,11
05:07:54,11
05:07:55,11
05:07:56,7
05:07:57,4
05:07:58,11
05:07:59,11
05:08:00,11
05:08:01,7
05:08:02,4
05:08:03,11
05:08:04,11
05:08:05,11
05:08:06,11
05:08:07,7
05:08:08,4
05:08:09,11
05:08:10,11
05:08:11,11
05:08:12,7
05:08:13,4
05:08:14,11
05:08:15,11
05:08:16,11
05:08:17,11
05:08:18,7
05:08:19,4
05:08:20,11
05:08:21,11
05:08:22,11
05:08:23,7
05:08:24,4
05:08:25,11
05:08:26,11
05:08:27,11
05:08:28,11
05:08:29,7
05:08:30,4
05:08:31,11
05:08:32,11
05:08:33,11
05:08:34,7
05:08:35,4
05:08:36,11
05:08:37,11
05:08:38,11
05:08:39,11
05:08:40,7
05:08:41,4
05:08:42,11
05:08:43,11
05:08:44,11
05:08:45,7
05:08:46,4
05:08:47,11
05:08:48,11
05:08:49,11
05:08:50,11
05:08:51,7
05:08:52,4
05:08:53,11
05:08:54,11
05:08:55,11
05:08:56,7
05:08:57,4
05:08:58,11
05:08:59,11
05:09:00,11
05:09:01,11
05:09:02,7
05:09:03,4
05:09:04,11
05:09:05,11
05:09:06,11
05:09:07,7
05:09:08,4
05:09:09,11
05:09:10,20
05:09:11,11
05:09:12,11
05:09:13,7
05:09:14,4
05:09:15,11
05:09:16,11
05:09:17,11
05:09:18,7
05:09:19,4
05:09:20,11
05:09:21,11
05:09:22,11
05:09:23,7
05:09:24,4
05:09:25,11
05:09:26,11
05:09:27,11
05:09:28,11
05:09:29,7
05:09:30,4
05:09:31,11
05:09:32,11
05:09:33,11
05:09:34,7
05:09:35,4
05:09:36,11
05:09:37,11
05:09:38,11
05:09:39,11
05:09:40,7
05:09:41,4
05:09:42,11
05:09:43,11
05:09:44,11
05:09:45,7
05:09:46,4
05:09:47,11
05:09:48,11
05:09:49,11
05:09:50,11
05:09:51,7
05:09:52,4
05:09:53,11
05:09:54,11
05:09:55,11
05:09:56,7
05:09:57,4
05:09:58,11
05:09:59,11
05:10:00,11
05:10:01,11
05:10:02,7
05:10:03,7
05:10:04,11
05:10:05,11
05:10:06,11
05:10:07,7
05:10:08,4
05:10:09,11
05:10:10,11
05:10:11,11
05:10:12,11
05:10:13,7
05:10:14,4
05:10:15,11
05:10:16,11
05:10:17,11
05:10:18,7
05:10:19,4
05:10:20,11
05:10:21,11
05:10:22,11
05:10:23,20
05:10:24,7
05:10:25,4
05:10:26,11
05:10:27,11
05:10:28,11
05:10:29,7
05:10:30,4
05:10:31,11
05:10:32,11
05:10:33,11
05:10:34,11
05:10:35,7
05:10:36,4
05:10:37,11
05:10:38,11
05:10:39,11
05:10:40,7
05:10:41,4
05:10:42,11
05:10:43,11
05:10:44,11
05:10:45,11
05:10:46,4
05:10:47,7
05:10:48,11
05:10:49,11
05:10:50,11
05:10:51,7
05:10:52,4
05:10:53,11
05:10:54,11
05:10:55,11
05:10:56,7
05:10:57,4
05:10:58,11
05:10:59,11
05:11:00,11
05:11:01,11
05:11:02,7
05:11:03,4
05:11:04,11
05:11:05,11
05:11:06,11
05:11:07,7
05:11:08,4
05:11:09,11
05:11:10,11
05:11:11,11
05:11:12,11
05:11:13,7
05:11:14,4
05:11:15,11
05:11:16,11
05:11:17,11
05:11:18,7
05:11:19,4
05:11:20,11
05:11:21,11
05:11:22,11
05:11:23,11
05:11:24,7
05:11:25,4
05:11:26,11
05:11:27,11
05:11:28,11
05:11:29,7
05:11:30,4
05:11:31,11
05:11:32,20
05:11:33,11
05:11:34,11
05:11:35,7
05:11:36,4
05:11:37,11
05:11:38,11
05:11:39,11
05:11:40,7
05:11:41,4
05:11:42,11
05:11:43,11
05:11:44,11
05:11:45,11
05:11:46,7
05:11:47,4
05:11:48,11
05:11:49,11
05:11:50,11
05:11:51,7
05:11:52,4
05:11:53,11
05:11:54,11
05:11:55,11
05:11:56,11
05:11:57,7
05:11:58,4
05:11:59,11
05:12:00,11
05:12:01,11
05:12:02,7
05:12:03,4
05:12:04,11
05:12:05,11
05:12:06,11
05:12:07,11
05:12:08,7
05:12:09,4
05:12:10,11
05:12:11,11
05:12:12,11
05:12:13,7
05:12:14,4
05:12:15,11
05:12:16,11
05:12:17,11
05:12:18,9
05:12:19,2
05:12:20,11
05:12:21,11
05:12:22,11
05:12:23,11
05:12:24,7
05:12:25,4
05:12:26,11
05:12:27,11
05:12:28,11
05:12:29,7
05:12:30,4
05:12:31,11
05:12:32,11
05:12:33,11
05:12:34,11
05:12:35,7
05:12:36,4
05:12:37,11
05:12:38,11
05:12:39,11
05:12:40,7
05:12:41,13
05:12:42,11
05:12:43,11
05:12:44,11
05:12:45,11
05:12:46,7
05:12:47,4
05:12:48,11
05:12:49,11
05:12:50,11
05:12:51,7
05:12:52,4
05:12:53,11
05:12:54,11
05:12:55,11
05:12:56,11
05:12:57,7
05:12:58,4
05:12:59,11
05:13:00,11
05:13:01,11
05:13:02,7
05:13:03,4
05:13:04,11
05:13:05,11
05:13:06,11
05:13:07,11
05:13:08,7
05:13:09,4
05:13:10,11
05:13:11,11
05:13:12,11
05:13:13,7
05:13:14,4
05:13:15,11
05:13:16,11
05:13:17,11
05:13:18,11
05:13:19,7
05:13:20,4
05:13:21,11
05:13:22,11
05:13:23,11
05:13:24,7
05:13:25,4
05:13:26,11
05:13:27,11
05:13:28,11
05:13:29,11
05:13:30,7
05:13:31,4
05:13:32,11
05:13:33,11
05:13:34,11
05:13:35,7
05:13:36,4
05:13:37,11
05:13:38,11
05:13:39,11
05:13:40,11
05:13:41,4
05:13:42,7
05:13:43,11
05:13:44,11
05:13:45,11
05:13:46,7
05:13:47,4
05:13:48,20
05:13:49,11
05:13:50,11
05:13:51,7
05:13:52,4
05:13:53,11
05:13:54,11
05:13:55,11
05:13:56,11
05:13:57,7
05:13:58,4
05:13:59,11
05:14:00,11
05:14:01,11
05:14:02,7
05:14:03,4
05:14:04,11
05:14:05,11
05:14:06,11
05:14:07,11
05:14:08,7
05:14:09,4
05:14:10,11
05:14:11,11
05:14:12,11
05:14:13,7
05:14:14,4
05:14:15,11
05:14:16,11
05:14:17,11
05:14:18,11
05:14:19,7
05:14:20,4
05:14:21,11
05:14:22,11
05:14:23,11
05:14:24,7
05:14:25,4
05:14:26,11
05:14:27,11
05:14:28,11
05:14:29,11
05:14:30,7
05:14:31,4
05:14:32,11
05:14:33,11
05:14:34,11
05:14:35,7
05:14:36,4
05:14:37,11
05:14:38,11
05:14:39,11
05:14:40,11
05:14:41,7
05:14:42,4
05:14:43,11
05:14:44,11
05:14:45,11
05:14:46,7
05:14:47,4
05:14:48,11
05:14:49,11
05:14:50,11
05:14:51,11
05:14:52,7
05:14:53,4
05:14:54,11
05:14:55,11
05:14:56,11
05:14:57,7
05:14:58,4
05:14:59,11
05:15:00,20
05:15:01,13
05:15:02,11
05:15:03,7
05:15:04,4
05:15:05,11
05:15:06,11
05:15:07,11
05:15:08,7
05:15:09,4
05:15:10,11
05:15:11,11
05:15:12,11
05:15:13,7
05:15:14,4
05:15:15,11
05:15:16,11
05:15:17,11
05:15:18,11
05:15:19,7
05:15:20,4
05:15:21,11
05:15:22,11
05:15:23,11
05:15:24,7
05:15:25,4
05:15:26,11
05:15:27,11
05:15:28,11
05:15:29,11
05:15:30,7
05:15:31,4
05:15:32,11
05:15:33,11
05:15:34,11
05:15:35,7
05:15:36,4
05:15:37,11
05:15:38,11
05:15:39,11
05:15:40,11
05:15:41,7
05:15:42,4
05:15:43,11
05:15:44,11
05:15:45,11
05:15:46,7
05:15:47,4
05:15:48,11
05:15:49,11
05:15:50,11
05:15:51,11
05:15:52,7
05:15:53,4
05:15:54,11
05:15:55,11
05:15:56,11
05:15:57,7
05:15:58,4
05:15:59,11
05:16:00,11
05:16:01,11
05:16:02,11
05:16:03,7
05:16:04,4
05:16:05,11
05:16:06,11
05:16:07,11
05:16:08,7
05:16:09,4
05:16:10,11
05:16:11,11
05:16:12,11
05:16:13,11
05:16:14,7
05:16:15,13
05:16:16,11
05:16:17,11
05:16:18,11
05:16:19,7
05:16:20,4
05:16:21,11
05:16:22,11
05:16:23,11
05:16:24,11
05:16:25,6
05:16:26,5
05:16:27,11
05:16:28,11
05:16:29,11
05:16:30,7
05:16:31,4
05:16:32,11
05:16:33,11
05:16:34,11
05:16:35,7
05:16:36,4
05:16:37,11
05:16:38,11
05:16:39,11
05:16:40,11
05:16:41,7
05:16:42,4
05:16:43,11
05:16:44,11
05:16:45,11
05:16:46,7
05:16:47,4
05:16:48,11
05:16:49,11
05:16:50,11
05:16:51,11
05:16:52,7
05:16:53,4
05:16:54,11
05:16:55,11
05:16:56,11
05:16:57,7
05:16:58,4
05:16:59,11
05:17:00,11
05:17:01,13
05:17:02,11
05:17:03,7
05:17:04,4
05:17:05,11
05:17:06,11
05:17:07,11
05:17:08,7
05:17:09,4
05:17:10,11
05:17:11,11
05:17:12,11
05:17:13,11
05:17:14,7
05:17:15,4
05:17:16,11
05:17:17,11
05:17:18,11
05:17:19,7
05:17:20,4
05:17:21,11
05:17:22,11
05:17:23,11
05:17:24,11
05:17:25,7
05:17:26,13
05:17:27,11
05:17:28,11
05:17:29,11
05:17:30,7
05:17:31,4
05:17:32,11
05:17:33,11
05:17:34,11
05:17:35,11
05:17:36,7
05:17:37,4
05:17:38,11
05:17:39,11
05:17:40,11
05:17:41,7
05:17:42,4
05:17:43,11
05:17:44,11
05:17:45,11
05:17:46,11
05:17:47,7
05:17:48,4
05:17:49,11
05:17:50,11
05:17:51,11
05:17:52,7
05:17:53,4
05:17:54,11
05:17:55,11
05:17:56,11
05:17:57,11
05:17:58,7
05:17:59,4
05:18:00,11
05:18:01,11
05:18:02,11
05:18:03,7
05:18:04,4
05:18:05,11
05:18:06,11
05:18:07,11
05:18:08,7
05:18:09,4
05:18:10,11
05:18:11,11
05:18:12,11
05:18:13,11
05:18:14,7
05:18:15,4
05:18:16,11
05:18:17,11
05:18:18,11
05:18:19,7
05:18:20,4
05:18:21,11
05:18:22,11
05:18:23,11
05:18:24,11
05:18:25,7
05:18:26,4
05:18:27,11
05:18:28,11
05:18:29,11
05:18:30,7
05:18:31,4
05:18:32,11
05:18:33,11
05:18:34,11
05:18:35,11
05:18:36,7
05:18:37,4
05:18:38,11
05:18:39,11
05:18:40,11
05:18:41,7
05:18:42,4
05:18:43,11
05:18:44,20
05:18:45,11
05:18:46,11
05:18:47,7
05:18:48,4
05:18:49,11
05:18:50,11
05:18:51,11
05:18:52,7
05:18:53,4
05:18:54,11
05:18:55,11
05:18:56,11
05:18:57,11
05:18:58,7
05:18:59,4
05:19:00,11
05:19:01,11
05:19:02,11
05:19:03,7
05:19:04,4
05:19:05,11
05:19:06,11
05:19:07,11
05:19:08,11
05:19:09,7
05:19:10,4
05:19:11,11
05:19:12,11
05:19:13,11
05:19:14,7
05:19:15,4
05:19:16,11
05:19:17,11
05:19:18,11
05:19:19,11
05:19:20,7
05:19:21,4
05:19:22,11
05:19:23,11
05:19:24,11
05:19:25,7
05:19:26,4
05:19:27,11
05:19:28,11
05:19:29,11
05:19:30,11
05:19:31,4
05:19:32,7
05:19:33,11
05:19:34,11
05:19:35,11
05:19:36,7
05:19:37,4
05:19:38,11
05:19:39,11
05:19:40,11
05:19:41,7
05:19:42,4
05:19:43,11
05:19:44,11
05:19:45,11
05:19:46,11
05:19:47,7
05:19:48,4
05:19:49,11
05:19:50,11
05:19:51,11
05:19:52,7
05:19:53,4
05:19:54,11
05:19:55,11
05:19:56,20
05:19:57,11
05:19:58,7
05:19:59,4
05:20:00,11
05:20:01,11
05:20:02,11
05:20:03,10
05:20:04,4
05:20:05,11
05:20:06,11
05:20:07,11
05:20:08,11
05:20:09,7
05:20:10,4
05:20:11,11
05:20:12,11
05:20:13,11
05:20:14,7
05:20:15,4
05:20:16,11
05:20:17,11
05:20:18,11
05:20:19,11
05:20:20,7
05:20:21,4
05:20:22,11
05:20:23,11
05:20:24,11
05:20:25,7
05:20:26,4
05:20:27,11
05:20:28,11
05:20:29,11
05:20:30,11
05:20:31,7
05:20:32,4
05:20:33,11
05:20:34,11
05:20:35,11
05:20:36,7
05:20:37,4
05:20:38,11
05:20:39,11
05:20:40,11
05:20:41,11
05:20:42,7
05:20:43,4
05:20:44,11
05:20:45,11
05:20:46,11
05:20:47,7
05:20:48,4
05:20:49,11
05:20:50,11
05:20:51,11
05:20:52,11
05:20:53,7
05:20:54,4
05:20:55,11
05:20:56,11
05:20:57,11
05:20:58,7
05:20:59,4
05:21:00,11
05:21:01,11
05:21:02,11
05:21:03,7
05:21:04,4
05:21:05,11
05:21:06,11
05:21:07,11
05:21:08,11
05:21:09,7
05:21:10,13
05:21:11,11
05:21:12,11
05:21:13,11
05:21:14,7
05:21:15,4
05:21:16,11
05:21:17,11
05:21:18,11
05:21:19,11
05:21:20,7
05:21:21,4
05:21:22,11
05:21:23,11
05:21:24,11
05:21:25,7
05:21:26,4
05:21:27,11
05:21:28,11
05:21:29,11
05:21:30,11
05:21:31,7
05:21:32,4
05:21:33,11
05:21:34,11
05:21:35,11
05:21:36,7
05:21:37,4
05:21:38,11
05:21:39,11
05:21:40,11
05:21:41,11
05:21:42,7
05:21:43,4
05:21:44,11
05:21:45,11
05:21:46,11
05:21:47,7
05:21:48,4
05:21:49,11
05:21:50,11
05:21:51,11
05:21:52,11
05:21:53,7
05:21:54,4
05:21:55,11
05:21:56,11
05:21:57,11
05:21:58,7
05:21:59,4
05:22:00,11
05:22:01,11
05:22:02,11
05:22:03,11
05:22:04,7
05:22:05,4
05:22:06,11
05:22:07,11
05:22:08,11
05:22:09,7
05:22:10,4
05:22:11,11
05:22:12,11
05:22:13,11
05:22:14,11
05:22:15,4
05:22:16,7
05:22:17,11
05:22:18,11
05:22:19,11
05:22:20,7
05:22:21,4
05:22:22,11
05:22:23,20
05:22:24,11
05:22:25,7
05:22:26,4
05:22:27,11
05:22:28,11
05:22:29,11
05:22:30,11
05:22:31,7
05:22:32,4
05:22:33,11
05:22:34,11
05:22:35,11
05:22:36,7
05:22:37,4
05:22:38,11
05:22:39,11
05:22:40,11
05:22:41,11
05:22:42,7
05:22:43,4
05:22:44,11
05:22:45,11
05:22:46,11
05:22:47,7
05:22:48,4
05:22:49,11
05:22:50,11
05:22:51,11
05:22:52,11
05:22:53,7
05:22:54,4
05:22:55,11
05:22:56,11
05:22:57,11
05:22:58,7
05:22:59,4
05:23:00,11
05:23:01,11
05:23:02,11
05:23:03,11
05:23:04,7
05:23:05,4
05:23:06,11
05:23:07,11
05:23:08,11
05:23:09,7
05:23:10,4
05:23:11,11
05:23:12,11
05:23:13,11
05:23:14,11
05:23:15,7
05:23:16,4
05:23:17,11
05:23:18,11
05:23:19,11
05:23:20,7
05:23:21,4
05:23:22,11
05:23:23,11
05:23:24,11
05:23:25,11
05:23:26,7
05:23:27,4
05:23:28,11
05:23:29,11
05:23:30,11
05:23:31,7
05:23:32,4
05:23:33,20
05:23:34,11
05:23:35,11
05:23:36,11
05:23:37,7
05:23:38,4
05:23:39,11
05:23:40,11
05:23:41,11
05:23:42,7
05:23:43,4
05:23:44,11
05:23:45,11
05:23:46,11
05:23:47,7
05:23:48,4
05:23:49,11
05:23:50,11
05:23:51,11
05:23:52,11
05:23:53,7
05:23:54,4
05:23:55,11
05:23:56,11
05:23:57,11
05:23:58,7
05:23:59,4
05:24:00,11
05:24:01,11
05:24:02,11
05:24:03,11
05:24:04,7
05:24:05,4
05:24:06,11
05:24:07,11
05:24:08,11
05:24:09,7
05:24:10,4
05:24:11,11
05:24:12,11
05:24:13,11
05:24:14,11
05:24:15,7
05:24:16,4
05:24:17,11
05:24:18,11
05:24:19,11
05:24:20,7
05:24:21,4
05:24:22,11
05:24:23,11
05:24:24,11
05:24:25,11
05:24:26,7
05:24:27,4
05:24:28,11
05:24:29,11
05:24:30,11
05:24:31,7
05:24:32,4
05:24:33,11
05:24:34,11
05:24:35,11
05:24:36,11
05:24:37,7
05:24:38,4
05:24:39,11
05:24:40,11
05:24:41,11
05:24:42,7
05:24:43,4
05:24:44,11
05:24:45,20
05:24:46,11
05:24:47,11
05:24:48,7
05:24:49,4
05:24:50,11
05:24:51,11
05:24:52,11
05:24:53,7
05:24:54,4
05:24:55,11
05:24:56,11
05:24:57,11
05:24:58,11
05:24:59,7
05:25:00,4
05:25:01,13
05:25:02,11
05:25:03,11
05:25:04,7
05:25:05,4
05:25:06,11
05:25:07,11
05:25:08,11
05:25:09,11
05:25:10,7
05:25:11,4
05:25:12,11
05:25:13,11
05:25:14,11
05:25:15,7
05:25:16,4
05:25:17,11
05:25:18,11
05:25:19,11
05:25:20,7
05:25:21,4
05:25:22,11
05:25:23,11
05:25:24,11
05:25:25,11
05:25:26,7
05:25:27,4
05:25:28,11
05:25:29,11
05:25:30,11
05:25:31,7
05:25:32,4
05:25:33,11
05:25:34,11
05:25:35,11
05:25:36,11
05:25:37,7
05:25:38,4
05:25:39,11
05:25:40,11
05:25:41,11
05:25:42,7
05:25:43,4
05:25:44,11
05:25:45,11
05:25:46,11
05:25:47,11
05:25:48,7
05:25:49,4
05:25:50,20
05:25:51,11
05:25:52,11
05:25:53,7
05:25:54,4
05:25:55,11
05:25:56,11
05:25:57,11
05:25:58,11
05:25:59,7
05:26:00,4
05:26:01,11
05:26:02,11
05:26:03,11
05:26:04,7
05:26:05,4
05:26:06,11
05:26:07,11
05:26:08,11
05:26:09,11
05:26:10,7
05:26:11,4
05:26:12,11
05:26:13,11
05:26:14,11
05:26:15,7
05:26:16,4
05:26:17,11
05:26:18,11
05:26:19,11
05:26:20,11
05:26:21,7
05:26:22,4
05:26:23,11
05:26:24,11
05:26:25,11
05:26:26,7
05:26:27,4
05:26:28,11
05:26:29,11
05:26:30,11
05:26:31,11
05:26:32,7
05:26:33,4
05:26:34,11
05:26:35,11
05:26:36,11
05:26:37,7
05:26:38,4
05:26:39,11
05:26:40,11
05:26:41,11
05:26:42,11
05:26:43,7
05:26:44,4
05:26:45,11
05:26:46,11
05:26:47,11
05:26:48,7
05:26:49,4
05:26:50,11
05:26:51,11
05:26:52,11
05:26:53,7
05:26:54,4
05:26:55,11
05:26:56,11
05:26:57,11
05:26:58,11
05:26:59,7
05:27:00,4
05:27:01,11
05:27:02,11
05:27:03,11
05:27:04,7
05:27:05,4
05:27:06,20
05:27:07,11
05:27:08,11
05:27:09,11
05:27:10,7
05:27:11,4
05:27:12,11
05:27:13,11
05:27:14,11
05:27:15,7
05:27:16,4
05:27:17,11
05:27:18,11
05:27:19,11
05:27:20,11
05:27:21,7
05:27:22,4
05:27:23,11
05:27:24,11
05:27:25,11
05:27:26,7
05:27:27,4
05:27:28,11
05:27:29,11
05:27:30,11
05:27:31,11
05:27:32,7
05:27:33,4
05:27:34,11
05:27:35,11
05:27:36,11
05:27:37,7
05:27:38,4
05:27:39,11
05:27:40,11
05:27:41,11
05:27:42,11
05:27:43,7
05:27:44,4
05:27:45,11
05:27:46,11
05:27:47,11
05:27:48,7
05:27:49,4
05:27:50,11
05:27:51,11
05:27:52,11
05:27:53,11
05:27:54,7
05:27:55,4
05:27:56,11
05:27:57,11
05:27:58,11
05:27:59,7
05:28:00,4
05:28:01,11
05:28:02,11
05:28:03,11
05:28:04,11
05:28:05,7
05:28:06,4
05:28:07,11
05:28:08,11
05:28:09,11
05:28:10,7
05:28:11,4
05:28:12,11
05:28:13,11
05:28:14,11
05:28:15,11
05:28:16,7
05:28:17,4
05:28:18,11
05:28:19,11
05:28:20,11
05:28:21,7
05:28:22,4
05:28:23,11
05:28:24,11
05:28:25,20
05:28:26,11
05:28:27,0
05:28:28,11
05:28:29,11
05:28:30,11
05:28:31,11
05:28:32,7
05:28:33,4
05:28:34,11
05:28:35,11
05:28:36,11
05:28:37,7
05:28:38,4
05:28:39,11
05:28:40,11
05:28:41,11
05:28:42,11
05:28:43,7
05:28:44,4
05:28:45,11
05:28:46,11
05:28:47,11
05:28:48,7
05:28:49,4
05:28:50,11
05:28:51,11
05:28:52,11
05:28:53,11
05:28:54,7
05:28:55,4
05:28:56,11
05:28:57,11
05:28:58,11
05:28:59,7
05:29:00,4
05:29:01,11
05:29:02,11
05:29:03,11
05:29:04,11
05:29:05,7
05:29:06,4
05:29:07,11
05:29:08,11
05:29:09,11
05:29:10,7
05:29:11,4
05:29:12,11
05:29:13,11
05:29:14,11
05:29:15,11
05:29:16,7
05:29:17,4
05:29:18,11
05:29:19,11
05:29:20,11
05:29:21,7
05:29:22,4
05:29:23,11
05:29:24,11
05:29:25,11
05:29:26,11
05:29:27,7
05:29:28,4
05:29:29,11
05:29:30,11
05:29:31,11
05:29:32,7
05:29:33,13
05:29:34,11
05:29:35,11
05:29:36,11
05:29:37,11
05:29:38,7
05:29:39,4
05:29:40,11
05:29:41,11
05:29:42,11
05:29:43,7
05:29:44,4
05:29:45,11
05:29:46,11
05:29:47,11
05:29:48,11
05:29:49,7
05:29:50,4
05:29:51,11
05:29:52,11
05:29:53,11
05:29:54,7
05:29:55,4
05:29:56,11
05:29:57,11
05:29:58,11
05:29:59,7
05:30:00,4
05:30:01,11
05:30:02,11
05:30:03,14
05:30:04,11
05:30:05,7
05:30:06,4
05:30:07,11
05:30:08,11
05:30:09,11
05:30:10,7
05:30:11,4
05:30:12,11
05:30:13,11
05:30:14,11
05:30:15,11
05:30:16,7
05:30:17,4
05:30:18,11
05:30:19,11
05:30:20,11
05:30:21,7
05:30:22,4
05:30:23,11
05:30:24,11
05:30:25,11
05:30:26,11
05:30:27,7
05:30:28,4
05:30:29,11
05:30:30,11
05:30:31,11
05:30:32,7
05:30:33,4
05:30:34,11
05:30:35,11
05:30:36,11
05:30:37,11
05:30:38,7
05:30:39,4
05:30:40,11
05:30:41,11
05:30:42,11
05:30:43,7
05:30:44,4
05:30:45,20
05:30:46,11
05:30:47,11
05:30:48,11
05:30:49,7
05:30:50,4
05:30:51,11
05:30:52,11
05:30:53,11
05:30:54,7
05:30:55,4
05:30:56,11
05:30:57,11
05:30:58,11
05:30:59,11
05:31:00,7
05:31:01,4
05:31:02,11
05:31:03,11
05:31:04,11
05:31:05,7
05:31:06,4
05:31:07,11
05:31:08,11
05:31:09,11
05:31:10,11
05:31:11,7
05:31:12,4
05:31:13,11
05:31:14,11
05:31:15,11
05:31:16,7
05:31:17,4
05:31:18,11
05:31:19,11
05:31:20,11
05:31:21,9
05:31:22,2
05:31:23,11
05:31:24,11
05:31:25,11
05:31:26,11
05:31:27,7
05:31:28,4
05:31:29,11
05:31:30,11
05:31:31,11
05:31:32,7
05:31:33,4
05:31:34,11
05:31:35,11
05:31:36,11
05:31:37,11
05:31:38,7
05:31:39,4
05:31:40,11
05:31:41,11
05:31:42,11
05:31:43,7
05:31:44,4
05:31:45,11
05:31:46,11
05:31:47,11
05:31:48,11
05:31:49,7
05:31:50,4
05:31:51,11
05:31:52,11
05:31:53,11
05:31:54,7
05:31:55,4
05:31:56,11
05:31:57,20
05:31:58,11
05:31:59,11
05:32:00,7
05:32:01,4
05:32:02,11
05:32:03,11
05:32:04,11
05:32:05,7
05:32:06,4
05:32:07,11
05:32:08,11
05:32:09,11
05:32:10,11
05:32:11,7
05:32:12,4
05:32:13,11
05:32:14,11
05:32:15,11
05:32:16,7
05:32:17,4
05:32:18,11
05:32:19,11
05:32:20,11
05:32:21,11
05:32:22,7
05:32:23,4
05:32:24,11
05:32:25,11
05:32:26,11
05:32:27,7
05:32:28,4
05:32:29,11
05:32:30,11
05:32:31,11
05:32:32,11
05:32:33,7
05:32:34,4
05:32:35,11
05:32:36,11
05:32:37,11
05:32:38,7
05:32:39,4
05:32:40,11
05:32:41,11
05:32:42,11
05:32:43,11
05:32:44,7
05:32:45,4
05:32:46,11
05:32:47,11
05:32:48,11
05:32:49,7
05:32:50,4
05:32:51,11
05:32:52,11
05:32:53,11
05:32:54,11
05:32:55,4
05:32:56,7
05:32:57,11
05:32:58,11
05:32:59,11
05:33:00,7
05:33:01,4
05:33:02,11
05:33:03,11
05:33:04,11
05:33:05,7
05:33:06,4
05:33:07,11
05:33:08,11
05:33:09,20
05:33:10,11
05:33:11,7
05:33:12,4
05:33:13,11
05:33:14,11
05:33:15,11
05:33:16,7
05:33:17,4
05:33:18,11
05:33:19,11
05:33:20,11
05:33:21,11
05:33:22,7
05:33:23,4
05:33:24,11
05:33:25,11
05:33:26,11
05:33:27,7
05:33:28,4
05:33:29,11
05:33:30,11
05:33:31,11
05:33:32,11
05:33:33,7
05:33:34,4
05:33:35,11
05:33:36,11
05:33:37,11
05:33:38,7
05:33:39,4
05:33:40,11
05:33:41,11
05:33:42,11
05:33:43,11
05:33:44,7
05:33:45,4
05:33:46,11
05:33:47,11
05:33:48,11
05:33:49,7
05:33:50,4
05:33:51,11
05:33:52,11
05:33:53,11
05:33:54,11
05:33:55,7
05:33:56,4
05:33:57,11
05:33:58,11
05:33:59,11
05:34:00,7
05:34:01,4
05:34:02,11
05:34:03,11
05:34:04,11
05:34:05,11
05:34:06,7
05:34:07,4
05:34:08,11
05:34:09,11
05:34:10,11
05:34:11,7
05:34:12,4
05:34:13,11
05:34:14,11
05:34:15,11
05:34:16,11
05:34:17,7
05:34:18,4
05:34:19,20
05:34:20,11
05:34:21,11
05:34:22,7
05:34:23,4
