14:21:21,6
14:21:22,1
14:21:23,6
14:21:24,6
14:21:25,6
14:21:26,6
14:21:27,6
14:21:28,6
14:21:29,6
14:21:30,6
14:21:31,6
14:21:32,6
14:21:33,6
14:21:34,6
14:21:35,6
14:21:36,6
14:21:37,6
14:21:38,6
14:21:39,6
14:21:40,6
14:21:41,6
14:21:42,6
14:21:43,6
14:21:44,6
14:21:45,6
14:21:46,6
14:21:47,8
14:21:48,6
14:21:49,6
14:21:50,6
14:21:51,6
14:21:52,6
14:21:53,6
14:21:54,6
14:21:55,6
14:21:56,6
14:21:57,6
14:21:58,6
14:21:59,6
14:22:00,6
14:22:01,6
14:22:02,6
14:22:03,6
14:22:04,6
14:22:05,6
14:22:06,6
14:22:07,6
14:22:08,6
14:22:09,6
14:22:10,6
14:22:11,6
14:22:12,6
14:22:13,8
14:22:14,6
14:22:15,6
14:22:16,6
14:22:17,6
14:22:18,6
14:22:19,6
14:22:20,6
14:22:21,6
14:22:22,6
14:22:23,6
14:22:24,6
14:22:25,6
14:22:26,6
14:22:27,6
14:22:28,6
14:22:29,6
14:22:30,6
14:22:31,6
14:22:32,6
14:22:33,6
14:22:34,6
14:22:35,6
14:22:36,6
14:22:37,6
14:22:38,6
14:22:39,8
14:22:40,6
14:22:41,6
14:22:42,6
14:22:43,6
14:22:44,6
14:22:45,6
14:22:46,6
14:22:47,6
14:22:48,6
14:22:49,6
14:22:50,6
14:22:51,6
14:22:52,6
14:22:53,6
14:22:54,6
14:22:55,6
14:22:56,6
14:22:57,6
14:22:58,6
14:22:59,6
14:23:00,6
14:23:01,6
14:23:02,6
14:23:03,6
14:23:04,6
14:23:05,6
14:23:06,6
14:23:07,6
14:23:08,6
14:23:09,6
14:23:10,8
14:23:11,6
14:23:12,6
14:23:13,6
14:23:14,6
14:23:15,6
14:23:16,6
14:23:17,6
14:23:18,6
14:23:19,6
14:23:20,6
14:23:21,6
14:23:22,6
14:23:23,6
14:23:24,8
14:23:25,6
14:23:26,6
14:23:27,6
14:23:28,6
14:23:29,8
14:23:30,6
14:23:31,6
14:23:32,6
14:23:33,6
14:23:34,6
14:23:35,6
14:23:36,6
14:23:37,6
14:23:38,6
14:23:39,6
14:23:40,6
14:23:41,6
14:23:42,6
14:23:43,6
14:23:44,6
14:23:45,6
14:23:46,6
14:23:47,6
14:23:48,6
14:23:49,6
14:23:50,6
14:23:51,6
14:23:52,6
14:23:53,8
14:23:54,6
14:23:55,6
14:23:56,6
14:23:57,6
14:23:58,6
14:23:59,1
14:24:00,5
14:24:01,6
14:24:02,6
14:24:03,6
14:24:04,6
14:24:05,6
14:24:06,6
14:24:07,6
14:24:08,6
14:24:09,6
14:24:10,6
14:24:11,6
14:24:12,6
14:24:13,6
14:24:14,6
14:24:15,6
14:24:16,8
14:24:17,6
14:24:18,6
14:24:19,6
14:24:20,6
14:24:21,6
14:24:22,6
14:24:23,6
14:24:24,6
14:24:25,6
14:24:26,6
14:24:27,6
14:24:28,6
14:24:29,6
14:24:30,6
14:24:31,6
14:24:32,6
14:24:33,6
14:24:34,6
14:24:35,6
14:24:36,6
14:24:37,6
14:24:38,6
14:24:39,6
14:24:40,6
14:24:41,8
14:24:42,6
14:24:43,6
14:24:44,6
14:24:45,6
14:24:46,6
14:24:47,6
14:24:48,6
14:24:49,6
14:24:50,6
14:24:51,6
14:24:52,6
14:24:53,6
14:24:54,6
14:24:55,6
14:24:56,6
14:24:57,6
14:24:58,6
14:24:59,6
14:25:00,6
14:25:01,6
14:25:02,8
14:25:03,6
14:25:04,6
14:25:05,6
14:25:06,6
14:25:07,6
14:25:08,8
14:25:09,6
14:25:10,6
14:25:11,6
14:25:12,6
14:25:13,6
14:25:14,6
14:25:15,6
14:25:16,6
14:25:17,6
14:25:18,6
14:25:19,6
14:25:20,6
14:25:21,6
14:25:22,6
14:25:23,6
14:25:24,6
14:25:25,6
14:25:26,6
14:25:27,6
14:25:28,6
14:25:29,6
14:25:30,6
14:25:31,6
14:25:32,6
14:25:33,6
14:25:34,6
14:25:35,8
14:25:36,6
14:25:37,7
14:25:38,14
14:25:39,10
14:25:40,6
14:25:41,6
14:25:42,6
14:25:43,6
14:25:44,6
14:25:45,6
14:25:46,6
14:25:47,6
14:25:48,6
14:25:49,6
14:25:50,6
14:25:51,6
14:25:52,6
14:25:53,6
14:25:54,6
14:25:55,6
14:25:56,6
14:25:57,6
14:25:58,6
14:25:59,8
14:26:00,6
14:26:01,6
14:26:02,6
14:26:03,6
14:26:04,6
14:26:05,6
14:26:06,6
14:26:07,6
14:26:08,6
14:26:09,6
14:26:10,6
14:26:11,6
14:26:12,6
14:26:13,6
14:26:14,6
14:26:15,6
14:26:16,6
14:26:17,6
14:26:18,6
14:26:19,6
14:26:20,6
14:26:21,8
14:26:22,6
14:26:23,6
14:26:24,6
14:26:25,6
14:26:26,6
14:26:27,6
14:26:28,6
14:26:29,6
14:26:30,6
14:26:31,6
14:26:32,6
14:26:33,6
14:26:34,6
14:26:35,6
14:26:36,6
14:26:37,6
14:26:38,5
14:26:39,1
14:26:40,6
14:26:41,6
14:26:42,6
14:26:43,6
14:26:44,6
14:26:45,6
14:26:46,8
14:26:47,6
14:26:48,6
14:26:49,6
14:26:50,6
14:26:51,6
14:26:52,6
14:26:53,6
14:26:54,6
14:26:55,6
14:26:56,6
14:26:57,6
14:26:58,6
14:26:59,6
14:27:00,6
14:27:01,6
14:27:02,6
14:27:03,6
14:27:04,6
14:27:05,6
14:27:06,6
14:27:07,6
14:27:08,6
14:27:09,6
14:27:10,6
14:27:11,6
14:27:12,8
14:27:13,6
14:27:14,6
14:27:15,6
14:27:16,6
14:27:17,6
14:27:18,6
14:27:19,6
14:27:20,6
14:27:21,6
14:27:22,6
14:27:23,6
14:27:24,6
14:27:25,6
14:27:26,6
14:27:27,6
14:27:28,6
14:27:29,6
14:27:30,6
14:27:31,6
14:27:32,6
14:27:33,6
14:27:34,6
14:27:35,6
14:27:36,6
14:27:37,6
14:27:38,8
14:27:39,6
14:27:40,6
14:27:41,6
14:27:42,6
14:27:43,6
14:27:44,6
14:27:45,6
14:27:46,6
14:27:47,6
14:27:48,6
14:27:49,6
14:27:50,6
14:27:51,6
14:27:52,6
14:27:53,6
14:27:54,6
14:27:55,6
14:27:56,6
14:27:57,6
14:27:58,6
14:27:59,6
14:28:00,6
14:28:01,6
14:28:02,6
14:28:03,6
14:28:04,8
14:28:05,6
14:28:06,6
14:28:07,6
14:28:08,6
14:28:09,6
14:28:10,6
14:28:11,6
14:28:12,6
14:28:13,6
14:28:14,6
14:28:15,6
14:28:16,6
14:28:17,6
14:28:18,6
14:28:19,6
14:28:20,6
14:28:21,6
14:28:22,6
14:28:23,6
14:28:24,6
14:28:25,6
14:28:26,8
14:28:27,6
14:28:28,6
14:28:29,6
14:28:30,6
14:28:31,6
14:28:32,6
14:28:33,6
14:28:34,6
14:28:35,6
14:28:36,6
14:28:37,6
14:28:38,6
14:28:39,6
14:28:40,6
14:28:41,6
14:28:42,6
14:28:43,6
14:28:44,6
14:28:45,6
14:28:46,6
14:28:47,6
14:28:48,6
14:28:49,8
14:28:50,6
14:28:51,6
14:28:52,6
14:28:53,6
14:28:54,6
14:28:55,6
14:28:56,6
14:28:57,6
14:28:58,6
14:28:59,6
14:29:00,6
14:29:01,6
14:29:02,6
14:29:03,6
14:29:04,6
14:29:05,6
14:29:06,6
14:29:07,6
14:29:08,6
14:29:09,6
14:29:10,6
14:29:11,6
14:29:12,6
14:29:13,6
14:29:14,5
14:29:15,1
14:29:16,8
14:29:17,6
14:29:18,6
14:29:19,6
14:29:20,6
14:29:21,6
14:29:22,6
14:29:23,6
14:29:24,6
14:29:25,6
14:29:26,6
14:29:27,6
14:29:28,6
14:29:29,6
14:29:30,6
14:29:31,6
14:29:32,6
14:29:33,6
14:29:34,6
14:29:35,6
14:29:36,6
14:29:37,6
14:29:38,6
14:29:39,6
14:29:40,6
14:29:41,6
14:29:42,6
14:29:43,8
14:29:44,6
14:29:45,6
14:29:46,6
14:29:47,6
14:29:48,6
14:29:49,6
14:29:50,6
14:29:51,6
14:29:52,6
14:29:53,6
14:29:54,6
14:29:55,6
14:29:56,6
14:29:57,6
14:29:58,6
14:29:59,6
14:30:00,6
14:30:01,6
14:30:02,6
14:30:03,6
14:30:04,6
14:30:05,6
14:30:06,6
14:30:07,8
14:30:08,6
14:30:09,6
14:30:10,6
14:30:11,6
14:30:12,6
14:30:13,6
14:30:14,6
14:30:15,6
14:30:16,9
14:30:17,6
14:30:18,6
14:30:19,6
14:30:20,6
14:30:21,6
14:30:22,6
14:30:23,6
14:30:24,6
14:30:25,6
14:30:26,6
14:30:27,6
14:30:28,6
14:30:29,6
14:30:30,8
14:30:31,6
14:30:32,6
14:30:33,6
14:30:34,6
14:30:35,6
14:30:36,6
14:30:37,6
14:30:38,6
14:30:39,6
14:30:40,6
14:30:41,6
14:30:42,6
14:30:43,6
14:30:44,6
14:30:45,6
14:30:46,6
14:30:47,6
14:30:48,6
14:30:49,6
14:30:50,6
14:30:51,6
14:30:52,6
14:30:53,8
14:30:54,6
14:30:55,6
14:30:56,6
14:30:57,6
14:30:58,6
14:30:59,6
14:31:00,6
14:31:01,6
14:31:02,6
14:31:03,6
14:31:04,6
14:31:05,6
14:31:06,6
14:31:07,6
14:31:08,6
14:31:09,6
14:31:10,6
14:31:11,6
14:31:12,6
14:31:13,6
14:31:14,6
14:31:15,6
14:31:16,6
14:31:17,6
14:31:18,6
14:31:19,6
14:31:20,6
