23:46:53,8
23:46:54,11
23:46:55,11
23:46:56,11
23:46:57,7
23:46:58,4
23:46:59,11
23:47:00,11
23:47:01,11
23:47:02,7
23:47:03,4
23:47:04,11
23:47:05,11
23:47:06,11
23:47:07,11
23:47:08,4
23:47:09,7
23:47:10,11
23:47:11,11
23:47:12,11
23:47:13,7
23:47:14,4
23:47:15,11
23:47:16,11
23:47:17,11
23:47:18,7
23:47:19,4
23:47:20,11
23:47:21,11
23:47:22,11
23:47:23,7
23:47:24,4
23:47:25,11
23:47:26,11
23:47:27,11
23:47:28,11
23:47:29,7
23:47:30,4
23:47:31,20
23:47:32,11
23:47:33,11
23:47:34,7
23:47:35,4
23:47:36,11
23:47:37,11
23:47:38,11
23:47:39,7
23:47:40,4
23:47:41,11
23:47:42,11
23:47:43,11
23:47:44,11
23:47:45,7
23:47:46,4
23:47:47,11
23:47:48,11
23:47:49,11
23:47:50,7
23:47:51,4
23:47:52,11
23:47:53,11
23:47:54,11
23:47:55,7
23:47:56,4
23:47:57,11
23:47:58,11
23:47:59,11
23:48:00,11
23:48:01,7
23:48:02,4
23:48:03,20
23:48:04,11
23:48:05,11
23:48:06,7
23:48:07,4
23:48:08,11
23:48:09,11
23:48:10,11
23:48:11,7
23:48:12,4
23:48:13,11
23:48:14,11
23:48:15,11
23:48:16,11
23:48:17,7
23:48:18,4
23:48:19,11
23:48:20,11
23:48:21,11
23:48:22,7
23:48:23,4
23:48:24,11
23:48:25,11
23:48:26,11
23:48:27,7
23:48:28,4
23:48:29,11
23:48:30,11
23:48:31,11
23:48:32,9
23:48:33,2
23:48:34,11
23:48:35,11
23:48:36,11
23:48:37,11
23:48:38,7
23:48:39,4
23:48:40,11
23:48:41,11
23:48:42,11
23:48:43,7
23:48:44,4
23:48:45,20
23:48:46,11
23:48:47,11
23:48:48,7
23:48:49,4
23:48:50,11
23:48:51,11
23:48:52,11
23:48:53,11
23:48:54,7
23:48:55,4
23:48:56,11
23:48:57,11
23:48:58,11
23:48:59,7
23:49:00,4
23:49:01,11
23:49:02,11
23:49:03,11
23:49:04,7
23:49:05,4
23:49:06,11
23:49:07,11
23:49:08,11
23:49:09,11
23:49:10,7
23:49:11,4
23:49:12,11
23:49:13,11
23:49:14,11
23:49:15,7
23:49:16,4
23:49:17,11
23:49:18,11
23:49:19,11
23:49:20,7
23:49:21,4
23:49:22,20
23:49:23,11
23:49:24,11
23:49:25,11
23:49:26,7
23:49:27,4
23:49:28,11
23:49:29,11
23:49:30,11
23:49:31,7
23:49:32,4
23:49:33,11
23:49:34,11
23:49:35,11
23:49:36,7
23:49:37,4
23:49:38,11
23:49:39,11
23:49:40,11
23:49:41,11
23:49:42,7
23:49:43,4
23:49:44,11
23:49:45,11
23:49:46,11
23:49:47,7
23:49:48,4
23:49:49,11
23:49:50,11
23:49:51,11
23:49:52,7
23:49:53,4
23:49:54,11
23:49:55,20
23:49:56,11
23:49:57,11
23:49:58,7
23:49:59,4
23:50:00,11
23:50:01,11
23:50:02,11
23:50:03,7
23:50:04,4
23:50:05,14
23:50:06,11
23:50:07,11
23:50:08,7
23:50:09,4
23:50:10,11
23:50:11,11
23:50:12,11
23:50:13,9
23:50:14,2
23:50:15,11
23:50:16,11
23:50:17,11
23:50:18,11
23:50:19,7
23:50:20,4
23:50:21,11
23:50:22,11
23:50:23,11
23:50:24,7
23:50:25,4
23:50:26,11
23:50:27,11
23:50:28,11
23:50:29,7
23:50:30,4
23:50:31,20
23:50:32,11
23:50:33,11
23:50:34,11
23:50:35,7
23:50:36,4
23:50:37,11
23:50:38,11
23:50:39,11
23:50:40,7
23:50:41,4
23:50:42,11
23:50:43,11
23:50:44,11
23:50:45,7
23:50:46,4
23:50:47,11
23:50:48,11
23:50:49,11
23:50:50,11
23:50:51,7
23:50:52,4
23:50:53,11
23:50:54,11
23:50:55,11
23:50:56,7
23:50:57,4
23:50:58,11
23:50:59,11
23:51:00,11
23:51:01,7
23:51:02,4
23:51:03,11
23:51:04,11
23:51:05,11
23:51:06,20
23:51:07,7
23:51:08,4
23:51:09,11
23:51:10,11
23:51:11,11
23:51:12,7
23:51:13,4
23:51:14,11
23:51:15,11
23:51:16,11
23:51:17,7
23:51:18,4
23:51:19,11
23:51:20,11
23:51:21,11
23:51:22,11
23:51:23,7
23:51:24,4
23:51:25,11
23:51:26,11
23:51:27,11
23:51:28,7
23:51:29,4
23:51:30,11
23:51:31,11
23:51:32,11
23:51:33,7
23:51:34,4
23:51:35,11
23:51:36,11
23:51:37,11
23:51:38,11
23:51:39,4
23:51:40,7
23:51:41,11
23:51:42,11
23:51:43,11
23:51:44,7
23:51:45,4
23:51:46,20
23:51:47,11
23:51:48,11
23:51:49,7
23:51:50,4
23:51:51,11
23:51:52,11
23:51:53,11
23:51:54,7
23:51:55,4
23:51:56,11
23:51:57,11
23:51:58,11
23:51:59,11
23:52:00,7
23:52:01,4
23:52:02,11
23:52:03,11
23:52:04,11
23:52:05,7
23:52:06,4
23:52:07,11
23:52:08,11
23:52:09,11
23:52:10,7
23:52:11,4
23:52:12,11
23:52:13,11
23:52:14,11
23:52:15,11
23:52:16,7
23:52:17,4
23:52:18,11
23:52:19,11
23:52:20,11
23:52:21,7
23:52:22,4
23:52:23,11
23:52:24,11
23:52:25,11
23:52:26,7
23:52:27,4
23:52:28,11
23:52:29,20
23:52:30,11
23:52:31,11
23:52:32,7
23:52:33,4
23:52:34,11
23:52:35,11
23:52:36,11
23:52:37,7
23:52:38,4
23:52:39,11
23:52:40,11
23:52:41,11
23:52:42,7
23:52:43,4
23:52:44,11
23:52:45,11
23:52:46,11
23:52:47,11
23:52:48,7
23:52:49,4
23:52:50,11
23:52:51,11
23:52:52,7
23:52:53,4
23:52:54,11
23:52:55,11
23:52:56,11
23:52:57,7
23:52:58,4
23:52:59,11
23:53:00,11
23:53:01,11
23:53:02,11
23:53:03,7
23:53:04,4
23:53:05,11
23:53:06,11
23:53:07,20
23:53:08,4
23:53:09,7
23:53:10,11
23:53:11,11
23:53:12,11
23:53:13,7
23:53:14,4
23:53:15,11
23:53:16,11
23:53:17,11
23:53:18,7
23:53:19,4
23:53:20,11
23:53:21,11
23:53:22,11
23:53:23,7
23:53:24,4
23:53:25,11
23:53:26,11
23:53:27,11
23:53:28,11
23:53:29,7
23:53:30,4
23:53:31,11
23:53:32,11
23:53:33,11
23:53:34,7
23:53:35,4
23:53:36,11
23:53:37,11
23:53:38,11
23:53:39,7
23:53:40,4
23:53:41,11
23:53:42,11
23:53:43,11
23:53:44,11
23:53:45,7
23:53:46,4
23:53:47,11
23:53:48,11
23:53:49,11
23:53:50,7
23:53:51,13
23:53:52,11
23:53:53,11
23:53:54,11
23:53:55,7
23:53:56,4
23:53:57,11
23:53:58,11
23:53:59,11
23:54:00,11
23:54:01,7
23:54:02,4
23:54:03,11
23:54:04,11
23:54:05,11
23:54:06,7
23:54:07,4
23:54:08,11
23:54:09,11
23:54:10,11
23:54:11,7
23:54:12,4
23:54:13,11
23:54:14,11
23:54:15,11
23:54:16,11
23:54:17,7
23:54:18,4
23:54:19,11
23:54:20,11
23:54:21,11
23:54:22,7
23:54:23,13
23:54:24,11
23:54:25,11
23:54:26,11
23:54:27,7
23:54:28,4
23:54:29,11
23:54:30,11
23:54:31,11
23:54:32,11
23:54:33,7
23:54:34,4
23:54:35,11
23:54:36,11
23:54:37,11
23:54:38,7
23:54:39,4
23:54:40,11
23:54:41,11
23:54:42,11
23:54:43,7
23:54:44,4
23:54:45,11
23:54:46,11
23:54:47,11
23:54:48,10
23:54:49,1
23:54:50,11
23:54:51,11
23:54:52,11
23:54:53,11
23:54:54,7
23:54:55,4
23:54:56,11
23:54:57,20
23:54:58,11
23:54:59,7
23:55:00,4
23:55:01,11
23:55:02,13
23:55:03,11
23:55:04,7
23:55:05,4
23:55:06,11
23:55:07,11
23:55:08,11
23:55:09,11
23:55:10,7
23:55:11,4
23:55:12,11
23:55:13,11
23:55:14,11
23:55:15,7
23:55:16,4
23:55:17,11
23:55:18,11
23:55:19,11
23:55:20,7
23:55:21,4
23:55:22,11
23:55:23,11
23:55:24,11
23:55:25,11
23:55:26,7
23:55:27,4
23:55:28,11
23:55:29,11
23:55:30,11
23:55:31,7
23:55:32,4
23:55:33,11
23:55:34,11
23:55:35,11
23:55:36,7
23:55:37,4
23:55:38,11
23:55:39,11
23:55:40,11
23:55:41,20
23:55:42,7
23:55:43,4
23:55:44,11
23:55:45,11
23:55:46,11
23:55:47,7
23:55:48,4
23:55:49,11
23:55:50,11
23:55:51,11
23:55:52,7
23:55:53,4
23:55:54,11
23:55:55,11
23:55:56,11
23:55:57,11
23:55:58,7
23:55:59,4
23:56:00,11
23:56:01,11
23:56:02,11
23:56:03,7
23:56:04,4
23:56:05,11
23:56:06,11
23:56:07,13
23:56:08,7
23:56:09,4
23:56:10,11
23:56:11,11
23:56:12,11
23:56:13,7
23:56:14,4
23:56:15,11
23:56:16,20
23:56:17,11
23:56:18,11
23:56:19,7
23:56:20,4
23:56:21,11
23:56:22,11
23:56:23,11
23:56:24,7
23:56:25,4
23:56:26,11
23:56:27,11
23:56:28,11
23:56:29,7
23:56:30,4
23:56:31,11
23:56:32,11
23:56:33,11
23:56:34,11
23:56:35,7
23:56:36,4
23:56:37,11
23:56:38,11
23:56:39,11
23:56:40,7
23:56:41,4
23:56:42,11
23:56:43,11
23:56:44,11
23:56:45,7
23:56:46,4
23:56:47,11
23:56:48,11
23:56:49,11
23:56:50,11
23:56:51,16
23:56:52,4
23:56:53,11
23:56:54,11
23:56:55,11
23:56:56,7
23:56:57,4
23:56:58,11
23:56:59,11
23:57:00,11
23:57:01,7
23:57:02,4
23:57:03,11
23:57:04,11
23:57:05,11
23:57:06,11
23:57:07,4
23:57:08,7
23:57:09,11
23:57:10,11
23:57:11,11
23:57:12,7
23:57:13,4
23:57:14,11
23:57:15,11
23:57:16,11
23:57:17,7
23:57:18,4
23:57:19,11
23:57:20,11
23:57:21,11
23:57:22,7
23:57:23,4
23:57:24,11
23:57:25,11
23:57:26,11
23:57:27,20
23:57:28,7
23:57:29,4
23:57:30,11
23:57:31,11
23:57:32,11
23:57:33,7
23:57:34,4
23:57:35,11
23:57:36,11
23:57:37,11
23:57:38,7
23:57:39,4
23:57:40,11
23:57:41,11
23:57:42,11
23:57:43,11
23:57:44,7
23:57:45,4
23:57:46,11
23:57:47,11
23:57:48,11
23:57:49,7
23:57:50,4
23:57:51,11
23:57:52,11
23:57:53,11
23:57:54,7
23:57:55,4
23:57:56,11
23:57:57,11
23:57:58,11
23:57:59,11
23:58:00,7
23:58:01,13
23:58:02,11
23:58:03,11
23:58:04,11
23:58:05,7
23:58:06,4
23:58:07,11
23:58:08,11
23:58:09,11
23:58:10,7
23:58:11,4
23:58:12,11
23:58:13,11
23:58:14,11
23:58:15,11
23:58:16,7
23:58:17,4
23:58:18,11
23:58:19,11
23:58:20,11
23:58:21,7
23:58:22,4
23:58:23,11
23:58:24,11
23:58:25,11
23:58:26,7
23:58:27,4
23:58:28,11
23:58:29,11
23:58:30,11
23:58:31,10
23:58:32,1
23:58:33,11
23:58:34,11
23:58:35,11
23:58:36,11
23:58:37,16
23:58:38,4
23:58:39,11
23:58:40,11
23:58:41,11
23:58:42,7
23:58:43,4
23:58:44,11
23:58:45,11
23:58:46,11
23:58:47,7
23:58:48,4
23:58:49,11
23:58:50,11
23:58:51,11
23:58:52,11
23:58:53,7
23:58:54,4
23:58:55,11
23:58:56,11
23:58:57,11
23:58:58,7
23:58:59,4
23:59:00,11
23:59:01,11
23:59:02,13
23:59:03,7
23:59:04,4
23:59:05,11
23:59:06,11
23:59:07,11
23:59:08,11
23:59:09,7
23:59:10,4
23:59:11,11
23:59:12,11
23:59:13,11
23:59:14,7
23:59:15,4
23:59:16,11
23:59:17,11
23:59:18,11
23:59:19,7
23:59:20,13
23:59:21,11
23:59:22,11
23:59:23,11
23:59:24,11
23:59:25,7
23:59:26,4
23:59:27,11
23:59:28,11
23:59:29,11
23:59:30,7
23:59:31,4
23:59:32,11
23:59:33,11
23:59:34,11
23:59:35,7
23:59:36,4
23:59:37,11
23:59:38,11
23:59:39,11
23:59:40,9
23:59:41,2
23:59:42,11
23:59:43,11
23:59:44,11
23:59:45,11
23:59:46,7
23:59:47,4
23:59:48,11
23:59:49,11
23:59:50,11
23:59:51,7
23:59:52,4
23:59:53,11
23:59:54,20
23:59:55,11
23:59:56,7
23:59:57,4
23:59:58,11
23:59:59,11
00:00:00,65
00:00:01,31
00:00:02,7
00:00:03,4
00:00:04,11
00:00:05,11
00:00:06,11
00:00:07,7
00:00:08,4
00:00:09,11
00:00:10,11
00:00:11,11
00:00:12,7
00:00:13,4
00:00:14,11
00:00:15,11
00:00:16,11
00:00:17,11
00:00:18,7
00:00:19,4
00:00:20,11
00:00:21,11
00:00:22,11
00:00:23,7
00:00:24,4
00:00:25,11
00:00:26,11
00:00:27,11
00:00:28,7
00:00:29,4
00:00:30,11
00:00:31,11
00:00:32,11
00:00:33,11
00:00:34,7
00:00:35,4
00:00:36,11
00:00:37,11
00:00:38,20
00:00:39,7
00:00:40,4
00:00:41,11
00:00:42,11
00:00:43,11
00:00:44,7
00:00:45,4
00:00:46,11
00:00:47,11
00:00:48,11
00:00:49,11
00:00:50,0
00:00:51,11
00:00:52,11
00:00:53,11
00:00:54,11
00:00:55,7
00:00:56,4
00:00:57,11
00:00:58,11
00:00:59,11
00:01:00,7
00:01:01,4
00:01:02,11
00:01:03,11
00:01:04,11
00:01:05,7
00:01:06,4
00:01:07,11
00:01:08,11
00:01:09,11
00:01:10,11
00:01:11,7
00:01:12,4
00:01:13,11
00:01:14,11
00:01:15,11
00:01:16,7
00:01:17,4
00:01:18,20
00:01:19,11
00:01:20,11
00:01:21,7
00:01:22,4
00:01:23,11
00:01:24,11
00:01:25,11
00:01:26,11
00:01:27,7
00:01:28,4
00:01:29,11
00:01:30,11
00:01:31,11
00:01:32,7
00:01:33,4
00:01:34,11
00:01:35,11
00:01:36,11
00:01:37,7
00:01:38,4
00:01:39,11
00:01:40,11
00:01:41,11
00:01:42,11
00:01:43,7
00:01:44,4
00:01:45,11
00:01:46,11
00:01:47,11
00:01:48,7
00:01:49,4
00:01:50,11
00:01:51,11
00:01:52,11
00:01:53,7
00:01:54,4
00:01:55,11
00:01:56,20
00:01:57,11
00:01:58,11
00:01:59,0
00:02:00,11
00:02:01,11
00:02:02,11
00:02:03,11
00:02:04,7
00:02:05,4
00:02:06,11
00:02:07,11
00:02:08,11
00:02:09,7
00:02:10,4
00:02:11,11
00:02:12,11
00:02:13,11
00:02:14,7
00:02:15,4
00:02:16,11
00:02:17,11
00:02:18,11
00:02:19,11
00:02:20,7
00:02:21,4
00:02:22,11
00:02:23,11
00:02:24,11
00:02:25,7
00:02:26,4
00:02:27,11
00:02:28,11
00:02:29,11
00:02:30,7
00:02:31,4
00:02:32,11
00:02:33,11
00:02:34,11
00:02:35,11
00:02:36,16
00:02:37,4
00:02:38,11
00:02:39,11
00:02:40,11
00:02:41,7
00:02:42,4
00:02:43,11
00:02:44,11
00:02:45,11
00:02:46,7
00:02:47,4
00:02:48,11
00:02:49,11
00:02:50,11
00:02:51,11
00:02:52,7
00:02:53,4
00:02:54,11
00:02:55,11
00:02:56,11
00:02:57,7
00:02:58,4
00:02:59,11
00:03:00,11
00:03:01,11
00:03:02,7
00:03:03,4
00:03:04,11
00:03:05,11
00:03:06,11
00:03:07,11
00:03:08,0
00:03:09,11
00:03:10,11
00:03:11,11
00:03:12,11
00:03:13,7
00:03:14,4
00:03:15,20
00:03:16,11
00:03:17,11
00:03:18,7
00:03:19,4
00:03:20,11
00:03:21,11
00:03:22,11
00:03:23,7
00:03:24,4
00:03:25,11
00:03:26,11
00:03:27,11
00:03:28,11
00:03:29,7
00:03:30,4
00:03:31,11
00:03:32,11
00:03:33,11
00:03:34,7
00:03:35,4
00:03:36,11
00:03:37,11
00:03:38,11
00:03:39,7
00:03:40,4
00:03:41,11
00:03:42,11
00:03:43,11
00:03:44,11
00:03:45,7
00:03:46,4
00:03:47,11
00:03:48,11
00:03:49,11
00:03:50,7
00:03:51,4
00:03:52,11
00:03:53,11
00:03:54,11
00:03:55,16
00:03:56,4
00:03:57,11
00:03:58,11
00:03:59,11
00:04:00,11
00:04:01,7
00:04:02,4
00:04:03,11
00:04:04,11
00:04:05,11
00:04:06,7
00:04:07,4
00:04:08,11
00:04:09,11
00:04:10,11
00:04:11,7
00:04:12,4
00:04:13,11
00:04:14,11
00:04:15,11
00:04:16,11
00:04:17,7
00:04:18,4
00:04:19,11
00:04:20,11
00:04:21,11
00:04:22,7
00:04:23,4
00:04:24,11
00:04:25,11
00:04:26,11
00:04:27,7
00:04:28,4
00:04:29,11
00:04:30,20
00:04:31,11
00:04:32,7
00:04:33,4
00:04:34,11
00:04:35,11
00:04:36,11
00:04:37,11
00:04:38,7
00:04:39,4
00:04:40,11
00:04:41,11
00:04:42,11
00:04:43,7
00:04:44,4
00:04:45,11
00:04:46,11
00:04:47,11
00:04:48,7
00:04:49,4
00:04:50,11
00:04:51,11
00:04:52,11
00:04:53,11
00:04:54,7
00:04:55,4
00:04:56,11
00:04:57,11
00:04:58,11
00:04:59,7
00:05:00,4
00:05:01,11
00:05:02,13
00:05:03,11
00:05:04,7
00:05:05,13
00:05:06,11
00:05:07,11
00:05:08,11
00:05:09,11
00:05:10,7
00:05:11,4
00:05:12,11
00:05:13,11
00:05:14,11
00:05:15,7
00:05:16,4
00:05:17,11
00:05:18,11
00:05:19,11
00:05:20,7
00:05:21,4
00:05:22,11
00:05:23,11
00:05:24,11
00:05:25,11
00:05:26,7
00:05:27,4
00:05:28,11
00:05:29,11
00:05:30,11
00:05:31,7
00:05:32,4
00:05:33,11
00:05:34,11
00:05:35,11
00:05:36,7
00:05:37,4
00:05:38,11
00:05:39,11
00:05:40,11
00:05:41,11
00:05:42,7
00:05:43,4
00:05:44,11
00:05:45,11
00:05:46,11
00:05:47,7
00:05:48,4
00:05:49,11
00:05:50,11
00:05:51,11
00:05:52,7
00:05:53,13
00:05:54,11
00:05:55,11
00:05:56,11
00:05:57,7
00:05:58,4
00:05:59,11
00:06:00,11
00:06:01,11
00:06:02,11
00:06:03,7
00:06:04,4
00:06:05,11
00:06:06,11
00:06:07,11
00:06:08,7
00:06:09,4
00:06:10,11
00:06:11,11
00:06:12,11
00:06:13,7
00:06:14,4
00:06:15,11
00:06:16,11
00:06:17,11
00:06:18,11
00:06:19,7
00:06:20,4
00:06:21,11
00:06:22,11
00:06:23,11
00:06:24,7
00:06:25,4
00:06:26,11
00:06:27,11
00:06:28,11
00:06:29,7
00:06:30,4
00:06:31,11
00:06:32,11
00:06:33,11
00:06:34,11
00:06:35,16
00:06:36,4
00:06:37,11
00:06:38,11
00:06:39,11
00:06:40,7
00:06:41,4
00:06:42,11
00:06:43,11
00:06:44,11
00:06:45,7
00:06:46,4
00:06:47,11
00:06:48,11
00:06:49,11
00:06:50,11
00:06:51,7
00:06:52,4
00:06:53,11
00:06:54,11
00:06:55,11
00:06:56,7
00:06:57,4
00:06:58,11
00:06:59,11
00:07:00,15
00:07:01,14
00:07:02,4
00:07:03,11
00:07:04,11
00:07:05,11
00:07:06,11
00:07:07,4
00:07:08,16
00:07:09,11
00:07:10,11
00:07:11,11
00:07:12,7
00:07:13,4
00:07:14,11
00:07:15,11
00:07:16,11
00:07:17,7
00:07:18,4
00:07:19,11
00:07:20,11
00:07:21,11
00:07:22,7
00:07:23,4
00:07:24,11
00:07:25,11
00:07:26,11
00:07:27,11
00:07:28,7
00:07:29,4
00:07:30,11
00:07:31,11
00:07:32,11
00:07:33,7
00:07:34,4
00:07:35,11
00:07:36,11
00:07:37,11
00:07:38,7
00:07:39,4
00:07:40,11
00:07:41,11
00:07:42,11
00:07:43,11
00:07:44,7
00:07:45,4
00:07:46,11
00:07:47,20
00:07:48,11
00:07:49,7
00:07:50,4
00:07:51,11
00:07:52,11
00:07:53,11
00:07:54,7
00:07:55,4
00:07:56,11
00:07:57,11
00:07:58,11
00:07:59,11
00:08:00,7
00:08:01,4
00:08:02,11
00:08:03,11
00:08:04,11
00:08:05,7
00:08:06,4
00:08:07,11
00:08:08,11
00:08:09,11
00:08:10,7
00:08:11,4
00:08:12,11
00:08:13,11
00:08:14,11
00:08:15,11
00:08:16,7
00:08:17,4
00:08:18,11
00:08:19,20
00:08:20,11
00:08:21,7
00:08:22,4
00:08:23,11
00:08:24,11
00:08:25,11
00:08:26,7
00:08:27,4
00:08:28,11
00:08:29,11
00:08:30,11
00:08:31,11
00:08:32,3
00:08:33,8
00:08:34,11
00:08:35,11
00:08:36,11
00:08:37,7
00:08:38,4
00:08:39,11
00:08:40,11
00:08:41,11
00:08:42,7
00:08:43,4
00:08:44,11
00:08:45,11
00:08:46,11
00:08:47,7
00:08:48,4
00:08:49,11
00:08:50,11
00:08:51,11
00:08:52,11
00:08:53,7
00:08:54,13
00:08:55,11
00:08:56,11
00:08:57,11
00:08:58,7
00:08:59,4
00:09:00,11
00:09:01,11
00:09:02,11
00:09:03,7
00:09:04,4
00:09:05,11
00:09:06,11
00:09:07,11
00:09:08,11
00:09:09,7
00:09:10,4
00:09:11,11
00:09:12,11
00:09:13,11
00:09:14,7
00:09:15,4
00:09:16,11
00:09:17,11
00:09:18,11
00:09:19,7
00:09:20,4
00:09:21,11
00:09:22,11
00:09:23,11
00:09:24,11
00:09:25,7
00:09:26,13
00:09:27,11
00:09:28,11
00:09:29,11
00:09:30,7
00:09:31,4
00:09:32,11
00:09:33,11
00:09:34,11
00:09:35,7
00:09:36,4
00:09:37,11
00:09:38,11
00:09:39,11
00:09:40,11
00:09:41,7
00:09:42,4
00:09:43,11
00:09:44,11
00:09:45,11
00:09:46,7
00:09:47,4
00:09:48,11
00:09:49,11
00:09:50,11
00:09:51,7
00:09:52,4
00:09:53,11
00:09:54,11
00:09:55,11
00:09:56,9
00:09:57,2
00:09:58,11
00:09:59,11
00:10:00,11
00:10:01,11
00:10:02,7
00:10:03,4
00:10:04,11
00:10:05,11
00:10:06,11
00:10:07,7
00:10:08,4
00:10:09,11
00:10:10,11
00:10:11,14
00:10:12,7
00:10:13,4
00:10:14,11
00:10:15,11
00:10:16,11
00:10:17,11
00:10:18,7
00:10:19,4
00:10:20,11
00:10:21,11
00:10:22,11
00:10:23,7
00:10:24,4
00:10:25,20
00:10:26,11
00:10:27,11
00:10:28,7
00:10:29,4
00:10:30,11
00:10:31,11
00:10:32,11
00:10:33,11
00:10:34,7
00:10:35,4
00:10:36,11
00:10:37,11
00:10:38,11
00:10:39,7
00:10:40,4
00:10:41,11
00:10:42,11
00:10:43,11
00:10:44,7
00:10:45,4
00:10:46,11
00:10:47,11
00:10:48,11
00:10:49,11
00:10:50,7
00:10:51,4
00:10:52,11
00:10:53,11
00:10:54,11
00:10:55,7
00:10:56,4
00:10:57,11
00:10:58,11
00:10:59,11
00:11:00,7
00:11:01,4
00:11:02,20
00:11:03,11
00:11:04,11
00:11:05,11
00:11:06,0
00:11:07,11
00:11:08,11
00:11:09,11
00:11:10,11
00:11:11,7
00:11:12,4
00:11:13,11
00:11:14,11
00:11:15,11
00:11:16,7
00:11:17,4
00:11:18,11
00:11:19,11
00:11:20,11
00:11:21,7
00:11:22,4
00:11:23,11
00:11:24,11
00:11:25,11
00:11:26,11
00:11:27,7
00:11:28,4
00:11:29,11
00:11:30,11
00:11:31,11
00:11:32,7
00:11:33,4
00:11:34,11
00:11:35,20
00:11:36,11
00:11:37,7
00:11:38,4
00:11:39,11
00:11:40,11
00:11:41,11
00:11:42,11
00:11:43,7
00:11:44,4
00:11:45,11
00:11:46,11
00:11:47,11
00:11:48,7
00:11:49,4
00:11:50,11
00:11:51,11
00:11:52,11
00:11:53,7
00:11:54,4
00:11:55,11
00:11:56,11
00:11:57,11
00:11:58,11
00:11:59,7
00:12:00,4
00:12:01,11
00:12:02,11
00:12:03,11
00:12:04,7
00:12:05,4
00:12:06,11
00:12:07,11
00:12:08,11
00:12:09,7
00:12:10,4
00:12:11,11
00:12:12,11
00:12:13,11
00:12:14,11
00:12:15,7
00:12:16,13
00:12:17,11
00:12:18,11
00:12:19,11
00:12:20,7
00:12:21,4
00:12:22,11
00:12:23,11
00:12:24,11
00:12:25,7
00:12:26,4
00:12:27,11
00:12:28,11
00:12:29,11
00:12:30,7
00:12:31,4
00:12:32,11
00:12:33,11
00:12:34,11
00:12:35,11
00:12:36,7
00:12:37,4
00:12:38,11
00:12:39,11
00:12:40,11
00:12:41,7
00:12:42,4
00:12:43,11
00:12:44,11
00:12:45,11
00:12:46,7
00:12:47,4
00:12:48,11
00:12:49,11
00:12:50,11
00:12:51,11
00:12:52,7
00:12:53,4
00:12:54,20
00:12:55,11
00:12:56,11
00:12:57,7
00:12:58,4
00:12:59,11
00:13:00,11
00:13:01,11
00:13:02,7
00:13:03,4
00:13:04,11
00:13:05,11
00:13:06,11
00:13:07,11
00:13:08,7
00:13:09,4
00:13:10,11
00:13:11,11
00:13:12,11
00:13:13,7
00:13:14,4
00:13:15,11
00:13:16,11
00:13:17,11
00:13:18,7
00:13:19,4
00:13:20,11
00:13:21,11
00:13:22,11
00:13:23,11
00:13:24,7
00:13:25,4
00:13:26,20
00:13:27,11
00:13:28,11
00:13:29,7
00:13:30,4
00:13:31,11
00:13:32,11
00:13:33,11
00:13:34,7
00:13:35,4
00:13:36,11
00:13:37,11
00:13:38,11
00:13:39,11
00:13:40,4
00:13:41,7
00:13:42,11
00:13:43,11
00:13:44,11
00:13:45,7
00:13:46,4
00:13:47,11
00:13:48,11
00:13:49,11
00:13:50,7
00:13:51,4
00:13:52,11
00:13:53,11
00:13:54,11
00:13:55,7
00:13:56,4
00:13:57,11
00:13:58,11
00:13:59,11
00:14:00,11
00:14:01,7
00:14:02,4
00:14:03,11
00:14:04,11
00:14:05,11
00:14:06,7
00:14:07,4
00:14:08,11
00:14:09,11
00:14:10,11
00:14:11,7
00:14:12,4
00:14:13,11
00:14:14,11
00:14:15,11
00:14:16,11
00:14:17,7
00:14:18,4
00:14:19,11
00:14:20,11
00:14:21,11
00:14:22,7
00:14:23,4
00:14:24,11
00:14:25,20
00:14:26,11
00:14:27,7
00:14:28,4
00:14:29,11
00:14:30,11
00:14:31,11
00:14:32,11
00:14:33,7
00:14:34,4
00:14:35,11
00:14:36,11
00:14:37,11
00:14:38,7
00:14:39,4
00:14:40,11
00:14:41,11
00:14:42,11
00:14:43,7
00:14:44,4
00:14:45,11
00:14:46,11
00:14:47,11
00:14:48,11
00:14:49,7
00:14:50,4
00:14:51,11
00:14:52,11
00:14:53,11
00:14:54,7
00:14:55,4
00:14:56,11
00:14:57,11
00:14:58,11
00:14:59,7
00:15:00,4
00:15:01,11
00:15:02,22
00:15:03,11
00:15:04,7
00:15:05,4
00:15:06,11
00:15:07,11
00:15:08,11
00:15:09,11
00:15:10,7
00:15:11,4
00:15:12,11
00:15:13,11
00:15:14,11
00:15:15,7
00:15:16,4
00:15:17,11
00:15:18,11
00:15:19,11
00:15:20,7
00:15:21,4
00:15:22,11
00:15:23,11
00:15:24,11
00:15:25,11
00:15:26,7
00:15:27,4
00:15:28,11
00:15:29,11
00:15:30,11
00:15:31,7
00:15:32,4
00:15:33,11
00:15:34,11
00:15:35,11
00:15:36,7
00:15:37,4
00:15:38,11
00:15:39,11
00:15:40,11
00:15:41,11
00:15:42,7
00:15:43,4
00:15:44,11
00:15:45,11
00:15:46,11
00:15:47,7
00:15:48,4
00:15:49,11
00:15:50,11
00:15:51,20
00:15:52,7
00:15:53,4
00:15:54,11
00:15:55,11
00:15:56,11
00:15:57,11
00:15:58,7
00:15:59,4
00:16:00,11
00:16:01,11
00:16:02,11
00:16:03,7
00:16:04,4
00:16:05,11
00:16:06,11
00:16:07,11
00:16:08,7
00:16:09,4
00:16:10,11
00:16:11,11
00:16:12,11
00:16:13,11
00:16:14,7
00:16:15,4
00:16:16,11
00:16:17,11
00:16:18,11
00:16:19,7
00:16:20,4
00:16:21,11
00:16:22,11
00:16:23,11
00:16:24,7
00:16:25,4
00:16:26,20
00:16:27,11
00:16:28,11
00:16:29,7
00:16:30,4
00:16:31,11
00:16:32,11
00:16:33,11
00:16:34,11
00:16:35,7
00:16:36,4
00:16:37,11
00:16:38,11
00:16:39,11
00:16:40,7
00:16:41,4
00:16:42,11
00:16:43,11
00:16:44,11
00:16:45,7
00:16:46,4
00:16:47,11
00:16:48,11
00:16:49,11
00:16:50,11
00:16:51,7
00:16:52,4
00:16:53,11
00:16:54,11
00:16:55,11
00:16:56,7
00:16:57,4
00:16:58,11
00:16:59,11
00:17:00,11
00:17:01,7
00:17:02,6
00:17:03,20
00:17:04,11
00:17:05,11
00:17:06,11
00:17:07,7
00:17:08,4
00:17:09,11
00:17:10,11
00:17:11,11
00:17:12,7
00:17:13,4
00:17:14,11
00:17:15,11
00:17:16,11
00:17:17,7
00:17:18,4
00:17:19,11
00:17:20,11
00:17:21,11
00:17:22,11
00:17:23,7
00:17:24,4
00:17:25,11
00:17:26,11
00:17:27,11
00:17:28,7
00:17:29,4
00:17:30,11
00:17:31,11
00:17:32,11
00:17:33,7
00:17:34,4
00:17:35,11
00:17:36,11
00:17:37,11
00:17:38,11
00:17:39,4
00:17:40,7
00:17:41,11
00:17:42,11
00:17:43,20
00:17:44,7
00:17:45,4
00:17:46,11
00:17:47,11
00:17:48,11
00:17:49,7
00:17:50,4
00:17:51,11
00:17:52,11
00:17:53,11
00:17:54,10
00:17:55,1
00:17:56,11
00:17:57,11
00:17:58,11
00:17:59,11
00:18:00,7
00:18:01,4
00:18:02,11
00:18:03,11
00:18:04,11
00:18:05,7
00:18:06,4
00:18:07,11
00:18:08,11
00:18:09,11
00:18:10,7
00:18:11,4
00:18:12,11
00:18:13,11
00:18:14,11
00:18:15,11
00:18:16,16
00:18:17,4
00:18:18,11
00:18:19,11
00:18:20,11
00:18:21,7
00:18:22,4
00:18:23,11
00:18:24,11
00:18:25,11
00:18:26,7
00:18:27,4
00:18:28,11
00:18:29,11
00:18:30,11
00:18:31,11
00:18:32,7
00:18:33,4
00:18:34,11
00:18:35,11
00:18:36,11
00:18:37,7
00:18:38,4
00:18:39,11
00:18:40,11
00:18:41,11
00:18:42,7
00:18:43,4
00:18:44,11
00:18:45,11
00:18:46,11
00:18:47,11
00:18:48,7
00:18:49,4
00:18:50,20
00:18:51,11
00:18:52,11
00:18:53,7
00:18:54,4
00:18:55,11
00:18:56,11
00:18:57,11
00:18:58,7
00:18:59,4
00:19:00,11
00:19:01,11
00:19:02,11
00:19:03,11
00:19:04,7
00:19:05,4
00:19:06,11
00:19:07,11
00:19:08,11
00:19:09,7
00:19:10,4
00:19:11,11
00:19:12,11
00:19:13,11
00:19:14,7
00:19:15,4
00:19:16,11
00:19:17,11
00:19:18,11
00:19:19,11
00:19:20,3
00:19:21,8
00:19:22,11
00:19:23,11
00:19:24,11
00:19:25,7
00:19:26,4
00:19:27,11
00:19:28,11
00:19:29,11
00:19:30,7
00:19:31,4
00:19:32,11
00:19:33,11
00:19:34,20
00:19:35,7
00:19:36,4
00:19:37,11
00:19:38,11
00:19:39,11
00:19:40,11
00:19:41,7
00:19:42,4
00:19:43,11
00:19:44,11
00:19:45,11
00:19:46,7
00:19:47,4
00:19:48,11
00:19:49,11
00:19:50,11
00:19:51,7
00:19:52,4
00:19:53,11
00:19:54,11
00:19:55,11
00:19:56,11
00:19:57,7
00:19:58,4
00:19:59,11
00:20:00,11
00:20:01,11
00:20:02,7
00:20:03,4
00:20:04,11
00:20:05,11
00:20:06,11
00:20:07,7
00:20:08,4
00:20:09,11
00:20:10,11
00:20:11,11
00:20:12,11
00:20:13,7
00:20:14,7
00:20:15,11
00:20:16,11
00:20:17,20
00:20:18,7
00:20:19,4
00:20:20,11
00:20:21,11
00:20:22,11
00:20:23,7
00:20:24,4
00:20:25,11
00:20:26,11
00:20:27,11
00:20:28,11
00:20:29,7
00:20:30,4
00:20:31,11
00:20:32,11
00:20:33,11
00:20:34,7
00:20:35,4
00:20:36,11
00:20:37,11
00:20:38,11
00:20:39,7
00:20:40,4
00:20:41,11
00:20:42,11
00:20:43,11
00:20:44,9
00:20:45,2
00:20:46,11
00:20:47,11
00:20:48,11
00:20:49,11
00:20:50,7
00:20:51,4
00:20:52,11
00:20:53,11
00:20:54,11
00:20:55,7
00:20:56,13
00:20:57,11
00:20:58,11
00:20:59,11
00:21:00,7
00:21:01,4
00:21:02,11
00:21:03,11
00:21:04,11
00:21:05,11
00:21:06,7
00:21:07,4
00:21:08,11
00:21:09,11
00:21:10,11
00:21:11,7
00:21:12,4
00:21:13,11
00:21:14,11
00:21:15,11
00:21:16,7
00:21:17,4
00:21:18,11
00:21:19,11
00:21:20,11
00:21:21,11
00:21:22,7
00:21:23,4
00:21:24,11
00:21:25,11
00:21:26,11
00:21:27,7
00:21:28,4
00:21:29,11
00:21:30,11
00:21:31,11
00:21:32,7
00:21:33,13
00:21:34,11
00:21:35,11
00:21:36,11
00:21:37,11
00:21:38,7
00:21:39,4
00:21:40,11
00:21:41,11
00:21:42,11
00:21:43,7
00:21:44,4
00:21:45,11
00:21:46,11
00:21:47,11
00:21:48,7
00:21:49,4
00:21:50,11
00:21:51,11
00:21:52,11
00:21:53,11
00:21:54,7
00:21:55,4
00:21:56,11
00:21:57,11
00:21:58,11
00:21:59,7
00:22:00,4
00:22:01,11
00:22:02,11
00:22:03,11
00:22:04,7
00:22:05,4
00:22:06,11
00:22:07,20
00:22:08,11
00:22:09,7
00:22:10,4
00:22:11,11
00:22:12,11
00:22:13,11
00:22:14,11
00:22:15,7
00:22:16,4
00:22:17,11
00:22:18,11
00:22:19,11
00:22:20,7
00:22:21,4
00:22:22,11
00:22:23,11
00:22:24,11
00:22:25,7
00:22:26,4
00:22:27,11
00:22:28,11
00:22:29,11
00:22:30,11
00:22:31,7
00:22:32,4
00:22:33,11
00:22:34,11
00:22:35,11
00:22:36,7
00:22:37,4
00:22:38,11
00:22:39,11
00:22:40,11
00:22:41,7
00:22:42,4
00:22:43,11
00:22:44,11
00:22:45,11
00:22:46,11
00:22:47,7
00:22:48,4
00:22:49,20
00:22:50,11
00:22:51,11
00:22:52,7
00:22:53,4
00:22:54,11
00:22:55,11
00:22:56,11
00:22:57,7
00:22:58,4
00:22:59,11
00:23:00,11
00:23:01,11
00:23:02,11
00:23:03,7
00:23:04,4
00:23:05,11
00:23:06,11
00:23:07,11
00:23:08,7
00:23:09,4
00:23:10,11
00:23:11,11
00:23:12,11
00:23:13,7
00:23:14,4
00:23:15,11
00:23:16,11
00:23:17,11
00:23:18,11
00:23:19,4
00:23:20,7
00:23:21,11
00:23:22,11
00:23:23,11
00:23:24,7
00:23:25,4
00:23:26,11
00:23:27,11
00:23:28,20
00:23:29,7
00:23:30,4
00:23:31,11
00:23:32,11
00:23:33,11
00:23:34,9
00:23:35,2
00:23:36,11
00:23:37,11
00:23:38,11
00:23:39,11
00:23:40,7
00:23:41,4
00:23:42,11
00:23:43,11
00:23:44,11
00:23:45,7
00:23:46,4
00:23:47,11
00:23:48,11
00:23:49,11
00:23:50,7
00:23:51,4
00:23:52,11
00:23:53,11
00:23:54,11
00:23:55,11
00:23:56,7
00:23:57,4
00:23:58,11
00:23:59,11
00:24:00,11
00:24:01,7
00:24:02,4
00:24:03,11
00:24:04,11
00:24:05,11
00:24:06,7
00:24:07,4
00:24:08,11
00:24:09,11
00:24:10,11
00:24:11,11
00:24:12,7
00:24:13,4
00:24:14,11
00:24:15,11
00:24:16,11
00:24:17,7
00:24:18,13
00:24:19,11
00:24:20,11
00:24:21,11
00:24:22,7
00:24:23,4
00:24:24,11
00:24:25,11
00:24:26,11
00:24:27,11
00:24:28,7
00:24:29,4
00:24:30,11
00:24:31,11
00:24:32,11
00:24:33,7
00:24:34,4
00:24:35,11
00:24:36,11
00:24:37,11
00:24:38,7
00:24:39,4
00:24:40,11
00:24:41,11
00:24:42,11
00:24:43,11
00:24:44,7
00:24:45,4
00:24:46,11
00:24:47,11
00:24:48,11
00:24:49,7
00:24:50,4
00:24:51,11
00:24:52,11
00:24:53,11
00:24:54,7
00:24:55,4
00:24:56,11
00:24:57,11
00:24:58,11
00:24:59,11
00:25:00,13
00:25:01,7
00:25:02,13
00:25:03,11
00:25:04,11
00:25:05,7
00:25:06,4
00:25:07,11
00:25:08,11
00:25:09,11
00:25:10,7
00:25:11,4
00:25:12,11
00:25:13,11
00:25:14,11
00:25:15,7
00:25:16,4
00:25:17,11
00:25:18,11
00:25:19,11
00:25:20,11
00:25:21,7
00:25:22,4
00:25:23,11
00:25:24,11
00:25:25,11
00:25:26,7
00:25:27,4
00:25:28,11
00:25:29,11
00:25:30,11
00:25:31,7
00:25:32,4
00:25:33,11
00:25:34,11
00:25:35,11
00:25:36,11
00:25:37,7
00:25:38,4
00:25:39,11
00:25:40,11
00:25:41,11
00:25:42,7
00:25:43,13
00:25:44,11
00:25:45,11
00:25:46,11
00:25:47,7
00:25:48,4
00:25:49,11
00:25:50,11
00:25:51,11
00:25:52,11
00:25:53,7
00:25:54,4
00:25:55,11
00:25:56,11
00:25:57,11
00:25:58,7
00:25:59,4
00:26:00,11
00:26:01,11
00:26:02,11
00:26:03,7
00:26:04,4
00:26:05,11
00:26:06,11
00:26:07,11
00:26:08,11
00:26:09,7
00:26:10,4
00:26:11,11
00:26:12,11
00:26:13,11
00:26:14,7
00:26:15,4
00:26:16,11
00:26:17,11
00:26:18,11
00:26:19,7
00:26:20,4
00:26:21,20
00:26:22,11
00:26:23,11
00:26:24,11
00:26:25,7
00:26:26,4
00:26:27,11
00:26:28,11
00:26:29,11
00:26:30,7
00:26:31,4
00:26:32,11
00:26:33,11
00:26:34,11
00:26:35,7
00:26:36,4
00:26:37,11
00:26:38,11
00:26:39,11
00:26:40,11
00:26:41,0
00:26:42,11
00:26:43,11
00:26:44,11
00:26:45,11
00:26:46,7
00:26:47,4
00:26:48,11
00:26:49,11
00:26:50,11
00:26:51,7
00:26:52,4
00:26:53,11
00:26:54,11
00:26:55,11
00:26:56,16
00:26:57,4
00:26:58,11
00:26:59,11
00:27:00,11
00:27:01,11
00:27:02,7
00:27:03,4
00:27:04,11
00:27:05,11
00:27:06,11
00:27:07,7
00:27:08,4
00:27:09,11
00:27:10,11
00:27:11,11
00:27:12,7
00:27:13,4
00:27:14,11
00:27:15,11
00:27:16,11
00:27:17,11
00:27:18,7
00:27:19,4
00:27:20,11
00:27:21,11
00:27:22,11
00:27:23,7
00:27:24,4
00:27:25,11
00:27:26,11
00:27:27,11
00:27:28,7
00:27:29,4
00:27:30,11
00:27:31,11
00:27:32,11
00:27:33,11
00:27:34,16
00:27:35,4
00:27:36,11
00:27:37,11
00:27:38,11
00:27:39,7
00:27:40,4
00:27:41,11
00:27:42,11
00:27:43,11
00:27:44,7
00:27:45,4
00:27:46,11
00:27:47,11
00:27:48,11
00:27:49,11
00:27:50,7
00:27:51,4
00:27:52,11
00:27:53,11
00:27:54,11
00:27:55,7
00:27:56,4
00:27:57,11
00:27:58,11
00:27:59,11
00:28:00,7
00:28:01,4
00:28:02,11
00:28:03,11
00:28:04,11
00:28:05,9
00:28:06,2
00:28:07,11
00:28:08,20
00:28:09,11
00:28:10,11
00:28:11,7
00:28:12,4
00:28:13,11
00:28:14,11
00:28:15,11
00:28:16,7
00:28:17,4
00:28:18,11
00:28:19,11
00:28:20,11
00:28:21,7
00:28:22,4
00:28:23,11
00:28:24,11
00:28:25,11
00:28:26,11
00:28:27,7
00:28:28,4
00:28:29,11
00:28:30,15
00:28:31,11
00:28:32,7
00:28:33,4
00:28:34,11
00:28:35,11
00:28:36,11
00:28:37,7
00:28:38,4
00:28:39,11
00:28:40,11
00:28:41,19
00:28:42,12
00:28:43,7
00:28:44,4
00:28:45,11
00:28:46,11
00:28:47,11
00:28:48,7
00:28:49,4
00:28:50,11
00:28:51,11
00:28:52,11
00:28:53,7
00:28:54,4
00:28:55,11
00:28:56,11
00:28:57,11
00:28:58,11
00:28:59,7
00:29:00,4
00:29:01,11
00:29:02,11
00:29:03,11
00:29:04,7
00:29:05,4
00:29:06,11
00:29:07,11
00:29:08,11
00:29:09,7
00:29:10,4
00:29:11,11
00:29:12,11
00:29:13,11
00:29:14,11
00:29:15,4
00:29:16,7
00:29:17,11
00:29:18,11
00:29:19,11
00:29:20,7
00:29:21,13
00:29:22,11
00:29:23,11
00:29:24,11
00:29:25,7
00:29:26,4
00:29:27,11
00:29:28,11
00:29:29,11
00:29:30,7
00:29:31,4
00:29:32,11
00:29:33,11
00:29:34,11
00:29:35,11
00:29:36,7
00:29:37,4
00:29:38,11
00:29:39,11
00:29:40,11
00:29:41,7
00:29:42,4
00:29:43,11
00:29:44,11
00:29:45,11
00:29:46,7
00:29:47,4
00:29:48,11
00:29:49,11
00:29:50,11
00:29:51,11
00:29:52,7
00:29:53,4
00:29:54,11
00:29:55,11
00:29:56,11
00:29:57,7
00:29:58,4
00:29:59,11
00:30:00,11
00:30:01,11
00:30:02,7
00:30:03,4
00:30:04,11
00:30:05,11
00:30:06,11
00:30:07,11
00:30:08,16
00:30:09,4
00:30:10,11
00:30:11,11
00:30:12,11
00:30:13,7
00:30:14,4
00:30:15,11
00:30:16,11
00:30:17,14
00:30:18,7
00:30:19,4
00:30:20,11
00:30:21,11
00:30:22,11
00:30:23,11
00:30:24,7
00:30:25,4
00:30:26,11
00:30:27,11
00:30:28,11
00:30:29,7
00:30:30,4
00:30:31,11
00:30:32,11
00:30:33,11
00:30:34,7
00:30:35,4
00:30:36,11
00:30:37,11
00:30:38,11
00:30:39,11
00:30:40,4
00:30:41,7
00:30:42,11
00:30:43,11
00:30:44,11
00:30:45,7
00:30:46,4
00:30:47,11
00:30:48,11
00:30:49,11
00:30:50,7
00:30:51,4
00:30:52,11
00:30:53,11
00:30:54,11
00:30:55,16
00:30:56,4
00:30:57,11
00:30:58,11
00:30:59,11
00:31:00,11
00:31:01,7
00:31:02,4
00:31:03,11
00:31:04,11
00:31:05,11
00:31:06,7
00:31:07,4
00:31:08,11
00:31:09,11
00:31:10,11
00:31:11,7
00:31:12,4
00:31:13,11
00:31:14,11
00:31:15,11
00:31:16,11
00:31:17,7
00:31:18,4
00:31:19,11
00:31:20,11
00:31:21,11
00:31:22,7
00:31:23,4
00:31:24,11
00:31:25,11
00:31:26,11
00:31:27,7
00:31:28,4
00:31:29,11
00:31:30,11
00:31:31,11
00:31:32,11
00:31:33,7
00:31:34,4
00:31:35,20
00:31:36,11
00:31:37,11
00:31:38,7
00:31:39,4
00:31:40,11
00:31:41,11
00:31:42,11
00:31:43,7
00:31:44,4
00:31:45,11
00:31:46,11
00:31:47,11
00:31:48,11
00:31:49,7
00:31:50,4
00:31:51,11
00:31:52,11
00:31:53,11
00:31:54,7
00:31:55,4
00:31:56,11
00:31:57,11
00:31:58,11
00:31:59,7
00:32:00,4
00:32:01,11
00:32:02,11
00:32:03,11
00:32:04,7
00:32:05,4
00:32:06,11
00:32:07,11
00:32:08,11
00:32:09,11
00:32:10,7
00:32:11,13
00:32:12,11
00:32:13,11
00:32:14,11
00:32:15,7
00:32:16,4
00:32:17,11
00:32:18,11
00:32:19,11
00:32:20,7
00:32:21,4
00:32:22,11
00:32:23,11
00:32:24,11
00:32:25,11
00:32:26,7
00:32:27,4
00:32:28,11
00:32:29,11
00:32:30,11
00:32:31,7
00:32:32,4
00:32:33,11
00:32:34,11
00:32:35,11
00:32:36,7
00:32:37,4
00:32:38,11
00:32:39,11
00:32:40,11
00:32:41,11
00:32:42,7
00:32:43,4
00:32:44,11
00:32:45,11
00:32:46,11
00:32:47,16
00:32:48,4
00:32:49,11
00:32:50,11
00:32:51,11
00:32:52,7
00:32:53,4
00:32:54,11
00:32:55,11
00:32:56,11
00:32:57,11
00:32:58,7
00:32:59,4
00:33:00,11
00:33:01,11
00:33:02,11
00:33:03,7
00:33:04,4
00:33:05,11
00:33:06,11
00:33:07,11
00:33:08,7
00:33:09,4
00:33:10,11
00:33:11,11
00:33:12,11
00:33:13,11
00:33:14,4
00:33:15,7
00:33:16,11
00:33:17,11
00:33:18,11
00:33:19,7
00:33:20,4
00:33:21,11
00:33:22,11
00:33:23,11
00:33:24,16
00:33:25,4
00:33:26,11
00:33:27,11
00:33:28,11
00:33:29,7
00:33:30,4
00:33:31,11
00:33:32,11
00:33:33,11
00:33:34,11
00:33:35,7
00:33:36,4
00:33:37,11
00:33:38,11
00:33:39,11
00:33:40,7
00:33:41,4
00:33:42,11
00:33:43,11
00:33:44,11
00:33:45,7
00:33:46,4
00:33:47,11
00:33:48,11
00:33:49,11
00:33:50,11
00:33:51,7
00:33:52,4
00:33:53,11
00:33:54,11
00:33:55,11
00:33:56,7
00:33:57,4
00:33:58,11
00:33:59,11
00:34:00,20
00:34:01,7
00:34:02,4
00:34:03,11
00:34:04,11
00:34:05,11
00:34:06,11
00:34:07,7
00:34:08,4
00:34:09,11
00:34:10,11
00:34:11,11
00:34:12,7
00:34:13,4
00:34:14,11
00:34:15,11
00:34:16,11
00:34:17,7
00:34:18,4
00:34:19,11
00:34:20,11
00:34:21,11
00:34:22,11
00:34:23,7
00:34:24,4
00:34:25,11
00:34:26,11
00:34:27,11
00:34:28,7
00:34:29,4
00:34:30,11
00:34:31,11
00:34:32,11
00:34:33,7
00:34:34,4
00:34:35,11
00:34:36,11
00:34:37,11
00:34:38,11
00:34:39,7
00:34:40,4
00:34:41,11
00:34:42,20
00:34:43,11
00:34:44,7
00:34:45,4
00:34:46,11
00:34:47,11
00:34:48,11
00:34:49,7
00:34:50,4
00:34:51,11
00:34:52,11
00:34:53,11
00:34:54,9
00:34:55,2
00:34:56,11
00:34:57,11
00:34:58,11
00:34:59,11
00:35:00,7
00:35:01,4
00:35:02,13
00:35:03,11
00:35:04,11
00:35:05,7
00:35:06,4
00:35:07,11
00:35:08,11
00:35:09,11
00:35:10,7
00:35:11,4
00:35:12,11
00:35:13,11
00:35:14,11
00:35:15,11
00:35:16,7
00:35:17,4
00:35:18,11
00:35:19,11
00:35:20,11
00:35:21,7
00:35:22,4
00:35:23,11
00:35:24,11
00:35:25,11
00:35:26,7
00:35:27,13
00:35:28,11
00:35:29,11
00:35:30,11
00:35:31,11
00:35:32,7
00:35:33,4
00:35:34,11
00:35:35,11
00:35:36,11
00:35:37,7
00:35:38,4
00:35:39,11
00:35:40,11
00:35:41,11
00:35:42,7
00:35:43,4
00:35:44,11
00:35:45,11
00:35:46,11
00:35:47,11
00:35:48,7
00:35:49,4
00:35:50,11
00:35:51,11
00:35:52,11
00:35:53,7
00:35:54,4
00:35:55,11
00:35:56,11
00:35:57,11
00:35:58,7
00:35:59,4
00:36:00,11
00:36:01,11
00:36:02,11
00:36:03,11
00:36:04,7
00:36:05,4
00:36:06,11
00:36:07,20
00:36:08,11
00:36:09,7
00:36:10,4
00:36:11,11
00:36:12,11
00:36:13,11
00:36:14,7
00:36:15,4
00:36:16,11
00:36:17,11
00:36:18,11
00:36:19,9
00:36:20,2
00:36:21,11
00:36:22,11
00:36:23,11
00:36:24,11
00:36:25,7
00:36:26,4
00:36:27,11
00:36:28,11
00:36:29,11
00:36:30,7
00:36:31,4
00:36:32,11
00:36:33,11
00:36:34,11
00:36:35,7
00:36:36,4
00:36:37,11
00:36:38,11
00:36:39,11
00:36:40,11
00:36:41,7
00:36:42,4
00:36:43,11
00:36:44,11
00:36:45,11
00:36:46,16
00:36:47,4
00:36:48,11
00:36:49,11
00:36:50,11
00:36:51,7
00:36:52,4
00:36:53,11
00:36:54,11
00:36:55,11
00:36:56,11
00:36:57,7
00:36:58,4
00:36:59,11
00:37:00,11
00:37:01,11
00:37:02,7
00:37:03,4
00:37:04,11
00:37:05,11
00:37:06,11
00:37:07,7
00:37:08,4
00:37:09,11
00:37:10,11
00:37:11,11
00:37:12,11
00:37:13,7
00:37:14,4
00:37:15,11
00:37:16,11
00:37:17,11
00:37:18,7
00:37:19,4
00:37:20,11
00:37:21,11
00:37:22,11
00:37:23,7
00:37:24,4
00:37:25,11
00:37:26,20
00:37:27,11
00:37:28,11
00:37:29,7
00:37:30,4
00:37:31,11
00:37:32,11
00:37:33,11
00:37:34,7
00:37:35,4
00:37:36,11
00:37:37,11
00:37:38,11
00:37:39,7
00:37:40,4
00:37:41,11
00:37:42,11
00:37:43,11
00:37:44,9
00:37:45,2
00:37:46,11
00:37:47,11
00:37:48,11
00:37:49,11
00:37:50,7
00:37:51,4
00:37:52,11
00:37:53,11
00:37:54,11
00:37:55,7
00:37:56,4
00:37:57,11
00:37:58,11
00:37:59,11
00:38:00,7
00:38:01,4
00:38:02,11
00:38:03,11
00:38:04,11
00:38:05,11
00:38:06,7
00:38:07,4
00:38:08,11
00:38:09,11
00:38:10,20
00:38:11,7
00:38:12,4
00:38:13,11
00:38:14,11
00:38:15,11
00:38:16,7
00:38:17,4
00:38:18,11
00:38:19,11
00:38:20,11
00:38:21,11
00:38:22,7
00:38:23,4
00:38:24,11
00:38:25,11
00:38:26,11
00:38:27,7
00:38:28,4
00:38:29,11
00:38:30,11
00:38:31,11
00:38:32,7
00:38:33,4
00:38:34,11
00:38:35,11
00:38:36,11
00:38:37,11
00:38:38,7
00:38:39,4
00:38:40,11
00:38:41,11
00:38:42,11
00:38:43,7
00:38:44,4
00:38:45,11
00:38:46,20
00:38:47,11
00:38:48,7
00:38:49,4
00:38:50,11
00:38:51,11
00:38:52,11
00:38:53,9
00:38:54,2
00:38:55,11
00:38:56,11
00:38:57,11
00:38:58,11
00:38:59,7
00:39:00,4
00:39:01,11
00:39:02,11
00:39:03,11
00:39:04,7
00:39:05,4
00:39:06,11
00:39:07,11
00:39:08,11
00:39:09,7
00:39:10,4
00:39:11,11
00:39:12,11
00:39:13,11
00:39:14,11
00:39:15,7
00:39:16,4
00:39:17,11
00:39:18,11
00:39:19,20
00:39:20,7
00:39:21,4
00:39:22,11
00:39:23,11
00:39:24,11
00:39:25,7
00:39:26,4
00:39:27,11
00:39:28,11
00:39:29,11
00:39:30,11
00:39:31,7
00:39:32,4
00:39:33,11
00:39:34,11
00:39:35,11
00:39:36,7
00:39:37,4
00:39:38,11
00:39:39,11
00:39:40,11
00:39:41,7
00:39:42,4
00:39:43,11
00:39:44,11
00:39:45,11
00:39:46,11
00:39:47,7
00:39:48,4
00:39:49,11
00:39:50,11
00:39:51,11
00:39:52,7
00:39:53,4
00:39:54,11
00:39:55,11
00:39:56,11
00:39:57,16
00:39:58,4
00:39:59,11
00:40:00,14
00:40:01,11
00:40:02,11
00:40:03,7
00:40:04,4
00:40:05,11
00:40:06,11
00:40:07,11
00:40:08,7
00:40:09,4
00:40:10,11
00:40:11,11
00:40:12,11
00:40:13,7
00:40:14,4
00:40:15,11
00:40:16,11
00:40:17,11
00:40:18,11
00:40:19,0
00:40:20,11
00:40:21,11
00:40:22,11
00:40:23,11
00:40:24,7
00:40:25,4
00:40:26,11
00:40:27,11
00:40:28,11
00:40:29,7
00:40:30,4
00:40:31,11
00:40:32,11
00:40:33,11
00:40:34,7
00:40:35,4
00:40:36,11
00:40:37,11
00:40:38,11
00:40:39,11
00:40:40,7
00:40:41,13
00:40:42,11
00:40:43,11
00:40:44,11
00:40:45,7
00:40:46,4
00:40:47,11
00:40:48,11
00:40:49,11
00:40:50,7
00:40:51,4
00:40:52,11
00:40:53,11
00:40:54,11
00:40:55,11
00:40:56,7
00:40:57,4
00:40:58,11
00:40:59,11
00:41:00,11
00:41:01,7
00:41:02,4
00:41:03,11
00:41:04,11
00:41:05,11
00:41:06,7
00:41:07,4
00:41:08,11
00:41:09,11
00:41:10,11
00:41:11,11
00:41:12,7
00:41:13,4
00:41:14,11
00:41:15,11
00:41:16,11
00:41:17,7
00:41:18,4
00:41:19,11
00:41:20,11
00:41:21,11
00:41:22,7
00:41:23,4
00:41:24,11
00:41:25,11
00:41:26,11
00:41:27,11
00:41:28,4
00:41:29,7
00:41:30,11
00:41:31,20
00:41:32,11
00:41:33,7
00:41:34,4
00:41:35,11
00:41:36,11
00:41:37,11
00:41:38,7
00:41:39,4
00:41:40,11
00:41:41,11
00:41:42,11
00:41:43,7
00:41:44,4
00:41:45,11
00:41:46,11
00:41:47,11
00:41:48,11
00:41:49,7
00:41:50,4
00:41:51,11
00:41:52,11
00:41:53,11
00:41:54,7
00:41:55,4
00:41:56,11
00:41:57,11
00:41:58,11
00:41:59,7
00:42:00,4
00:42:01,11
00:42:02,11
00:42:03,11
00:42:04,11
00:42:05,7
00:42:06,4
00:42:07,11
00:42:08,11
00:42:09,11
00:42:10,7
00:42:11,4
00:42:12,11
00:42:13,11
00:42:14,11
00:42:15,7
00:42:16,13
00:42:17,11
00:42:18,11
00:42:19,11
00:42:20,11
00:42:21,7
00:42:22,4
00:42:23,11
00:42:24,11
00:42:25,11
00:42:26,7
00:42:27,4
00:42:28,11
00:42:29,11
00:42:30,11
00:42:31,7
00:42:32,4
00:42:33,11
00:42:34,11
00:42:35,11
00:42:36,11
00:42:37,7
00:42:38,4
00:42:39,11
00:42:40,11
00:42:41,11
00:42:42,7
00:42:43,4
00:42:44,11
00:42:45,11
00:42:46,11
00:42:47,7
00:42:48,4
00:42:49,20
00:42:50,11
00:42:51,11
00:42:52,11
00:42:53,7
00:42:54,4
00:42:55,11
00:42:56,11
00:42:57,11
00:42:58,7
00:42:59,4
00:43:00,11
00:43:01,11
00:43:02,11
00:43:03,7
00:43:04,4
00:43:05,11
00:43:06,11
00:43:07,11
00:43:08,7
00:43:09,4
00:43:10,11
00:43:11,11
00:43:12,11
00:43:13,11
00:43:14,7
00:43:15,4
00:43:16,11
00:43:17,11
00:43:18,11
00:43:19,7
00:43:20,4
00:43:21,11
00:43:22,11
00:43:23,11
00:43:24,7
00:43:25,13
00:43:26,11
00:43:27,11
00:43:28,11
00:43:29,11
00:43:30,7
00:43:31,4
00:43:32,11
00:43:33,11
00:43:34,11
00:43:35,7
00:43:36,4
00:43:37,11
00:43:38,11
00:43:39,11
00:43:40,7
00:43:41,4
00:43:42,11
00:43:43,11
00:43:44,11
00:43:45,11
00:43:46,7
00:43:47,4
00:43:48,11
00:43:49,11
00:43:50,11
00:43:51,7
00:43:52,4
00:43:53,11
00:43:54,11
00:43:55,11
00:43:56,7
00:43:57,4
00:43:58,11
00:43:59,11
00:44:00,11
00:44:01,11
00:44:02,7
00:44:03,4
00:44:04,11
00:44:05,11
00:44:06,11
00:44:07,7
00:44:08,13
00:44:09,11
00:44:10,11
00:44:11,11
00:44:12,7
00:44:13,4
00:44:14,11
00:44:15,11
00:44:16,11
00:44:17,9
00:44:18,2
00:44:19,11
00:44:20,11
00:44:21,11
00:44:22,11
00:44:23,7
00:44:24,4
00:44:25,11
00:44:26,11
00:44:27,11
00:44:28,7
00:44:29,4
00:44:30,11
00:44:31,11
00:44:32,11
00:44:33,7
00:44:34,4
00:44:35,11
00:44:36,11
00:44:37,11
00:44:38,11
00:44:39,7
00:44:40,4
00:44:41,11
00:44:42,11
00:44:43,11
00:44:44,7
00:44:45,4
00:44:46,11
00:44:47,11
00:44:48,11
00:44:49,16
00:44:50,4
00:44:51,11
00:44:52,11
00:44:53,11
00:44:54,11
00:44:55,7
00:44:56,4
00:44:57,11
00:44:58,11
00:44:59,11
00:45:00,7
00:45:01,4
00:45:02,13
00:45:03,11
00:45:04,11
00:45:05,7
00:45:06,4
00:45:07,11
00:45:08,11
00:45:09,11
00:45:10,11
00:45:11,7
00:45:12,4
00:45:13,11
00:45:14,11
00:45:15,11
00:45:16,7
00:45:17,4
00:45:18,11
00:45:19,11
00:45:20,11
00:45:21,7
00:45:22,4
00:45:23,11
00:45:24,11
00:45:25,11
00:45:26,11
00:45:27,4
00:45:28,16
00:45:29,11
00:45:30,11
00:45:31,11
00:45:32,7
00:45:33,4
00:45:34,11
00:45:35,11
00:45:36,11
00:45:37,7
00:45:38,4
00:45:39,11
00:45:40,11
00:45:41,11
00:45:42,7
00:45:43,4
00:45:44,11
00:45:45,11
00:45:46,11
00:45:47,11
00:45:48,7
00:45:49,4
00:45:50,11
00:45:51,11
00:45:52,11
00:45:53,7
00:45:54,4
00:45:55,11
00:45:56,11
00:45:57,11
00:45:58,7
00:45:59,4
00:46:00,11
00:46:01,11
00:46:02,11
00:46:03,11
00:46:04,7
00:46:05,4
00:46:06,11
00:46:07,11
00:46:08,11
00:46:09,16
00:46:10,4
00:46:11,11
00:46:12,11
00:46:13,11
00:46:14,7
00:46:15,4
00:46:16,11
00:46:17,11
00:46:18,11
00:46:19,11
00:46:20,7
00:46:21,4
00:46:22,11
00:46:23,11
00:46:24,11
00:46:25,7
00:46:26,4
00:46:27,11
00:46:28,11
00:46:29,11
00:46:30,7
00:46:31,4
00:46:32,11
00:46:33,11
00:46:34,11
00:46:35,11
00:46:36,7
00:46:37,4
00:46:38,11
00:46:39,11
00:46:40,11
00:46:41,7
00:46:42,4
00:46:43,11
00:46:44,11
00:46:45,11
00:46:46,7
00:46:47,4
00:46:48,11
00:46:49,20
00:46:50,11
00:46:51,11
00:46:52,4
00:46:53,7
00:46:54,11
00:46:55,11
00:46:56,11
00:46:57,7
00:46:58,4
00:46:59,11
00:47:00,11
00:47:01,11
00:47:02,7
00:47:03,4
00:47:04,11
00:47:05,11
00:47:06,11
00:47:07,7
00:47:08,4
00:47:09,11
00:47:10,11
00:47:11,11
00:47:12,11
00:47:13,7
00:47:14,4
00:47:15,11
00:47:16,11
00:47:17,11
00:47:18,7
00:47:19,4
00:47:20,11
00:47:21,11
00:47:22,11
00:47:23,7
00:47:24,4
00:47:25,11
00:47:26,11
00:47:27,11
00:47:28,20
00:47:29,7
00:47:30,4
00:47:31,11
00:47:32,11
00:47:33,11
00:47:34,7
00:47:35,4
00:47:36,11
00:47:37,11
00:47:38,11
00:47:39,7
00:47:40,4
00:47:41,11
00:47:42,11
00:47:43,11
00:47:44,11
00:47:45,7
00:47:46,4
00:47:47,11
00:47:48,11
00:47:49,11
00:47:50,7
00:47:51,4
00:47:52,11
00:47:53,11
00:47:54,11
00:47:55,7
00:47:56,4
00:47:57,11
00:47:58,11
00:47:59,11
00:48:00,11
00:48:01,7
00:48:02,4
00:48:03,11
00:48:04,11
00:48:05,11
00:48:06,7
00:48:07,4
00:48:08,11
00:48:09,11
00:48:10,11
00:48:11,16
00:48:12,4
00:48:13,11
00:48:14,11
00:48:15,11
00:48:16,11
00:48:17,7
00:48:18,4
00:48:19,11
00:48:20,11
00:48:21,11
00:48:22,7
00:48:23,4
00:48:24,11
00:48:25,11
00:48:26,11
00:48:27,7
00:48:28,4
00:48:29,11
00:48:30,11
00:48:31,11
00:48:32,9
00:48:33,2
00:48:34,11
00:48:35,11
00:48:36,11
00:48:37,11
00:48:38,7
00:48:39,4
00:48:40,11
00:48:41,11
00:48:42,11
00:48:43,7
00:48:44,4
00:48:45,11
00:48:46,11
00:48:47,11
00:48:48,7
00:48:49,4
00:48:50,20
00:48:51,11
00:48:52,11
00:48:53,11
00:48:54,7
00:48:55,4
00:48:56,11
00:48:57,11
00:48:58,11
00:48:59,7
00:49:00,4
00:49:01,11
00:49:02,11
00:49:03,11
00:49:04,7
00:49:05,4
00:49:06,11
00:49:07,11
00:49:08,11
00:49:09,11
00:49:10,7
00:49:11,4
00:49:12,11
00:49:13,11
00:49:14,11
00:49:15,7
00:49:16,4
00:49:17,11
00:49:18,11
00:49:19,11
00:49:20,7
00:49:21,4
00:49:22,11
00:49:23,11
00:49:24,11
00:49:25,11
00:49:26,7
00:49:27,4
00:49:28,11
00:49:29,11
00:49:30,20
00:49:31,7
00:49:32,4
00:49:33,11
00:49:34,11
00:49:35,11
00:49:36,7
00:49:37,4
00:49:38,11
00:49:39,11
00:49:40,11
00:49:41,11
00:49:42,4
00:49:43,7
00:49:44,11
00:49:45,11
00:49:46,11
00:49:47,7
00:49:48,4
00:49:49,11
00:49:50,11
00:49:51,11
00:49:52,7
00:49:53,4
00:49:54,11
00:49:55,11
00:49:56,11
00:49:57,7
00:49:58,4
00:49:59,11
00:50:00,11
00:50:01,11
00:50:02,11
00:50:03,7
00:50:04,4
00:50:05,11
00:50:06,11
00:50:07,20
00:50:08,7
00:50:09,4
00:50:10,11
00:50:11,11
00:50:12,11
00:50:13,7
00:50:14,4
00:50:15,11
00:50:16,11
00:50:17,11
00:50:18,11
00:50:19,7
00:50:20,4
00:50:21,11
00:50:22,16
00:50:23,11
00:50:24,7
00:50:25,4
00:50:26,11
00:50:27,11
00:50:28,11
00:50:29,7
00:50:30,4
00:50:31,11
00:50:32,11
00:50:33,11
00:50:34,11
00:50:35,7
00:50:36,4
00:50:37,11
00:50:38,11
00:50:39,11
00:50:40,7
00:50:41,4
00:50:42,11
00:50:43,11
00:50:44,11
00:50:45,16
00:50:46,4
00:50:47,11
00:50:48,11
00:50:49,11
00:50:50,11
00:50:51,4
00:50:52,7
00:50:53,11
00:50:54,11
00:50:55,11
00:50:56,7
00:50:57,4
00:50:58,11
00:50:59,11
00:51:00,11
00:51:01,7
00:51:02,4
00:51:03,11
00:51:04,11
00:51:05,11
00:51:06,7
00:51:07,4
00:51:08,11
00:51:09,11
00:51:10,11
00:51:11,11
00:51:12,7
00:51:13,4
00:51:14,11
00:51:15,11
00:51:16,11
00:51:17,7
00:51:18,4
00:51:19,11
00:51:20,11
00:51:21,11
00:51:22,16
00:51:23,4
00:51:24,11
00:51:25,11
00:51:26,11
00:51:27,11
00:51:28,7
00:51:29,4
00:51:30,11
00:51:31,11
00:51:32,11
00:51:33,7
00:51:34,4
00:51:35,11
00:51:36,11
00:51:37,11
00:51:38,7
00:51:39,4
00:51:40,11
00:51:41,11
00:51:42,11
00:51:43,11
00:51:44,7
00:51:45,4
00:51:46,11
00:51:47,11
00:51:48,11
00:51:49,7
00:51:50,4
00:51:51,11
00:51:52,11
00:51:53,11
00:51:54,7
00:51:55,4
00:51:56,11
00:51:57,11
00:51:58,20
00:51:59,11
00:52:00,7
00:52:01,4
00:52:02,11
00:52:03,11
00:52:04,11
00:52:05,7
00:52:06,4
00:52:07,11
00:52:08,11
00:52:09,11
00:52:10,7
00:52:11,4
00:52:12,11
00:52:13,11
00:52:14,11
00:52:15,11
00:52:16,5
00:52:17,6
00:52:18,11
00:52:19,11
00:52:20,11
00:52:21,7
00:52:22,4
00:52:23,11
00:52:24,11
00:52:25,11
00:52:26,7
00:52:27,4
00:52:28,20
00:52:29,11
00:52:30,11
00:52:31,7
00:52:32,4
00:52:33,11
00:52:34,11
00:52:35,11
00:52:36,11
00:52:37,7
00:52:38,4
00:52:39,11
00:52:40,11
00:52:41,11
00:52:42,7
00:52:43,4
00:52:44,11
00:52:45,11
00:52:46,11
00:52:47,7
00:52:48,4
00:52:49,11
00:52:50,11
00:52:51,11
00:52:52,11
00:52:53,7
00:52:54,4
00:52:55,11
00:52:56,11
00:52:57,11
00:52:58,7
00:52:59,4
00:53:00,11
00:53:01,11
00:53:02,11
00:53:03,7
00:53:04,13
00:53:05,11
00:53:06,11
00:53:07,11
00:53:08,11
00:53:09,7
00:53:10,4
00:53:11,11
00:53:12,11
00:53:13,11
00:53:14,7
00:53:15,4
00:53:16,11
00:53:17,11
00:53:18,11
00:53:19,7
00:53:20,4
00:53:21,11
00:53:22,11
00:53:23,11
00:53:24,11
00:53:25,7
00:53:26,4
00:53:27,11
00:53:28,11
00:53:29,11
00:53:30,7
00:53:31,4
00:53:32,11
00:53:33,11
00:53:34,11
00:53:35,7
00:53:36,4
00:53:37,11
00:53:38,11
00:53:39,20
00:53:40,11
00:53:41,0
00:53:42,11
00:53:43,11
00:53:44,11
00:53:45,11
00:53:46,7
00:53:47,4
00:53:48,11
00:53:49,11
00:53:50,11
00:53:51,7
00:53:52,4
00:53:53,11
00:53:54,11
00:53:55,11
00:53:56,7
00:53:57,4
00:53:58,11
00:53:59,11
00:54:00,11
00:54:01,11
00:54:02,7
00:54:03,4
00:54:04,11
00:54:05,11
00:54:06,11
00:54:07,7
00:54:08,4
00:54:09,11
00:54:10,11
00:54:11,11
00:54:12,7
00:54:13,4
00:54:14,11
00:54:15,11
00:54:16,11
00:54:17,11
00:54:18,7
00:54:19,4
00:54:20,20
00:54:21,11
00:54:22,11
00:54:23,7
00:54:24,4
00:54:25,11
00:54:26,11
00:54:27,11
00:54:28,7
00:54:29,4
00:54:30,11
00:54:31,11
00:54:32,11
00:54:33,11
00:54:34,7
00:54:35,4
00:54:36,11
00:54:37,11
00:54:38,11
00:54:39,7
00:54:40,4
00:54:41,11
00:54:42,11
00:54:43,11
00:54:44,7
00:54:45,4
00:54:46,11
00:54:47,11
00:54:48,11
00:54:49,11
00:54:50,7
00:54:51,4
00:54:52,11
00:54:53,11
00:54:54,11
00:54:55,7
00:54:56,4
00:54:57,11
00:54:58,20
00:54:59,11
00:55:00,7
00:55:01,4
00:55:02,13
00:55:03,11
00:55:04,11
00:55:05,11
00:55:06,7
00:55:07,4
00:55:08,11
00:55:09,11
00:55:10,11
00:55:11,7
00:55:12,4
00:55:13,11
00:55:14,11
00:55:15,11
00:55:16,7
00:55:17,4
00:55:18,11
00:55:19,11
00:55:20,11
00:55:21,9
00:55:22,2
00:55:23,11
00:55:24,11
00:55:25,11
00:55:26,11
00:55:27,7
00:55:28,4
00:55:29,11
00:55:30,11
00:55:31,11
00:55:32,7
00:55:33,4
00:55:34,11
00:55:35,11
00:55:36,11
00:55:37,7
00:55:38,4
00:55:39,20
00:55:40,11
00:55:41,11
00:55:42,11
00:55:43,7
00:55:44,4
00:55:45,11
00:55:46,11
00:55:47,11
00:55:48,7
00:55:49,4
00:55:50,11
00:55:51,11
00:55:52,11
00:55:53,7
00:55:54,4
00:55:55,11
00:55:56,11
00:55:57,11
00:55:58,11
00:55:59,7
00:56:00,4
00:56:01,11
00:56:02,11
00:56:03,11
00:56:04,7
00:56:05,4
00:56:06,11
00:56:07,11
00:56:08,11
00:56:09,7
00:56:10,4
00:56:11,11
00:56:12,11
00:56:13,11
00:56:14,11
00:56:15,7
00:56:16,4
00:56:17,11
00:56:18,20
00:56:19,11
00:56:20,7
00:56:21,4
00:56:22,11
00:56:23,11
00:56:24,11
00:56:25,7
00:56:26,4
00:56:27,11
00:56:28,11
00:56:29,11
00:56:30,11
00:56:31,4
00:56:32,7
00:56:33,11
00:56:34,11
00:56:35,11
00:56:36,7
00:56:37,4
00:56:38,11
00:56:39,11
00:56:40,11
00:56:41,7
00:56:42,4
00:56:43,11
00:56:44,11
00:56:45,11
00:56:46,7
00:56:47,4
00:56:48,11
00:56:49,11
00:56:50,11
00:56:51,11
00:56:52,7
00:56:53,4
00:56:54,11
00:56:55,11
00:56:56,11
00:56:57,7
00:56:58,13
00:56:59,11
00:57:00,11
00:57:01,11
00:57:02,7
00:57:03,4
00:57:04,11
00:57:05,11
00:57:06,11
00:57:07,11
00:57:08,7
00:57:09,4
00:57:10,11
00:57:11,11
00:57:12,11
00:57:13,7
00:57:14,4
00:57:15,11
00:57:16,11
00:57:17,11
00:57:18,7
00:57:19,4
00:57:20,11
00:57:21,11
00:57:22,11
00:57:23,11
00:57:24,7
00:57:25,4
00:57:26,11
00:57:27,11
00:57:28,11
00:57:29,7
00:57:30,4
00:57:31,11
00:57:32,11
00:57:33,11
00:57:34,16
00:57:35,4
00:57:36,11
00:57:37,11
00:57:38,11
00:57:39,11
00:57:40,7
00:57:41,4
00:57:42,11
00:57:43,11
00:57:44,11
00:57:45,7
00:57:46,4
00:57:47,11
00:57:48,11
00:57:49,11
00:57:50,7
00:57:51,4
00:57:52,11
00:57:53,11
00:57:54,11
00:57:55,11
00:57:56,7
00:57:57,4
00:57:58,11
00:57:59,11
00:58:00,11
00:58:01,7
00:58:02,4
00:58:03,11
00:58:04,11
00:58:05,11
00:58:06,7
00:58:07,4
00:58:08,11
00:58:09,11
00:58:10,11
00:58:11,16
00:58:12,4
00:58:13,11
00:58:14,11
00:58:15,11
00:58:16,11
00:58:17,7
00:58:18,4
00:58:19,11
00:58:20,11
00:58:21,11
00:58:22,7
00:58:23,4
00:58:24,11
00:58:25,11
00:58:26,11
00:58:27,7
00:58:28,4
00:58:29,11
00:58:30,11
00:58:31,11
00:58:32,11
00:58:33,7
00:58:34,4
00:58:35,11
00:58:36,11
00:58:37,11
00:58:38,7
00:58:39,4
00:58:40,11
00:58:41,11
00:58:42,11
00:58:43,7
00:58:44,4
00:58:45,11
00:58:46,11
00:58:47,11
00:58:48,11
00:58:49,7
00:58:50,13
00:58:51,11
00:58:52,11
00:58:53,11
00:58:54,7
00:58:55,4
00:58:56,11
00:58:57,11
00:58:58,11
00:58:59,7
00:59:00,4
00:59:01,11
00:59:02,11
00:59:03,11
00:59:04,11
00:59:05,7
00:59:06,4
00:59:07,11
00:59:08,11
00:59:09,11
00:59:10,7
00:59:11,4
00:59:12,11
00:59:13,11
00:59:14,11
00:59:15,7
00:59:16,4
00:59:17,11
00:59:18,11
00:59:19,11
00:59:20,11
00:59:21,3
00:59:22,8
00:59:23,11
00:59:24,20
00:59:25,11
00:59:26,7
00:59:27,4
00:59:28,11
00:59:29,11
00:59:30,11
00:59:31,7
00:59:32,4
00:59:33,11
00:59:34,11
00:59:35,11
00:59:36,7
00:59:37,4
00:59:38,11
00:59:39,11
00:59:40,11
00:59:41,11
00:59:42,7
00:59:43,4
00:59:44,11
00:59:45,11
00:59:46,11
00:59:47,7
00:59:48,4
00:59:49,11
00:59:50,11
00:59:51,11
00:59:52,7
00:59:53,4
00:59:54,11
00:59:55,11
00:59:56,11
00:59:57,11
00:59:58,7
00:59:59,4
01:00:00,11
01:00:01,11
01:00:02,11
01:00:03,7
01:00:04,4
01:00:05,20
01:00:06,11
01:00:07,11
01:00:08,7
01:00:09,4
01:00:10,11
01:00:11,11
01:00:12,11
01:00:13,11
01:00:14,7
01:00:15,4
01:00:16,11
01:00:17,11
01:00:18,11
01:00:19,7
01:00:20,4
01:00:21,11
01:00:22,11
01:00:23,11
01:00:24,7
01:00:25,7
01:00:26,11
01:00:27,11
01:00:28,11
01:00:29,11
01:00:30,7
01:00:31,4
01:00:32,11
01:00:33,11
01:00:34,11
01:00:35,7
01:00:36,4
01:00:37,11
01:00:38,11
01:00:39,11
01:00:40,7
01:00:41,13
01:00:42,11
01:00:43,11
01:00:44,11
01:00:45,11
01:00:46,7
01:00:47,4
01:00:48,11
01:00:49,11
01:00:50,11
01:00:51,7
01:00:52,4
01:00:53,11
01:00:54,11
01:00:55,11
01:00:56,7
01:00:57,4
01:00:58,11
01:00:59,11
01:01:00,11
01:01:01,10
01:01:02,1
01:01:03,11
01:01:04,11
01:01:05,11
01:01:06,11
01:01:07,7
01:01:08,4
01:01:09,11
01:01:10,11
01:01:11,11
01:01:12,7
01:01:13,4
01:01:14,11
01:01:15,11
01:01:16,11
01:01:17,16
01:01:18,4
01:01:19,11
01:01:20,11
01:01:21,11
01:01:22,11
01:01:23,7
01:01:24,4
01:01:25,11
01:01:26,11
01:01:27,11
01:01:28,7
01:01:29,4
01:01:30,11
01:01:31,11
01:01:32,11
01:01:33,7
01:01:34,4
01:01:35,11
01:01:36,11
01:01:37,11
01:01:38,11
01:01:39,7
01:01:40,4
01:01:41,11
01:01:42,11
01:01:43,11
01:01:44,7
01:01:45,4
01:01:46,11
01:01:47,11
01:01:48,11
01:01:49,7
01:01:50,4
01:01:51,11
01:01:52,11
01:01:53,11
01:01:54,11
01:01:55,7
01:01:56,4
01:01:57,11
01:01:58,11
01:01:59,11
01:02:00,12
01:02:01,8
01:02:02,11
01:02:03,11
01:02:04,11
01:02:05,7
01:02:06,4
01:02:07,11
01:02:08,11
01:02:09,11
01:02:10,11
01:02:11,4
01:02:12,7
01:02:13,11
01:02:14,11
01:02:15,11
01:02:16,7
01:02:17,4
01:02:18,11
01:02:19,11
01:02:20,11
01:02:21,7
01:02:22,4
01:02:23,11
01:02:24,11
01:02:25,11
01:02:26,7
01:02:27,4
01:02:28,11
01:02:29,11
01:02:30,11
01:02:31,11
01:02:32,7
01:02:33,13
01:02:34,11
01:02:35,11
01:02:36,11
01:02:37,7
01:02:38,4
01:02:39,11
01:02:40,11
01:02:41,11
01:02:42,7
01:02:43,4
01:02:44,11
01:02:45,11
01:02:46,11
01:02:47,11
01:02:48,7
01:02:49,4
01:02:50,11
01:02:51,11
01:02:52,11
01:02:53,7
01:02:54,4
01:02:55,11
01:02:56,11
01:02:57,11
01:02:58,7
01:02:59,4
01:03:00,11
01:03:01,11
01:03:02,11
01:03:03,11
01:03:04,7
01:03:05,4
01:03:06,11
01:03:07,11
01:03:08,11
01:03:09,7
01:03:10,4
01:03:11,11
01:03:12,20
01:03:13,11
01:03:14,7
01:03:15,4
01:03:16,11
01:03:17,11
01:03:18,11
01:03:19,11
01:03:20,7
01:03:21,4
01:03:22,11
01:03:23,11
01:03:24,11
01:03:25,7
01:03:26,4
01:03:27,11
01:03:28,11
01:03:29,11
01:03:30,7
01:03:31,4
01:03:32,11
01:03:33,11
01:03:34,11
01:03:35,11
01:03:36,7
01:03:37,4
01:03:38,11
01:03:39,11
01:03:40,11
01:03:41,7
01:03:42,4
01:03:43,11
01:03:44,11
01:03:45,11
01:03:46,7
01:03:47,4
01:03:48,11
01:03:49,11
01:03:50,11
01:03:51,9
01:03:52,2
01:03:53,11
01:03:54,11
01:03:55,11
01:03:56,20
01:03:57,7
01:03:58,4
01:03:59,11
01:04:00,11
01:04:01,11
01:04:02,7
01:04:03,4
01:04:04,11
01:04:05,11
01:04:06,11
01:04:07,7
01:04:08,4
01:04:09,11
01:04:10,11
01:04:11,11
01:04:12,11
01:04:13,7
01:04:14,4
01:04:15,11
01:04:16,11
01:04:17,11
01:04:18,7
01:04:19,4
01:04:20,11
01:04:21,11
01:04:22,11
01:04:23,7
01:04:24,4
01:04:25,11
01:04:26,11
01:04:27,11
01:04:28,11
01:04:29,7
01:04:30,4
01:04:31,11
01:04:32,11
01:04:33,11
01:04:34,7
01:04:35,4
01:04:36,11
01:04:37,11
01:04:38,11
01:04:39,16
01:04:40,4
01:04:41,11
01:04:42,11
01:04:43,11
01:04:44,11
01:04:45,7
01:04:46,4
01:04:47,11
01:04:48,11
01:04:49,11
01:04:50,7
01:04:51,4
01:04:52,11
01:04:53,11
01:04:54,11
01:04:55,7
01:04:56,4
01:04:57,11
01:04:58,11
01:04:59,11
01:05:00,11
01:05:01,7
01:05:02,6
01:05:03,11
01:05:04,11
01:05:05,11
01:05:06,7
01:05:07,4
01:05:08,11
01:05:09,11
01:05:10,11
01:05:11,7
01:05:12,4
01:05:13,11
01:05:14,11
01:05:15,20
01:05:16,11
01:05:17,0
01:05:18,11
01:05:19,11
01:05:20,11
01:05:21,11
01:05:22,7
01:05:23,4
01:05:24,11
01:05:25,11
01:05:26,11
01:05:27,7
01:05:28,4
01:05:29,11
01:05:30,11
01:05:31,11
01:05:32,7
01:05:33,4
01:05:34,11
01:05:35,11
01:05:36,11
01:05:37,11
01:05:38,7
01:05:39,4
01:05:40,11
01:05:41,11
01:05:42,11
01:05:43,7
01:05:44,4
01:05:45,11
01:05:46,11
01:05:47,11
01:05:48,7
01:05:49,4
01:05:50,11
01:05:51,11
01:05:52,11
01:05:53,11
01:05:54,16
01:05:55,4
01:05:56,11
01:05:57,11
01:05:58,11
01:05:59,7
01:06:00,4
01:06:01,11
01:06:02,11
01:06:03,11
01:06:04,7
01:06:05,4
01:06:06,11
01:06:07,11
01:06:08,11
01:06:09,11
01:06:10,7
01:06:11,4
01:06:12,11
01:06:13,11
01:06:14,11
01:06:15,7
01:06:16,4
01:06:17,11
01:06:18,11
01:06:19,11
01:06:20,7
01:06:21,4
01:06:22,11
01:06:23,11
01:06:24,11
01:06:25,11
01:06:26,7
01:06:27,4
01:06:28,11
01:06:29,20
01:06:30,11
01:06:31,7
01:06:32,4
01:06:33,11
01:06:34,11
01:06:35,11
01:06:36,7
01:06:37,4
01:06:38,11
01:06:39,11
01:06:40,11
01:06:41,7
01:06:42,4
01:06:43,11
01:06:44,11
01:06:45,11
01:06:46,11
01:06:47,7
01:06:48,4
01:06:49,11
01:06:50,11
01:06:51,11
01:06:52,7
01:06:53,4
01:06:54,11
01:06:55,11
01:06:56,11
01:06:57,7
01:06:58,4
01:06:59,11
01:07:00,11
01:07:01,11
01:07:02,11
01:07:03,7
01:07:04,4
01:07:05,11
01:07:06,11
01:07:07,11
01:07:08,7
01:07:09,4
01:07:10,20
01:07:11,11
01:07:12,11
01:07:13,7
01:07:14,4
01:07:15,11
01:07:16,11
01:07:17,11
01:07:18,11
01:07:19,7
01:07:20,4
01:07:21,11
01:07:22,11
01:07:23,11
01:07:24,7
01:07:25,4
01:07:26,11
01:07:27,11
01:07:28,11
01:07:29,7
01:07:30,4
01:07:31,11
01:07:32,11
01:07:33,11
01:07:34,11
01:07:35,7
01:07:36,6
01:07:37,11
01:07:38,11
01:07:39,11
01:07:40,7
01:07:41,4
01:07:42,11
01:07:43,11
01:07:44,11
01:07:45,7
01:07:46,4
01:07:47,11
01:07:48,11
01:07:49,11
01:07:50,10
01:07:51,10
01:07:52,11
01:07:53,11
01:07:54,11
01:07:55,11
01:07:56,7
01:07:57,4
01:07:58,11
01:07:59,11
01:08:00,11
01:08:01,7
01:08:02,4
01:08:03,11
01:08:04,11
01:08:05,11
01:08:06,7
01:08:07,4
01:08:08,11
01:08:09,11
01:08:10,11
01:08:11,11
01:08:12,7
01:08:13,4
01:08:14,11
01:08:15,11
01:08:16,11
01:08:17,7
01:08:18,4
01:08:19,11
01:08:20,11
01:08:21,11
01:08:22,7
01:08:23,4
01:08:24,11
01:08:25,20
01:08:26,11
01:08:27,11
01:08:28,7
01:08:29,4
01:08:30,11
01:08:31,11
01:08:32,11
01:08:33,7
01:08:34,4
01:08:35,11
01:08:36,11
01:08:37,11
01:08:38,7
01:08:39,4
01:08:40,11
01:08:41,11
01:08:42,11
01:08:43,11
01:08:44,7
01:08:45,4
01:08:46,11
01:08:47,11
01:08:48,11
01:08:49,7
01:08:50,4
01:08:51,11
01:08:52,11
01:08:53,11
01:08:54,7
01:08:55,4
01:08:56,11
01:08:57,11
01:08:58,11
01:08:59,11
01:09:00,4
01:09:01,7
01:09:02,20
01:09:03,11
01:09:04,11
01:09:05,7
01:09:06,4
01:09:07,11
01:09:08,11
01:09:09,11
01:09:10,7
01:09:11,4
01:09:12,11
01:09:13,11
01:09:14,11
01:09:15,7
01:09:16,4
01:09:17,11
01:09:18,11
01:09:19,11
01:09:20,11
01:09:21,7
01:09:22,4
01:09:23,11
01:09:24,11
01:09:25,11
01:09:26,7
01:09:27,4
01:09:28,11
01:09:29,11
01:09:30,11
01:09:31,7
01:09:32,4
01:09:33,11
01:09:34,11
01:09:35,11
01:09:36,11
01:09:37,7
01:09:38,4
01:09:39,11
01:09:40,11
01:09:41,20
01:09:42,7
01:09:43,4
01:09:44,11
01:09:45,11
01:09:46,11
01:09:47,7
01:09:48,4
01:09:49,11
01:09:50,11
01:09:51,11
01:09:52,11
01:09:53,7
01:09:54,4
01:09:55,11
01:09:56,11
01:09:57,11
01:09:58,7
01:09:59,4
01:10:00,11
01:10:01,11
01:10:02,11
01:10:03,7
01:10:04,4
01:10:05,11
01:10:06,11
01:10:07,11
01:10:08,7
01:10:09,4
01:10:10,14
01:10:11,11
01:10:12,11
01:10:13,11
01:10:14,7
01:10:15,4
01:10:16,11
01:10:17,11
01:10:18,11
01:10:19,7
01:10:20,4
01:10:21,11
01:10:22,11
01:10:23,20
01:10:24,7
01:10:25,4
01:10:26,11
01:10:27,11
01:10:28,11
01:10:29,11
01:10:30,7
01:10:31,4
01:10:32,11
01:10:33,11
01:10:34,11
01:10:35,7
01:10:36,4
01:10:37,11
01:10:38,11
01:10:39,11
01:10:40,7
01:10:41,4
01:10:42,11
01:10:43,11
01:10:44,11
01:10:45,11
01:10:46,7
01:10:47,4
01:10:48,11
01:10:49,11
01:10:50,11
01:10:51,7
01:10:52,4
01:10:53,11
01:10:54,11
01:10:55,11
01:10:56,7
01:10:57,4
01:10:58,20
01:10:59,11
01:11:00,11
01:11:01,10
01:11:02,1
01:11:03,11
01:11:04,11
01:11:05,11
01:11:06,11
01:11:07,7
01:11:08,4
01:11:09,11
01:11:10,11
01:11:11,11
01:11:12,7
01:11:13,4
01:11:14,11
01:11:15,11
01:11:16,11
01:11:17,7
01:11:18,4
01:11:19,11
01:11:20,11
01:11:21,11
01:11:22,11
01:11:23,7
01:11:24,4
01:11:25,11
01:11:26,11
01:11:27,11
01:11:28,7
01:11:29,4
01:11:30,11
01:11:31,11
01:11:32,11
01:11:33,7
01:11:34,4
01:11:35,11
01:11:36,11
01:11:37,11
01:11:38,11
01:11:39,14
01:11:40,6
01:11:41,11
01:11:42,11
01:11:43,11
01:11:44,7
01:11:45,4
01:11:46,11
01:11:47,11
01:11:48,11
01:11:49,7
01:11:50,4
01:11:51,11
01:11:52,11
01:11:53,11
01:11:54,11
01:11:55,7
01:11:56,4
01:11:57,11
01:11:58,11
01:11:59,11
01:12:00,7
01:12:01,4
01:12:02,11
01:12:03,11
01:12:04,11
01:12:05,7
01:12:06,4
01:12:07,11
01:12:08,11
01:12:09,11
01:12:10,11
01:12:11,7
01:12:12,4
01:12:13,11
01:12:14,11
01:12:15,11
01:12:16,7
01:12:17,13
01:12:18,11
01:12:19,11
01:12:20,11
01:12:21,7
01:12:22,4
01:12:23,11
01:12:24,11
01:12:25,11
01:12:26,7
01:12:27,4
01:12:28,11
01:12:29,11
01:12:30,11
01:12:31,11
01:12:32,7
01:12:33,4
01:12:34,11
01:12:35,11
01:12:36,11
01:12:37,7
01:12:38,4
01:12:39,11
01:12:40,11
01:12:41,11
01:12:42,7
01:12:43,4
01:12:44,11
01:12:45,11
01:12:46,11
01:12:47,11
01:12:48,7
01:12:49,4
01:12:50,11
01:12:51,11
01:12:52,11
01:12:53,7
01:12:54,4
01:12:55,11
01:12:56,11
01:12:57,11
01:12:58,7
01:12:59,4
01:13:00,11
01:13:01,20
01:13:02,11
01:13:03,11
01:13:04,7
01:13:05,4
01:13:06,11
01:13:07,11
01:13:08,11
01:13:09,7
01:13:10,4
01:13:11,11
01:13:12,11
01:13:13,11
01:13:14,7
01:13:15,4
01:13:16,11
01:13:17,11
01:13:18,11
01:13:19,11
01:13:20,4
01:13:21,7
01:13:22,11
01:13:23,11
01:13:24,11
01:13:25,7
01:13:26,4
01:13:27,11
01:13:28,11
01:13:29,11
01:13:30,7
01:13:31,4
01:13:32,11
01:13:33,11
01:13:34,11
01:13:35,7
01:13:36,4
01:13:37,11
01:13:38,11
01:13:39,11
01:13:40,11
01:13:41,7
01:13:42,4
01:13:43,11
01:13:44,11
01:13:45,20
01:13:46,7
01:13:47,4
01:13:48,11
01:13:49,11
01:13:50,11
01:13:51,7
01:13:52,4
01:13:53,11
01:13:54,11
01:13:55,11
01:13:56,11
01:13:57,7
01:13:58,4
01:13:59,11
01:14:00,11
01:14:01,11
01:14:02,7
01:14:03,4
01:14:04,11
01:14:05,11
01:14:06,11
01:14:07,7
01:14:08,4
01:14:09,11
01:14:10,11
01:14:11,11
01:14:12,11
01:14:13,7
01:14:14,4
01:14:15,11
01:14:16,11
01:14:17,11
01:14:18,7
01:14:19,4
01:14:20,11
01:14:21,16
01:14:22,15
01:14:23,7
01:14:24,4
01:14:25,11
01:14:26,11
01:14:27,11
01:14:28,11
01:14:29,7
01:14:30,4
01:14:31,11
01:14:32,11
01:14:33,11
01:14:34,7
01:14:35,4
01:14:36,11
01:14:37,11
01:14:38,11
01:14:39,7
01:14:40,4
01:14:41,11
01:14:42,11
01:14:43,11
01:14:44,9
01:14:45,2
01:14:46,11
01:14:47,11
01:14:48,11
01:14:49,11
01:14:50,7
01:14:51,4
01:14:52,11
01:14:53,11
01:14:54,11
01:14:55,16
01:14:56,4
01:14:57,11
01:14:58,11
01:14:59,11
01:15:00,7
01:15:01,6
01:15:02,11
01:15:03,11
01:15:04,11
01:15:05,11
01:15:06,7
01:15:07,4
01:15:08,11
01:15:09,11
01:15:10,11
01:15:11,7
01:15:12,4
01:15:13,11
01:15:14,11
01:15:15,11
01:15:16,7
01:15:17,4
01:15:18,11
01:15:19,11
01:15:20,11
01:15:21,11
01:15:22,7
01:15:23,4
01:15:24,11
01:15:25,11
01:15:26,11
01:15:27,7
01:15:28,4
01:15:29,20
01:15:30,11
01:15:31,11
01:15:32,7
01:15:33,4
01:15:34,11
01:15:35,11
01:15:36,11
01:15:37,11
01:15:38,7
01:15:39,4
01:15:40,11
01:15:41,11
01:15:42,11
01:15:43,7
01:15:44,4
01:15:45,11
01:15:46,11
01:15:47,11
01:15:48,7
01:15:49,4
01:15:50,11
01:15:51,11
01:15:52,11
01:15:53,11
01:15:54,7
01:15:55,4
01:15:56,11
01:15:57,11
01:15:58,11
01:15:59,7
01:16:00,4
01:16:01,11
01:16:02,11
01:16:03,11
01:16:04,7
01:16:05,4
01:16:06,11
01:16:07,11
01:16:08,11
01:16:09,9
01:16:10,11
01:16:11,11
01:16:12,11
01:16:13,11
01:16:14,11
01:16:15,7
01:16:16,4
01:16:17,11
01:16:18,11
01:16:19,11
01:16:20,7
01:16:21,4
01:16:22,11
01:16:23,11
01:16:24,11
01:16:25,7
01:16:26,4
01:16:27,11
01:16:28,11
01:16:29,11
01:16:30,11
01:16:31,7
01:16:32,4
01:16:33,11
01:16:34,11
01:16:35,11
01:16:36,7
01:16:37,4
01:16:38,11
01:16:39,11
01:16:40,11
01:16:41,7
01:16:42,4
01:16:43,11
01:16:44,11
01:16:45,11
01:16:46,11
01:16:47,7
01:16:48,4
01:16:49,20
01:16:50,11
01:16:51,11
01:16:52,7
01:16:53,4
01:16:54,11
01:16:55,11
01:16:56,11
01:16:57,7
01:16:58,4
01:16:59,11
01:17:00,11
01:17:01,13
01:17:02,11
01:17:03,7
01:17:04,4
01:17:05,11
01:17:06,11
01:17:07,11
01:17:08,7
01:17:09,4
01:17:10,11
01:17:11,11
01:17:12,11
01:17:13,7
01:17:14,4
01:17:15,11
01:17:16,11
01:17:17,11
01:17:18,11
01:17:19,7
01:17:20,4
01:17:21,11
01:17:22,20
01:17:23,11
01:17:24,7
01:17:25,4
01:17:26,11
01:17:27,11
01:17:28,11
01:17:29,7
01:17:30,4
01:17:31,11
01:17:32,11
01:17:33,11
01:17:34,7
01:17:35,4
01:17:36,11
01:17:37,11
01:17:38,11
01:17:39,11
01:17:40,7
01:17:41,4
01:17:42,11
01:17:43,11
01:17:44,11
01:17:45,7
01:17:46,4
01:17:47,11
01:17:48,11
01:17:49,11
01:17:50,7
01:17:51,4
01:17:52,11
01:17:53,11
01:17:54,11
01:17:55,11
01:17:56,7
01:17:57,4
01:17:58,20
01:17:59,11
01:18:00,11
01:18:01,7
01:18:02,4
01:18:03,11
01:18:04,11
01:18:05,11
01:18:06,7
01:18:07,4
01:18:08,11
01:18:09,11
01:18:10,11
01:18:11,11
01:18:12,7
01:18:13,4
01:18:14,11
01:18:15,11
01:18:16,11
01:18:17,7
01:18:18,4
01:18:19,11
01:18:20,11
01:18:21,11
01:18:22,7
01:18:23,4
01:18:24,11
01:18:25,11
01:18:26,11
01:18:27,11
01:18:28,7
01:18:29,4
01:18:30,11
01:18:31,11
01:18:32,11
01:18:33,7
01:18:34,4
01:18:35,11
01:18:36,11
01:18:37,11
01:18:38,7
01:18:39,4
01:18:40,11
01:18:41,11
01:18:42,11
01:18:43,11
01:18:44,4
01:18:45,16
01:18:46,11
01:18:47,11
01:18:48,11
01:18:49,7
01:18:50,4
01:18:51,11
01:18:52,11
01:18:53,11
01:18:54,7
01:18:55,4
01:18:56,11
01:18:57,11
01:18:58,11
01:18:59,7
01:19:00,4
01:19:01,11
01:19:02,11
01:19:03,11
01:19:04,11
01:19:05,7
01:19:06,4
01:19:07,11
01:19:08,11
01:19:09,11
01:19:10,7
01:19:11,4
01:19:12,11
01:19:13,11
01:19:14,11
01:19:15,7
01:19:16,4
01:19:17,11
01:19:18,11
01:19:19,11
01:19:20,11
01:19:21,7
01:19:22,4
01:19:23,11
01:19:24,11
01:19:25,11
01:19:26,7
01:19:27,13
01:19:28,11
01:19:29,11
01:19:30,11
01:19:31,7
01:19:32,4
01:19:33,11
01:19:34,11
01:19:35,11
01:19:36,11
01:19:37,7
01:19:38,4
01:19:39,11
01:19:40,11
01:19:41,11
01:19:42,7
01:19:43,4
01:19:44,11
01:19:45,11
01:19:46,11
01:19:47,7
01:19:48,4
01:19:49,11
01:19:50,11
01:19:51,11
01:19:52,11
01:19:53,7
01:19:54,4
01:19:55,11
01:19:56,11
01:19:57,11
01:19:58,7
01:19:59,4
01:20:00,14
01:20:01,11
01:20:02,11
01:20:03,7
01:20:04,4
01:20:05,11
01:20:06,11
01:20:07,11
01:20:08,11
01:20:09,4
01:20:10,7
01:20:11,11
01:20:12,11
01:20:13,11
01:20:14,7
01:20:15,13
01:20:16,11
01:20:17,11
01:20:18,11
01:20:19,7
01:20:20,4
01:20:21,11
01:20:22,11
01:20:23,11
01:20:24,7
01:20:25,4
01:20:26,11
01:20:27,11
01:20:28,11
01:20:29,11
01:20:30,7
01:20:31,4
01:20:32,11
01:20:33,11
01:20:34,11
01:20:35,7
01:20:36,4
01:20:37,11
01:20:38,11
01:20:39,11
01:20:40,7
01:20:41,4
01:20:42,11
01:20:43,11
01:20:44,11
01:20:45,11
01:20:46,7
01:20:47,4
01:20:48,11
01:20:49,11
01:20:50,11
01:20:51,7
01:20:52,4
01:20:53,11
01:20:54,20
01:20:55,11
01:20:56,7
01:20:57,4
01:20:58,11
01:20:59,11
01:21:00,11
01:21:01,11
01:21:02,7
01:21:03,4
01:21:04,11
01:21:05,11
01:21:06,11
01:21:07,7
01:21:08,4
01:21:09,11
01:21:10,11
01:21:11,11
01:21:12,7
01:21:13,4
01:21:14,11
01:21:15,11
01:21:16,11
01:21:17,11
01:21:18,4
01:21:19,7
01:21:20,11
01:21:21,11
01:21:22,11
01:21:23,7
01:21:24,4
01:21:25,11
01:21:26,11
01:21:27,11
01:21:28,7
01:21:29,4
01:21:30,11
01:21:31,11
01:21:32,11
01:21:33,9
01:21:34,2
01:21:35,11
01:21:36,11
01:21:37,11
01:21:38,11
01:21:39,7
01:21:40,4
01:21:41,11
01:21:42,11
01:21:43,20
01:21:44,7
01:21:45,4
01:21:46,11
01:21:47,11
01:21:48,11
01:21:49,7
01:21:50,4
01:21:51,11
01:21:52,11
01:21:53,11
01:21:54,11
01:21:55,7
01:21:56,4
01:21:57,11
01:21:58,11
01:21:59,11
01:22:00,7
01:22:01,4
01:22:02,11
01:22:03,11
01:22:04,11
01:22:05,7
01:22:06,4
01:22:07,11
01:22:08,11
01:22:09,11
01:22:10,11
01:22:11,7
01:22:12,4
01:22:13,11
01:22:14,11
01:22:15,11
01:22:16,7
01:22:17,4
01:22:18,11
01:22:19,11
01:22:20,20
01:22:21,7
01:22:22,4
01:22:23,11
01:22:24,11
01:22:25,11
01:22:26,11
01:22:27,7
01:22:28,4
01:22:29,11
01:22:30,11
01:22:31,11
01:22:32,7
01:22:33,4
01:22:34,11
01:22:35,11
01:22:36,11
01:22:37,7
01:22:38,4
01:22:39,11
01:22:40,11
01:22:41,11
01:22:42,11
01:22:43,0
01:22:44,11
01:22:45,11
01:22:46,11
01:22:47,11
01:22:48,7
01:22:49,4
01:22:50,11
01:22:51,11
01:22:52,11
01:22:53,7
01:22:54,4
01:22:55,11
01:22:56,11
01:22:57,11
01:22:58,7
01:22:59,4
01:23:00,11
01:23:01,20
01:23:02,11
01:23:03,11
01:23:04,7
01:23:05,4
01:23:06,11
01:23:07,11
01:23:08,11
01:23:09,7
01:23:10,4
01:23:11,11
01:23:12,11
01:23:13,11
01:23:14,7
01:23:15,4
01:23:16,11
01:23:17,11
01:23:18,11
01:23:19,11
01:23:20,7
01:23:21,4
01:23:22,11
01:23:23,11
01:23:24,11
01:23:25,7
01:23:26,4
01:23:27,11
01:23:28,11
01:23:29,11
01:23:30,7
01:23:31,4
01:23:32,11
01:23:33,11
01:23:34,11
01:23:35,11
01:23:36,7
01:23:37,4
01:23:38,11
01:23:39,20
01:23:40,11
01:23:41,7
01:23:42,4
01:23:43,11
01:23:44,11
01:23:45,11
01:23:46,7
01:23:47,4
01:23:48,11
01:23:49,11
01:23:50,11
01:23:51,7
01:23:52,4
01:23:53,11
01:23:54,11
01:23:55,11
01:23:56,11
01:23:57,7
01:23:58,4
01:23:59,11
01:24:00,11
01:24:01,11
01:24:02,7
01:24:03,4
01:24:04,11
01:24:05,11
01:24:06,11
01:24:07,7
01:24:08,4
01:24:09,11
01:24:10,11
01:24:11,11
01:24:12,11
01:24:13,7
01:24:14,4
01:24:15,11
01:24:16,11
01:24:17,11
01:24:18,7
01:24:19,13
01:24:20,11
01:24:21,11
01:24:22,11
01:24:23,7
01:24:24,4
01:24:25,11
01:24:26,11
01:24:27,11
01:24:28,11
01:24:29,7
01:24:30,4
01:24:31,11
01:24:32,11
01:24:33,11
01:24:34,7
01:24:35,4
01:24:36,11
01:24:37,11
01:24:38,11
01:24:39,7
01:24:40,4
01:24:41,11
01:24:42,11
01:24:43,11
01:24:44,11
01:24:45,7
01:24:46,4
01:24:47,11
01:24:48,11
01:24:49,11
01:24:50,7
01:24:51,4
01:24:52,20
01:24:53,11
01:24:54,11
01:24:55,7
01:24:56,4
01:24:57,11
01:24:58,11
01:24:59,11
01:25:00,10
01:25:01,3
01:25:02,11
01:25:03,11
01:25:04,11
01:25:05,11
01:25:06,7
01:25:07,4
01:25:08,11
01:25:09,11
01:25:10,11
01:25:11,7
01:25:12,4
01:25:13,11
01:25:14,11
01:25:15,11
01:25:16,7
01:25:17,4
01:25:18,11
01:25:19,11
01:25:20,11
01:25:21,11
01:25:22,7
01:25:23,4
01:25:24,11
01:25:25,11
01:25:26,11
01:25:27,7
01:25:28,4
01:25:29,11
01:25:30,11
01:25:31,11
01:25:32,16
01:25:33,4
01:25:34,11
01:25:35,11
01:25:36,11
01:25:37,11
01:25:38,7
01:25:39,4
01:25:40,11
01:25:41,11
01:25:42,11
01:25:43,7
01:25:44,4
01:25:45,11
01:25:46,11
01:25:47,11
01:25:48,7
01:25:49,4
01:25:50,11
01:25:51,11
01:25:52,11
01:25:53,11
01:25:54,7
01:25:55,4
01:25:56,11
01:25:57,11
01:25:58,11
01:25:59,7
01:26:00,4
01:26:01,11
01:26:02,11
01:26:03,11
01:26:04,7
01:26:05,4
01:26:06,11
01:26:07,11
01:26:08,11
01:26:09,11
01:26:10,16
01:26:11,4
01:26:12,11
01:26:13,11
01:26:14,11
01:26:15,7
01:26:16,4
01:26:17,11
01:26:18,11
01:26:19,11
01:26:20,7
01:26:21,4
01:26:22,11
01:26:23,11
01:26:24,11
01:26:25,11
01:26:26,4
01:26:27,7
01:26:28,11
01:26:29,11
01:26:30,11
01:26:31,7
01:26:32,4
01:26:33,11
01:26:34,11
01:26:35,11
01:26:36,7
01:26:37,4
01:26:38,11
01:26:39,11
01:26:40,11
01:26:41,7
01:26:42,4
01:26:43,11
01:26:44,11
01:26:45,11
01:26:46,11
01:26:47,7
01:26:48,4
01:26:49,11
01:26:50,11
01:26:51,11
01:26:52,7
01:26:53,4
01:26:54,20
01:26:55,11
01:26:56,11
01:26:57,7
01:26:58,4
01:26:59,11
01:27:00,11
01:27:01,11
01:27:02,11
01:27:03,7
01:27:04,4
01:27:05,11
01:27:06,11
01:27:07,11
01:27:08,7
01:27:09,4
01:27:10,11
01:27:11,11
01:27:12,11
01:27:13,7
01:27:14,4
01:27:15,11
01:27:16,11
01:27:17,11
01:27:18,11
01:27:19,7
01:27:20,4
01:27:21,11
01:27:22,11
01:27:23,11
01:27:24,7
01:27:25,4
01:27:26,11
01:27:27,11
01:27:28,11
01:27:29,7
01:27:30,13
01:27:31,11
01:27:32,11
01:27:33,11
01:27:34,11
01:27:35,7
01:27:36,4
01:27:37,11
01:27:38,11
01:27:39,11
01:27:40,7
01:27:41,4
01:27:42,11
01:27:43,11
01:27:44,11
01:27:45,7
01:27:46,4
01:27:47,11
01:27:48,11
01:27:49,11
01:27:50,10
01:27:51,1
01:27:52,11
01:27:53,11
01:27:54,11
01:27:55,11
01:27:56,7
01:27:57,4
01:27:58,11
01:27:59,11
01:28:00,11
01:28:01,7
01:28:02,4
01:28:03,11
01:28:04,11
01:28:05,11
01:28:06,7
01:28:07,4
01:28:08,11
01:28:09,20
01:28:10,11
01:28:11,11
01:28:12,7
01:28:13,4
01:28:14,11
01:28:15,11
01:28:16,11
01:28:17,7
01:28:18,4
01:28:19,11
01:28:20,11
01:28:21,11
01:28:22,7
01:28:23,4
01:28:24,11
01:28:25,11
01:28:26,11
01:28:27,11
01:28:28,7
01:28:29,4
01:28:30,11
01:28:31,11
01:28:32,11
01:28:33,7
01:28:34,4
01:28:35,11
01:28:36,11
01:28:37,11
01:28:38,7
01:28:39,4
01:28:40,11
01:28:41,11
01:28:42,11
01:28:43,11
01:28:44,7
01:28:45,4
01:28:46,20
01:28:47,11
01:28:48,11
01:28:49,7
01:28:50,4
01:28:51,11
01:28:52,11
01:28:53,11
01:28:54,7
01:28:55,4
01:28:56,11
01:28:57,11
01:28:58,11
01:28:59,11
01:29:00,7
01:29:01,4
01:29:02,11
01:29:03,11
01:29:04,11
01:29:05,7
01:29:06,4
01:29:07,11
01:29:08,11
01:29:09,11
01:29:10,7
01:29:11,4
01:29:12,11
01:29:13,11
01:29:14,11
01:29:15,11
01:29:16,7
01:29:17,4
01:29:18,11
01:29:19,20
01:29:20,11
01:29:21,7
01:29:22,4
01:29:23,11
01:29:24,11
01:29:25,11
01:29:26,7
01:29:27,4
01:29:28,11
01:29:29,11
01:29:30,11
01:29:31,7
01:29:32,4
01:29:33,11
01:29:34,11
01:29:35,11
01:29:36,11
01:29:37,7
01:29:38,4
01:29:39,11
01:29:40,11
01:29:41,11
01:29:42,7
01:29:43,4
01:29:44,11
01:29:45,11
01:29:46,11
01:29:47,7
01:29:48,4
01:29:49,11
01:29:50,11
01:29:51,11
01:29:52,11
01:29:53,7
01:29:54,4
01:29:55,11
01:29:56,11
01:29:57,11
01:29:58,16
01:29:59,4
01:30:00,11
01:30:01,11
01:30:02,11
01:30:03,7
01:30:04,7
01:30:05,11
01:30:06,11
01:30:07,11
01:30:08,11
01:30:09,7
01:30:10,4
01:30:11,11
01:30:12,11
01:30:13,11
01:30:14,7
01:30:15,4
01:30:16,11
01:30:17,11
01:30:18,11
01:30:19,7
01:30:20,4
01:30:21,11
01:30:22,11
01:30:23,11
01:30:24,11
01:30:25,7
01:30:26,4
01:30:27,11
01:30:28,11
01:30:29,11
01:30:30,7
01:30:31,4
01:30:32,11
01:30:33,11
01:30:34,20
01:30:35,7
01:30:36,4
01:30:37,11
01:30:38,11
01:30:39,11
01:30:40,11
01:30:41,0
01:30:42,11
01:30:43,11
01:30:44,11
01:30:45,11
01:30:46,7
01:30:47,4
01:30:48,11
01:30:49,11
01:30:50,11
01:30:51,7
01:30:52,4
01:30:53,11
01:30:54,11
01:30:55,11
01:30:56,7
01:30:57,4
01:30:58,11
01:30:59,11
01:31:00,11
01:31:01,11
01:31:02,7
01:31:03,4
01:31:04,11
01:31:05,11
01:31:06,11
01:31:07,7
01:31:08,4
01:31:09,11
01:31:10,20
01:31:11,11
01:31:12,7
01:31:13,4
01:31:14,11
01:31:15,11
01:31:16,11
01:31:17,11
01:31:18,7
01:31:19,4
01:31:20,11
01:31:21,11
01:31:22,11
01:31:23,7
01:31:24,4
01:31:25,11
01:31:26,11
01:31:27,11
01:31:28,7
01:31:29,4
01:31:30,11
01:31:31,11
01:31:32,11
01:31:33,11
01:31:34,7
01:31:35,4
01:31:36,11
01:31:37,11
01:31:38,11
01:31:39,7
01:31:40,4
01:31:41,11
01:31:42,11
01:31:43,11
01:31:44,7
01:31:45,4
01:31:46,11
01:31:47,11
01:31:48,11
01:31:49,11
01:31:50,4
01:31:51,7
01:31:52,11
01:31:53,11
01:31:54,11
01:31:55,7
01:31:56,4
01:31:57,11
01:31:58,11
01:31:59,11
01:32:00,7
01:32:01,4
01:32:02,11
01:32:03,11
01:32:04,11
01:32:05,16
01:32:06,4
01:32:07,11
01:32:08,11
01:32:09,11
01:32:10,11
01:32:11,7
01:32:12,4
01:32:13,11
01:32:14,11
01:32:15,11
01:32:16,7
01:32:17,4
01:32:18,11
01:32:19,11
01:32:20,11
01:32:21,7
01:32:22,4
01:32:23,11
01:32:24,11
01:32:25,11
01:32:26,11
01:32:27,7
01:32:28,4
01:32:29,11
01:32:30,11
01:32:31,11
01:32:32,7
01:32:33,4
01:32:34,11
01:32:35,11
01:32:36,11
01:32:37,7
01:32:38,4
01:32:39,11
01:32:40,11
01:32:41,11
01:32:42,11
01:32:43,7
01:32:44,4
01:32:45,11
01:32:46,11
01:32:47,11
01:32:48,7
01:32:49,4
01:32:50,11
01:32:51,11
01:32:52,11
01:32:53,16
01:32:54,4
01:32:55,11
01:32:56,11
01:32:57,11
01:32:58,11
01:32:59,7
01:33:00,4
01:33:01,11
01:33:02,11
01:33:03,11
01:33:04,7
01:33:05,4
01:33:06,11
01:33:07,11
01:33:08,11
01:33:09,7
01:33:10,4
01:33:11,11
01:33:12,11
01:33:13,11
01:33:14,11
01:33:15,4
01:33:16,7
01:33:17,11
01:33:18,11
01:33:19,11
01:33:20,7
01:33:21,4
01:33:22,11
01:33:23,11
01:33:24,11
01:33:25,7
01:33:26,4
01:33:27,11
01:33:28,20
01:33:29,11
01:33:30,7
01:33:31,4
01:33:32,11
01:33:33,11
01:33:34,11
01:33:35,11
01:33:36,7
01:33:37,4
01:33:38,11
01:33:39,11
01:33:40,11
01:33:41,7
01:33:42,4
01:33:43,11
01:33:44,11
01:33:45,11
01:33:46,7
01:33:47,4
01:33:48,11
01:33:49,11
01:33:50,11
01:33:51,11
01:33:52,7
01:33:53,4
01:33:54,11
01:33:55,11
01:33:56,11
01:33:57,7
01:33:58,4
01:33:59,11
01:34:00,11
01:34:01,11
01:34:02,7
01:34:03,4
01:34:04,11
01:34:05,20
01:34:06,11
01:34:07,11
01:34:08,7
01:34:09,4
01:34:10,11
01:34:11,11
01:34:12,11
01:34:13,7
01:34:14,4
01:34:15,11
01:34:16,11
01:34:17,11
01:34:18,7
01:34:19,4
01:34:20,11
01:34:21,11
01:34:22,11
01:34:23,11
01:34:24,7
01:34:25,4
01:34:26,11
01:34:27,11
01:34:28,11
01:34:29,7
01:34:30,4
01:34:31,11
01:34:32,11
01:34:33,11
01:34:34,7
01:34:35,4
01:34:36,11
01:34:37,11
01:34:38,11
01:34:39,11
01:34:40,7
01:34:41,4
01:34:42,11
01:34:43,11
01:34:44,11
01:34:45,7
01:34:46,13
01:34:47,11
01:34:48,11
01:34:49,11
01:34:50,7
01:34:51,4
01:34:52,11
01:34:53,11
01:34:54,11
01:34:55,7
01:34:56,4
01:34:57,11
01:34:58,11
01:34:59,11
01:35:00,11
01:35:01,9
01:35:02,4
01:35:03,11
01:35:04,11
01:35:05,11
01:35:06,7
01:35:07,4
01:35:08,11
01:35:09,11
01:35:10,11
01:35:11,7
01:35:12,4
01:35:13,11
01:35:14,11
01:35:15,11
01:35:16,11
01:35:17,7
01:35:18,4
01:35:19,11
01:35:20,11
01:35:21,11
01:35:22,7
01:35:23,4
01:35:24,11
01:35:25,20
01:35:26,11
01:35:27,7
01:35:28,4
01:35:29,11
01:35:30,11
01:35:31,11
01:35:32,11
01:35:33,7
01:35:34,4
01:35:35,11
01:35:36,11
01:35:37,11
01:35:38,7
01:35:39,4
01:35:40,11
01:35:41,11
01:35:42,11
01:35:43,7
01:35:44,4
01:35:45,11
01:35:46,11
01:35:47,11
01:35:48,11
01:35:49,7
01:35:50,4
01:35:51,11
01:35:52,11
01:35:53,11
01:35:54,7
01:35:55,4
01:35:56,11
01:35:57,11
01:35:58,11
01:35:59,7
01:36:00,4
01:36:01,11
01:36:02,11
01:36:03,11
01:36:04,11
01:36:05,0
01:36:06,20
01:36:07,11
01:36:08,11
01:36:09,11
01:36:10,7
01:36:11,4
01:36:12,11
01:36:13,11
01:36:14,11
01:36:15,7
01:36:16,4
01:36:17,11
01:36:18,11
01:36:19,11
01:36:20,7
01:36:21,4
01:36:22,11
01:36:23,11
01:36:24,11
01:36:25,11
01:36:26,7
01:36:27,4
01:36:28,11
01:36:29,11
01:36:30,11
01:36:31,7
01:36:32,4
01:36:33,11
01:36:34,11
01:36:35,11
01:36:36,7
01:36:37,4
01:36:38,11
01:36:39,11
01:36:40,11
01:36:41,11
01:36:42,7
01:36:43,4
01:36:44,11
01:36:45,11
01:36:46,11
01:36:47,7
01:36:48,4
01:36:49,11
01:36:50,20
01:36:51,11
01:36:52,7
01:36:53,4
01:36:54,11
01:36:55,11
01:36:56,11
01:36:57,11
01:36:58,7
01:36:59,4
01:37:00,11
01:37:01,11
01:37:02,11
01:37:03,7
01:37:04,4
01:37:05,11
01:37:06,11
01:37:07,11
01:37:08,7
01:37:09,4
01:37:10,11
01:37:11,11
01:37:12,11
01:37:13,11
01:37:14,7
01:37:15,4
01:37:16,11
01:37:17,11
01:37:18,11
01:37:19,7
01:37:20,4
01:37:21,11
01:37:22,11
01:37:23,11
01:37:24,7
01:37:25,4
01:37:26,20
01:37:27,11
01:37:28,11
01:37:29,9
01:37:30,2
01:37:31,11
01:37:32,11
01:37:33,11
01:37:34,11
01:37:35,7
01:37:36,4
01:37:37,11
01:37:38,11
01:37:39,11
01:37:40,7
01:37:41,4
01:37:42,11
01:37:43,11
01:37:44,11
01:37:45,7
01:37:46,4
01:37:47,11
01:37:48,11
01:37:49,11
01:37:50,11
01:37:51,7
01:37:52,4
01:37:53,11
01:37:54,11
01:37:55,11
01:37:56,7
01:37:57,4
01:37:58,11
01:37:59,11
01:38:00,11
01:38:01,7
01:38:02,4
01:38:03,11
01:38:04,11
01:38:05,11
01:38:06,20
01:38:07,7
01:38:08,4
01:38:09,11
01:38:10,11
01:38:11,11
01:38:12,7
01:38:13,4
01:38:14,11
01:38:15,11
01:38:16,11
01:38:17,7
01:38:18,4
01:38:19,11
01:38:20,11
01:38:21,11
01:38:22,11
01:38:23,7
01:38:24,4
01:38:25,11
01:38:26,11
01:38:27,11
01:38:28,7
01:38:29,4
01:38:30,11
01:38:31,11
01:38:32,11
01:38:33,7
01:38:34,4
01:38:35,11
01:38:36,11
01:38:37,11
01:38:38,11
01:38:39,7
01:38:40,4
01:38:41,11
01:38:42,11
01:38:43,11
01:38:44,7
01:38:45,4
01:38:46,20
01:38:47,11
01:38:48,11
01:38:49,7
01:38:50,4
01:38:51,11
01:38:52,11
01:38:53,11
01:38:54,9
01:38:55,2
01:38:56,11
01:38:57,11
01:38:58,11
01:38:59,11
01:39:00,7
01:39:01,4
01:39:02,11
01:39:03,11
01:39:04,11
01:39:05,7
01:39:06,4
01:39:07,11
01:39:08,11
01:39:09,11
01:39:10,7
01:39:11,4
01:39:12,11
01:39:13,11
01:39:14,11
01:39:15,11
01:39:16,7
01:39:17,4
01:39:18,11
01:39:19,11
01:39:20,11
01:39:21,16
01:39:22,4
01:39:23,11
01:39:24,11
01:39:25,11
01:39:26,7
01:39:27,4
01:39:28,11
01:39:29,11
01:39:30,11
01:39:31,11
01:39:32,7
01:39:33,4
01:39:34,11
01:39:35,11
01:39:36,11
01:39:37,7
01:39:38,4
01:39:39,11
01:39:40,11
01:39:41,11
01:39:42,7
01:39:43,4
01:39:44,11
01:39:45,11
01:39:46,11
01:39:47,11
01:39:48,7
01:39:49,4
01:39:50,11
01:39:51,11
01:39:52,11
01:39:53,7
01:39:54,4
01:39:55,11
01:39:56,20
01:39:57,11
01:39:58,7
01:39:59,4
01:40:00,11
01:40:01,11
01:40:02,11
01:40:03,11
01:40:04,7
01:40:05,4
01:40:06,14
01:40:07,11
01:40:08,11
01:40:09,7
01:40:10,4
01:40:11,11
01:40:12,11
01:40:13,11
01:40:14,7
01:40:15,4
01:40:16,11
01:40:17,11
01:40:18,11
01:40:19,9
01:40:20,2
01:40:21,11
01:40:22,11
01:40:23,11
01:40:24,11
01:40:25,7
01:40:26,4
01:40:27,11
01:40:28,11
01:40:29,11
01:40:30,7
01:40:31,4
01:40:32,11
01:40:33,20
01:40:34,11
01:40:35,7
01:40:36,4
01:40:37,11
01:40:38,11
01:40:39,11
01:40:40,11
01:40:41,7
01:40:42,4
01:40:43,11
01:40:44,11
01:40:45,11
01:40:46,7
01:40:47,4
01:40:48,11
01:40:49,11
01:40:50,11
01:40:51,7
01:40:52,4
01:40:53,11
01:40:54,11
01:40:55,11
01:40:56,11
01:40:57,7
01:40:58,4
01:40:59,11
01:41:00,11
01:41:01,11
01:41:02,7
01:41:03,4
01:41:04,11
01:41:05,11
01:41:06,20
01:41:07,7
01:41:08,4
01:41:09,11
01:41:10,11
01:41:11,11
01:41:12,11
01:41:13,7
01:41:14,4
01:41:15,11
01:41:16,11
01:41:17,11
01:41:18,7
01:41:19,4
01:41:20,11
01:41:21,11
01:41:22,11
01:41:23,7
01:41:24,4
01:41:25,11
01:41:26,11
01:41:27,11
01:41:28,11
01:41:29,7
01:41:30,4
01:41:31,11
01:41:32,11
01:41:33,11
01:41:34,7
01:41:35,4
01:41:36,11
01:41:37,11
01:41:38,11
01:41:39,7
01:41:40,4
01:41:41,11
01:41:42,11
01:41:43,11
01:41:44,20
01:41:45,0
01:41:46,11
01:41:47,11
01:41:48,11
01:41:49,11
01:41:50,7
01:41:51,4
01:41:52,11
01:41:53,11
01:41:54,11
01:41:55,7
01:41:56,4
01:41:57,11
01:41:58,11
01:41:59,11
01:42:00,7
01:42:01,4
01:42:02,11
01:42:03,11
01:42:04,11
01:42:05,11
01:42:06,7
01:42:07,4
01:42:08,11
01:42:09,11
01:42:10,11
01:42:11,7
01:42:12,4
01:42:13,11
01:42:14,11
01:42:15,11
01:42:16,7
01:42:17,4
01:42:18,11
01:42:19,11
01:42:20,20
01:42:21,11
01:42:22,7
01:42:23,4
01:42:24,11
01:42:25,11
01:42:26,11
01:42:27,7
01:42:28,4
01:42:29,11
01:42:30,11
01:42:31,11
01:42:32,7
01:42:33,4
01:42:34,11
01:42:35,11
01:42:36,11
01:42:37,11
01:42:38,7
01:42:39,4
01:42:40,11
01:42:41,11
01:42:42,11
01:42:43,7
01:42:44,4
01:42:45,11
01:42:46,11
01:42:47,11
01:42:48,7
01:42:49,4
01:42:50,11
01:42:51,11
01:42:52,11
01:42:53,11
01:42:54,7
01:42:55,4
01:42:56,11
01:42:57,20
01:42:58,11
01:42:59,7
01:43:00,4
01:43:01,11
01:43:02,11
01:43:03,11
01:43:04,7
01:43:05,4
01:43:06,11
01:43:07,11
01:43:08,11
01:43:09,7
01:43:10,4
01:43:11,11
01:43:12,11
01:43:13,11
01:43:14,11
01:43:15,7
01:43:16,4
01:43:17,11
01:43:18,11
01:43:19,11
01:43:20,7
01:43:21,4
01:43:22,11
01:43:23,11
01:43:24,11
01:43:25,7
01:43:26,4
01:43:27,11
01:43:28,11
01:43:29,11
01:43:30,11
01:43:31,7
01:43:32,4
01:43:33,11
01:43:34,16
01:43:35,15
01:43:36,7
01:43:37,4
01:43:38,11
01:43:39,11
01:43:40,11
01:43:41,7
01:43:42,4
01:43:43,11
01:43:44,11
01:43:45,11
01:43:46,11
01:43:47,7
01:43:48,4
01:43:49,11
01:43:50,11
01:43:51,11
01:43:52,7
01:43:53,4
01:43:54,11
01:43:55,11
01:43:56,11
01:43:57,7
01:43:58,4
01:43:59,11
01:44:00,11
01:44:01,11
01:44:02,11
01:44:03,7
01:44:04,4
01:44:05,11
01:44:06,11
01:44:07,11
01:44:08,7
01:44:09,13
01:44:10,11
01:44:11,11
01:44:12,11
01:44:13,7
01:44:14,4
01:44:15,11
01:44:16,11
01:44:17,11
01:44:18,11
01:44:19,0
01:44:20,11
01:44:21,11
01:44:22,11
01:44:23,11
01:44:24,7
01:44:25,4
01:44:26,11
01:44:27,11
01:44:28,11
01:44:29,7
01:44:30,4
01:44:31,11
01:44:32,11
01:44:33,11
01:44:34,7
01:44:35,4
01:44:36,11
01:44:37,11
01:44:38,11
01:44:39,11
01:44:40,7
01:44:41,4
01:44:42,11
01:44:43,11
01:44:44,11
01:44:45,7
01:44:46,4
01:44:47,11
01:44:48,20
01:44:49,11
01:44:50,7
01:44:51,4
01:44:52,11
01:44:53,11
01:44:54,11
01:44:55,11
01:44:56,7
01:44:57,4
01:44:58,11
01:44:59,11
01:45:00,11
01:45:01,9
01:45:02,4
01:45:03,11
01:45:04,11
01:45:05,11
01:45:06,7
01:45:07,4
01:45:08,11
01:45:09,11
01:45:10,11
01:45:11,11
01:45:12,7
01:45:13,4
01:45:14,11
01:45:15,11
01:45:16,11
01:45:17,7
01:45:18,4
01:45:19,11
01:45:20,11
01:45:21,11
01:45:22,7
01:45:23,4
01:45:24,11
01:45:25,11
01:45:26,11
01:45:27,11
01:45:28,7
01:45:29,13
01:45:30,11
01:45:31,11
01:45:32,11
01:45:33,7
01:45:34,4
01:45:35,11
01:45:36,11
01:45:37,11
01:45:38,7
01:45:39,4
01:45:40,11
01:45:41,11
01:45:42,11
01:45:43,11
01:45:44,7
01:45:45,4
01:45:46,11
01:45:47,11
01:45:48,11
01:45:49,7
01:45:50,4
01:45:51,11
01:45:52,11
01:45:53,11
01:45:54,7
01:45:55,4
01:45:56,11
01:45:57,11
01:45:58,11
01:45:59,11
01:46:00,0
01:46:01,11
01:46:02,11
01:46:03,11
01:46:04,11
01:46:05,16
01:46:06,4
01:46:07,11
01:46:08,11
01:46:09,11
01:46:10,7
01:46:11,4
01:46:12,11
01:46:13,11
01:46:14,11
01:46:15,7
01:46:16,4
01:46:17,11
01:46:18,11
01:46:19,11
01:46:20,11
01:46:21,7
01:46:22,4
01:46:23,11
01:46:24,11
01:46:25,11
01:46:26,7
01:46:27,4
01:46:28,11
01:46:29,11
01:46:30,11
01:46:31,7
01:46:32,4
01:46:33,11
01:46:34,11
01:46:35,11
01:46:36,11
01:46:37,7
01:46:38,13
01:46:39,11
01:46:40,11
01:46:41,11
01:46:42,7
01:46:43,4
01:46:44,11
01:46:45,11
01:46:46,11
01:46:47,7
01:46:48,4
01:46:49,11
01:46:50,11
01:46:51,11
01:46:52,11
