12:00:28,5
12:00:29,11
12:00:30,11
12:00:31,11
12:00:32,16
12:00:33,4
12:00:34,11
12:00:35,11
12:00:36,11
12:00:37,7
12:00:38,13
12:00:39,11
12:00:40,11
12:00:41,11
12:00:42,7
12:00:43,4
12:00:44,11
12:00:45,11
12:00:46,20
12:00:47,7
12:00:48,4
12:00:49,11
12:00:50,11
12:00:51,11
12:00:52,11
12:00:53,4
12:00:54,7
12:00:55,11
12:00:56,20
12:00:57,11
12:00:58,7
12:00:59,4
12:01:00,11
12:01:01,11
12:01:02,20
12:01:03,7
12:01:04,4
12:01:05,11
12:01:06,11
12:01:07,11
12:01:08,7
12:01:09,13
12:01:10,11
12:01:11,11
12:01:12,11
12:01:13,7
12:01:14,4
12:01:15,11
12:01:16,11
12:01:17,20
12:01:18,7
12:01:19,4
12:01:20,11
12:01:21,13
12:01:22,18
12:01:23,11
12:01:24,7
12:01:25,4
12:01:26,11
12:01:27,18
12:01:28,13
12:01:29,7
12:01:30,4
12:01:31,11
12:01:32,11
12:01:33,11
12:01:34,16
12:01:35,4
12:01:36,11
12:01:37,11
12:01:38,11
12:01:39,7
12:01:40,4
12:01:41,11
12:01:42,11
12:01:43,20
12:01:44,7
12:01:45,4
12:01:46,11
12:01:47,11
12:01:48,11
12:01:49,11
12:01:50,4
12:01:51,16
12:01:52,11
12:01:53,11
12:01:54,11
12:01:55,7
12:01:56,4
12:01:57,20
12:01:58,11
12:01:59,11
12:02:00,7
12:02:01,4
12:02:02,11
12:02:03,11
12:02:04,11
12:02:05,7
12:02:06,4
12:02:07,11
12:02:08,11
12:02:09,20
12:02:10,7
12:02:11,4
12:02:12,11
12:02:13,11
12:02:14,11
12:02:15,7
12:02:16,13
12:02:17,11
12:02:18,11
12:02:19,11
12:02:20,11
12:02:21,7
12:02:22,13
12:02:23,11
12:02:24,11
12:02:25,11
12:02:26,7
12:02:27,4
12:02:28,11
12:02:29,11
12:02:30,20
12:02:31,7
12:02:32,4
12:02:33,11
12:02:34,11
12:02:35,11
12:02:36,7
12:02:37,13
12:02:38,11
12:02:39,11
12:02:40,11
12:02:41,7
12:02:42,4
12:02:43,20
12:02:44,11
12:02:45,20
12:02:46,7
12:02:47,4
12:02:48,11
12:02:49,11
12:02:50,11
12:02:51,11
12:02:52,7
12:02:53,4
12:02:54,20
12:02:55,11
12:02:56,11
12:02:57,7
12:02:58,4
12:02:59,11
12:03:00,11
12:03:01,11
12:03:02,16
12:03:03,4
12:03:04,11
12:03:05,11
12:03:06,11
12:03:07,16
12:03:08,4
12:03:09,11
12:03:10,11
12:03:11,11
12:03:12,7
12:03:13,13
12:03:14,11
12:03:15,11
12:03:16,11
12:03:17,16
12:03:18,4
12:03:19,11
12:03:20,11
12:03:21,11
12:03:22,11
12:03:23,16
12:03:24,4
12:03:25,11
12:03:26,11
12:03:27,11
12:03:28,7
12:03:29,4
12:03:30,11
12:03:31,11
12:03:32,11
12:03:33,16
12:03:34,4
12:03:35,11
12:03:36,11
12:03:37,11
12:03:38,7
12:03:39,13
12:03:40,11
12:03:41,11
12:03:42,11
12:03:43,7
12:03:44,4
12:03:45,11
12:03:46,11
12:03:47,20
12:03:48,11
12:03:49,7
12:03:50,4
12:03:51,11
12:03:52,11
12:03:53,11
12:03:54,7
12:03:55,13
12:03:56,11
12:03:57,11
12:03:58,11
12:03:59,7
12:04:00,4
12:04:01,11
12:04:02,20
12:04:03,11
12:04:04,7
12:04:05,4
12:04:06,11
12:04:07,11
12:04:08,11
12:04:09,7
12:04:10,13
12:04:11,11
12:04:12,11
12:04:13,11
12:04:14,9
12:04:15,11
12:04:16,11
12:04:17,11
12:04:18,11
12:04:19,11
12:04:20,7
12:04:21,13
12:04:22,11
12:04:23,11
12:04:24,11
12:04:25,7
12:04:26,13
12:04:27,11
12:04:28,11
12:04:29,11
12:04:30,7
12:04:31,4
12:04:32,11
12:04:33,20
12:04:34,11
12:04:35,7
12:04:36,4
12:04:37,11
12:04:38,11
12:04:39,11
12:04:40,7
12:04:41,13
12:04:42,11
12:04:43,11
12:04:44,11
12:04:45,7
12:04:46,4
12:04:47,11
12:04:48,11
12:04:49,20
12:04:50,11
12:04:51,7
12:04:52,4
12:04:53,11
12:04:54,20
12:04:55,11
12:04:56,7
12:04:57,4
12:04:58,11
12:04:59,11
12:05:00,20
12:05:01,7
12:05:02,6
12:05:03,11
12:05:04,11
12:05:05,11
12:05:06,7
12:05:07,4
12:05:08,11
12:05:09,11
12:05:10,20
12:05:11,7
12:05:12,4
12:05:13,11
12:05:14,11
12:05:15,11
12:05:16,11
12:05:17,7
12:05:18,13
12:05:19,11
12:05:20,11
12:05:21,11
12:05:22,16
12:05:23,4
12:05:24,11
12:05:25,11
12:05:26,11
12:05:27,7
12:05:28,4
12:05:29,11
12:05:30,20
12:05:31,11
12:05:32,7
12:05:33,4
12:05:34,11
12:05:35,11
12:05:36,11
12:05:37,7
12:05:38,13
12:05:39,11
12:05:40,11
12:05:41,11
12:05:42,7
12:05:43,4
12:05:44,11
12:05:45,11
12:05:46,11
12:05:47,11
12:05:48,7
12:05:49,4
12:05:50,11
12:05:51,20
12:05:52,11
12:05:53,7
12:05:54,4
12:05:55,11
12:05:56,11
12:05:57,11
12:05:58,16
12:05:59,4
12:06:00,11
12:06:01,11
12:06:02,11
12:06:03,16
12:06:04,4
12:06:05,11
12:06:06,11
12:06:07,11
12:06:08,7
12:06:09,4
12:06:10,20
12:06:11,11
12:06:12,11
12:06:13,7
12:06:14,4
12:06:15,11
12:06:16,11
12:06:17,20
12:06:18,11
12:06:19,7
12:06:20,4
12:06:21,11
12:06:22,11
12:06:23,20
12:06:24,7
12:06:25,4
12:06:26,11
12:06:27,11
12:06:28,11
12:06:29,7
12:06:30,4
12:06:31,11
12:06:32,11
12:06:33,11
12:06:34,7
12:06:35,10
12:06:36,14
12:06:37,11
12:06:38,11
12:06:39,7
12:06:40,4
12:06:41,11
12:06:42,20
12:06:43,11
12:06:44,7
12:06:45,4
12:06:46,11
12:06:47,20
12:06:48,11
12:06:49,11
12:06:50,7
12:06:51,4
12:06:52,11
12:06:53,11
12:06:54,11
12:06:55,7
12:06:56,8
12:06:57,16
12:06:58,11
12:06:59,11
12:07:00,7
12:07:01,4
12:07:02,20
12:07:03,11
12:07:04,11
12:07:05,7
12:07:06,4
12:07:07,20
12:07:08,11
12:07:09,11
12:07:10,7
12:07:11,4
12:07:12,11
12:07:13,20
12:07:14,11
12:07:15,7
12:07:16,4
12:07:17,11
12:07:18,11
12:07:19,11
12:07:20,20
12:07:21,7
12:07:22,4
12:07:23,11
12:07:24,11
12:07:25,11
12:07:26,7
12:07:27,4
12:07:28,11
12:07:29,20
12:07:30,11
12:07:31,7
12:07:32,4
12:07:33,11
12:07:34,20
12:07:35,11
12:07:36,7
12:07:37,4
12:07:38,11
12:07:39,11
12:07:40,11
12:07:41,16
12:07:42,4
12:07:43,11
12:07:44,11
12:07:45,11
12:07:46,9
12:07:47,2
12:07:48,11
12:07:49,11
12:07:50,20
12:07:51,11
12:07:52,7
12:07:53,4
12:07:54,11
12:07:55,11
12:07:56,11
12:07:57,7
12:07:58,13
12:07:59,11
12:08:00,11
12:08:01,11
12:08:02,7
12:08:03,4
12:08:04,11
12:08:05,11
12:08:06,20
12:08:07,7
12:08:08,4
12:08:09,11
12:08:10,11
12:08:11,11
12:08:12,7
12:08:13,4
12:08:14,11
12:08:15,20
12:08:16,11
12:08:17,11
12:08:18,4
12:08:19,7
12:08:20,20
12:08:21,11
12:08:22,11
12:08:23,7
12:08:24,4
12:08:25,11
12:08:26,11
12:08:27,20
12:08:28,7
12:08:29,4
12:08:30,11
12:08:31,11
12:08:32,11
12:08:33,7
12:08:34,4
12:08:35,11
12:08:36,11
12:08:37,20
12:08:38,7
12:08:39,4
12:08:40,11
12:08:41,11
12:08:42,11
12:08:43,7
12:08:44,4
12:08:45,11
12:08:46,20
12:08:47,11
12:08:48,11
12:08:49,7
12:08:50,4
12:08:51,11
12:08:52,11
12:08:53,11
12:08:54,7
12:08:55,13
12:08:56,11
12:08:57,11
12:08:58,11
12:08:59,7
12:09:00,4
12:09:01,11
12:09:02,11
12:09:03,11
12:09:04,7
12:09:05,4
12:09:06,11
12:09:07,11
12:09:08,14
12:09:09,13
12:09:10,4
12:09:11,11
12:09:12,11
12:09:13,11
12:09:14,11
12:09:15,16
12:09:16,4
12:09:17,11
12:09:18,11
12:09:19,11
12:09:20,7
12:09:21,4
12:09:22,11
12:09:23,20
12:09:24,11
12:09:25,7
12:09:26,4
12:09:27,11
12:09:28,11
12:09:29,11
12:09:30,7
12:09:31,13
12:09:32,11
12:09:33,11
12:09:34,11
12:09:35,7
12:09:36,4
12:09:37,11
12:09:38,11
12:09:39,11
12:09:40,11
12:09:41,13
12:09:42,7
12:09:43,11
12:09:44,11
12:09:45,11
12:09:46,7
12:09:47,4
12:09:48,11
12:09:49,11
12:09:50,11
12:09:51,7
12:09:52,4
12:09:53,20
12:09:54,11
12:09:55,11
12:09:56,7
12:09:57,4
12:09:58,11
12:09:59,11
12:10:00,11
12:10:01,19
12:10:02,4
12:10:03,11
12:10:04,11
12:10:05,11
12:10:06,7
12:10:07,4
12:10:08,11
12:10:09,11
12:10:10,20
12:10:11,11
12:10:12,4
12:10:13,7
12:10:14,11
12:10:15,11
12:10:16,11
12:10:17,7
12:10:18,4
12:10:19,11
12:10:20,20
12:10:21,11
12:10:22,7
12:10:23,4
12:10:24,11
12:10:25,11
12:10:26,20
12:10:27,7
12:10:28,4
12:10:29,11
12:10:30,11
12:10:31,20
12:10:32,7
12:10:33,4
12:10:34,11
12:10:35,11
12:10:36,11
12:10:37,7
12:10:38,4
12:10:39,11
12:10:40,20
12:10:41,11
12:10:42,11
12:10:43,7
12:10:44,4
12:10:45,11
12:10:46,11
12:10:47,11
12:10:48,16
12:10:49,4
12:10:50,11
12:10:51,11
12:10:52,11
12:10:53,7
12:10:54,4
12:10:55,11
12:10:56,11
12:10:57,11
12:10:58,16
12:10:59,4
12:11:00,11
12:11:01,11
12:11:02,11
12:11:03,7
12:11:04,4
12:11:05,20
12:11:06,11
12:11:07,11
12:11:08,7
12:11:09,4
12:11:10,11
12:11:11,20
12:11:12,11
12:11:13,11
12:11:14,7
12:11:15,4
12:11:16,11
12:11:17,11
12:11:18,11
12:11:19,7
12:11:20,13
12:11:21,11
12:11:22,11
12:11:23,11
12:11:24,7
12:11:25,4
12:11:26,11
12:11:27,20
12:11:28,11
12:11:29,7
12:11:30,4
12:11:31,11
12:11:32,11
12:11:33,11
12:11:34,7
12:11:35,4
12:11:36,11
12:11:37,11
12:11:38,11
12:11:39,9
12:11:40,2
12:11:41,20
12:11:42,11
12:11:43,11
12:11:44,11
12:11:45,7
12:11:46,4
12:11:47,20
12:11:48,11
12:11:49,11
12:11:50,7
12:11:51,4
12:11:52,11
12:11:53,11
12:11:54,11
12:11:55,7
12:11:56,13
12:11:57,11
12:11:58,11
12:11:59,11
12:12:00,7
12:12:01,4
12:12:02,11
12:12:03,11
12:12:04,11
12:12:05,7
12:12:06,4
12:12:07,18
12:12:08,13
12:12:09,11
12:12:10,10
12:12:11,1
12:12:12,11
12:12:13,11
12:12:14,11
12:12:15,11
12:12:16,7
12:12:17,4
12:12:18,11
12:12:19,20
12:12:20,11
12:12:21,7
12:12:22,4
12:12:23,11
12:12:24,20
12:12:25,11
12:12:26,7
12:12:27,4
12:12:28,11
12:12:29,11
12:12:30,11
12:12:31,7
12:12:32,4
12:12:33,11
12:12:34,20
12:12:35,11
12:12:36,7
12:12:37,4
12:12:38,11
12:12:39,11
12:12:40,11
12:12:41,11
12:12:42,4
12:12:43,7
12:12:44,11
12:12:45,20
12:12:46,11
12:12:47,7
12:12:48,4
12:12:49,11
12:12:50,11
12:12:51,11
12:12:52,7
12:12:53,4
12:12:54,11
12:12:55,11
12:12:56,11
12:12:57,16
12:12:58,4
12:12:59,11
12:13:00,11
12:13:01,11
12:13:02,7
12:13:03,4
12:13:04,11
12:13:05,20
12:13:06,11
12:13:07,7
12:13:08,4
12:13:09,11
12:13:10,11
12:13:11,20
12:13:12,11
12:13:13,7
12:13:14,13
12:13:15,11
12:13:16,11
12:13:17,11
12:13:18,7
12:13:19,4
12:13:20,20
12:13:21,11
12:13:22,11
12:13:23,7
12:13:24,4
12:13:25,11
12:13:26,11
12:13:27,20
12:13:28,7
12:13:29,4
12:13:30,11
12:13:31,11
12:13:32,11
12:13:33,7
12:13:34,4
12:13:35,11
12:13:36,11
12:13:37,20
12:13:38,7
12:13:39,4
12:13:40,11
12:13:41,11
12:13:42,11
12:13:43,11
12:13:44,7
12:13:45,4
12:13:46,20
12:13:47,11
12:13:48,11
12:13:49,7
12:13:50,4
12:13:51,11
12:13:52,11
12:13:53,11
12:13:54,16
12:13:55,4
12:13:56,11
12:13:57,11
12:13:58,11
12:13:59,7
12:14:00,4
12:14:01,20
12:14:02,11
12:14:03,11
12:14:04,7
12:14:05,4
12:14:06,11
12:14:07,11
12:14:08,11
12:14:09,7
12:14:10,13
12:14:11,11
12:14:12,11
12:14:13,11
12:14:14,11
12:14:15,7
12:14:16,4
12:14:17,20
12:14:18,11
12:14:19,11
12:14:20,7
12:14:21,4
12:14:22,11
12:14:23,20
12:14:24,11
12:14:25,7
12:14:26,13
12:14:27,11
12:14:28,11
12:14:29,11
12:14:30,7
12:14:31,4
12:14:32,11
12:14:33,11
12:14:34,11
12:14:35,7
12:14:36,4
12:14:37,11
12:14:38,11
12:14:39,20
12:14:40,9
12:14:41,2
12:14:42,11
12:14:43,11
12:14:44,11
12:14:45,11
12:14:46,7
12:14:47,13
12:14:48,11
12:14:49,11
12:14:50,11
12:14:51,7
12:14:52,4
12:14:53,11
12:14:54,20
12:14:55,11
12:14:56,7
12:14:57,4
12:14:58,11
12:14:59,11
12:15:00,11
12:15:01,7
12:15:02,6
12:15:03,11
12:15:04,11
12:15:05,20
12:15:06,7
12:15:07,4
12:15:08,11
12:15:09,11
12:15:10,20
12:15:11,11
12:15:12,7
12:15:13,4
12:15:14,11
12:15:15,11
12:15:16,11
12:15:17,7
12:15:18,4
12:15:19,11
12:15:20,11
12:15:21,11
12:15:22,7
12:15:23,4
12:15:24,20
12:15:25,11
12:15:26,11
12:15:27,7
12:15:28,4
12:15:29,11
12:15:30,11
12:15:31,11
12:15:32,7
12:15:33,4
12:15:34,11
12:15:35,11
12:15:36,11
12:15:37,20
12:15:38,4
12:15:39,7
12:15:40,11
12:15:41,11
12:15:42,20
12:15:43,7
12:15:44,4
12:15:45,11
12:15:46,11
12:15:47,11
12:15:48,7
12:15:49,13
12:15:50,11
12:15:51,11
12:15:52,11
12:15:53,7
12:15:54,4
12:15:55,11
12:15:56,20
12:15:57,11
12:15:58,7
12:15:59,4
12:16:00,11
12:16:01,20
12:16:02,11
12:16:03,7
12:16:04,4
12:16:05,11
12:16:06,11
12:16:07,11
12:16:08,11
12:16:09,7
12:16:10,13
12:16:11,11
12:16:12,11
12:16:13,11
12:16:14,16
12:16:15,4
12:16:16,11
12:16:17,11
12:16:18,11
12:16:19,7
12:16:20,4
12:16:21,11
12:16:22,20
12:16:23,11
12:16:24,7
12:16:25,4
12:16:26,11
12:16:27,11
12:16:28,11
12:16:29,7
12:16:30,4
12:16:31,11
12:16:32,20
12:16:33,11
12:16:34,7
12:16:35,4
12:16:36,11
12:16:37,11
12:16:38,11
12:16:39,20
12:16:40,7
12:16:41,4
12:16:42,11
12:16:43,11
12:16:44,11
12:16:45,16
12:16:46,4
12:16:47,11
12:16:48,11
12:16:49,11
12:16:50,7
12:16:51,4
12:16:52,11
12:16:53,20
12:16:54,11
12:16:55,7
12:16:56,4
12:16:57,11
12:16:58,11
12:16:59,11
12:17:00,7
12:17:01,4
12:17:02,13
12:17:03,11
12:17:04,11
12:17:05,11
12:17:06,7
12:17:07,4
12:17:08,11
12:17:09,20
12:17:10,11
12:17:11,7
12:17:12,4
12:17:13,11
12:17:14,20
12:17:15,11
12:17:16,7
12:17:17,4
12:17:18,11
12:17:19,11
12:17:20,11
12:17:21,7
12:17:22,4
12:17:23,11
12:17:24,11
12:17:25,11
12:17:26,16
12:17:27,4
12:17:28,11
12:17:29,11
12:17:30,11
12:17:31,7
12:17:32,4
12:17:33,20
12:17:34,11
12:17:35,11
12:17:36,11
12:17:37,7
12:17:38,4
12:17:39,20
12:17:40,11
12:17:41,11
12:17:42,7
12:17:43,4
12:17:44,11
12:17:45,11
12:17:46,11
12:17:47,7
12:17:48,13
12:17:49,11
12:17:50,11
12:17:51,11
12:17:52,7
12:17:53,4
12:17:54,11
12:17:55,11
12:17:56,11
12:17:57,16
12:17:58,4
12:17:59,11
12:18:00,11
12:18:01,11
12:18:02,11
12:18:03,7
12:18:04,13
12:18:05,11
12:18:06,11
12:18:07,11
12:18:08,7
12:18:09,13
12:18:10,11
12:18:11,11
12:18:12,11
12:18:13,7
12:18:14,4
12:18:15,11
12:18:16,20
12:18:17,11
12:18:18,7
12:18:19,4
12:18:20,11
12:18:21,11
12:18:22,20
12:18:23,7
12:18:24,4
12:18:25,11
12:18:26,11
12:18:27,11
12:18:28,10
12:18:29,1
12:18:30,20
12:18:31,11
12:18:32,11
12:18:33,11
12:18:34,7
12:18:35,4
12:18:36,20
12:18:37,11
12:18:38,11
12:18:39,7
12:18:40,4
12:18:41,11
12:18:42,11
12:18:43,11
12:18:44,7
12:18:45,4
12:18:46,11
12:18:47,11
12:18:48,11
12:18:49,7
12:18:50,4
12:18:51,20
12:18:52,11
12:18:53,11
12:18:54,7
12:18:55,4
12:18:56,11
12:18:57,11
12:18:58,20
12:18:59,7
12:19:00,4
12:19:01,11
12:19:02,11
12:19:03,11
12:19:04,20
12:19:05,7
12:19:06,4
12:19:07,11
12:19:08,11
12:19:09,11
12:19:10,7
12:19:11,13
12:19:12,11
12:19:13,11
12:19:14,11
12:19:15,7
12:19:16,4
12:19:17,11
12:19:18,11
12:19:19,11
12:19:20,7
12:19:21,13
12:19:22,11
12:19:23,11
12:19:24,11
12:19:25,7
12:19:26,13
12:19:27,11
12:19:28,11
12:19:29,11
12:19:30,7
12:19:31,4
12:19:32,11
12:19:33,11
12:19:34,11
12:19:35,11
12:19:36,7
12:19:37,4
12:19:38,20
12:19:39,11
12:19:40,11
12:19:41,7
12:19:42,4
12:19:43,11
12:19:44,11
12:19:45,11
12:19:46,7
12:19:47,4
12:19:48,11
12:19:49,20
12:19:50,11
12:19:51,7
12:19:52,4
12:19:53,11
12:19:54,11
12:19:55,11
12:19:56,7
12:19:57,4
12:19:58,20
12:19:59,11
12:20:00,11
12:20:01,11
12:20:02,7
12:20:03,4
12:20:04,11
12:20:05,11
12:20:06,11
12:20:07,7
12:20:08,4
12:20:09,20
12:20:10,11
12:20:11,14
12:20:12,7
12:20:13,4
12:20:14,11
12:20:15,20
12:20:16,11
12:20:17,7
12:20:18,4
12:20:19,11
12:20:20,20
12:20:21,11
12:20:22,7
12:20:23,4
12:20:24,11
12:20:25,11
12:20:26,11
12:20:27,16
12:20:28,4
12:20:29,11
12:20:30,11
12:20:31,11
12:20:32,11
12:20:33,16
12:20:34,4
12:20:35,11
12:20:36,11
12:20:37,11
12:20:38,7
12:20:39,4
12:20:40,11
12:20:41,11
12:20:42,11
12:20:43,7
12:20:44,4
12:20:45,11
12:20:46,11
12:20:47,11
12:20:48,7
12:20:49,4
12:20:50,11
12:20:51,20
12:20:52,11
12:20:53,7
12:20:54,4
12:20:55,11
12:20:56,20
12:20:57,11
12:20:58,11
12:20:59,7
12:21:00,4
12:21:01,11
12:21:02,20
12:21:03,11
12:21:04,7
12:21:05,4
12:21:06,11
12:21:07,12
12:21:08,19
12:21:09,7
12:21:10,4
12:21:11,11
12:21:12,20
12:21:13,11
12:21:14,7
12:21:15,4
12:21:16,11
12:21:17,11
12:21:18,11
12:21:19,16
12:21:20,4
12:21:21,11
12:21:22,11
12:21:23,11
12:21:24,11
12:21:25,7
12:21:26,13
12:21:27,11
12:21:28,11
12:21:29,11
12:21:30,7
12:21:31,4
12:21:32,11
12:21:33,20
12:21:34,11
12:21:35,7
12:21:36,4
12:21:37,11
12:21:38,11
12:21:39,11
12:21:40,7
12:21:41,4
12:21:42,20
12:21:43,11
12:21:44,11
12:21:45,7
12:21:46,4
12:21:47,11
12:21:48,11
12:21:49,11
12:21:50,18
12:21:51,2
12:21:52,11
12:21:53,11
12:21:54,11
12:21:55,11
12:21:56,7
12:21:57,4
12:21:58,11
12:21:59,11
12:22:00,11
12:22:01,16
12:22:02,4
12:22:03,11
12:22:04,11
12:22:05,11
12:22:06,7
12:22:07,4
12:22:08,11
12:22:09,11
12:22:10,11
12:22:11,7
12:22:12,4
12:22:13,11
12:22:14,20
12:22:15,11
12:22:16,7
12:22:17,4
12:22:18,11
12:22:19,11
12:22:20,11
12:22:21,11
12:22:22,7
12:22:23,4
12:22:24,11
12:22:25,11
12:22:26,20
12:22:27,7
12:22:28,4
12:22:29,11
12:22:30,11
12:22:31,11
12:22:32,7
12:22:33,4
12:22:34,11
12:22:35,20
12:22:36,11
12:22:37,7
12:22:38,4
12:22:39,11
12:22:40,11
12:22:41,11
12:22:42,7
12:22:43,4
12:22:44,20
12:22:45,11
12:22:46,11
12:22:47,9
12:22:48,2
12:22:49,11
12:22:50,11
12:22:51,11
12:22:52,20
12:22:53,7
12:22:54,4
12:22:55,11
12:22:56,11
12:22:57,11
12:22:58,7
12:22:59,13
12:23:00,11
12:23:01,11
12:23:02,11
12:23:03,7
12:23:04,4
12:23:05,11
12:23:06,11
12:23:07,11
12:23:08,7
12:23:09,4
12:23:10,20
12:23:11,11
12:23:12,11
12:23:13,7
12:23:14,4
12:23:15,11
12:23:16,11
12:23:17,20
12:23:18,11
12:23:19,7
12:23:20,4
12:23:21,11
12:23:22,11
12:23:23,20
12:23:24,7
12:23:25,4
12:23:26,11
12:23:27,11
12:23:28,11
12:23:29,7
12:23:30,13
12:23:31,11
12:23:32,11
12:23:33,11
12:23:34,7
12:23:35,4
12:23:36,11
12:23:37,11
12:23:38,11
12:23:39,7
12:23:40,4
12:23:41,20
12:23:42,11
12:23:43,11
12:23:44,7
12:23:45,4
12:23:46,11
12:23:47,20
12:23:48,11
12:23:49,11
12:23:50,7
12:23:51,4
12:23:52,11
12:23:53,11
12:23:54,11
12:23:55,7
12:23:56,13
12:23:57,11
12:23:58,11
12:23:59,11
12:24:00,7
12:24:01,4
12:24:02,11
12:24:03,20
12:24:04,11
12:24:05,7
12:24:06,13
12:24:07,11
12:24:08,11
12:24:09,11
12:24:10,7
12:24:11,4
12:24:12,11
12:24:13,20
12:24:14,11
12:24:15,11
12:24:16,7
12:24:17,4
12:24:18,11
12:24:19,11
12:24:20,20
12:24:21,7
12:24:22,4
12:24:23,11
12:24:24,11
12:24:25,11
12:24:26,7
12:24:27,13
12:24:28,11
12:24:29,11
12:24:30,11
12:24:31,7
12:24:32,4
12:24:33,11
12:24:34,11
12:24:35,11
12:24:36,7
12:24:37,13
12:24:38,11
12:24:39,11
12:24:40,11
12:24:41,7
12:24:42,4
12:24:43,11
12:24:44,20
12:24:45,11
12:24:46,11
12:24:47,7
12:24:48,4
12:24:49,11
12:24:50,11
12:24:51,11
12:24:52,16
12:24:53,4
12:24:54,11
12:24:55,11
12:24:56,11
12:24:57,7
12:24:58,4
12:24:59,11
12:25:00,11
12:25:01,11
12:25:02,18
12:25:03,4
12:25:04,11
12:25:05,11
12:25:06,11
12:25:07,7
12:25:08,4
12:25:09,11
12:25:10,11
12:25:11,11
12:25:12,11
12:25:13,13
12:25:14,7
12:25:15,11
12:25:16,11
12:25:17,11
12:25:18,7
12:25:19,4
12:25:20,11
12:25:21,11
12:25:22,20
12:25:23,7
12:25:24,4
12:25:25,11
12:25:26,11
12:25:27,11
12:25:28,7
12:25:29,4
12:25:30,11
12:25:31,20
12:25:32,11
12:25:33,16
12:25:34,4
12:25:35,11
12:25:36,11
12:25:37,11
12:25:38,7
12:25:39,4
12:25:40,20
12:25:41,11
12:25:42,11
12:25:43,11
12:25:44,16
12:25:45,4
12:25:46,11
12:25:47,11
12:25:48,11
12:25:49,7
12:25:50,4
12:25:51,20
12:25:52,11
12:25:53,11
12:25:54,7
12:25:55,4
12:25:56,11
12:25:57,11
12:25:58,20
12:25:59,7
12:26:00,4
12:26:01,11
12:26:02,11
12:26:03,11
12:26:04,7
12:26:05,4
12:26:06,11
12:26:07,20
12:26:08,11
12:26:09,11
12:26:10,4
12:26:11,7
12:26:12,11
12:26:13,20
12:26:14,11
12:26:15,7
12:26:16,4
12:26:17,11
12:26:18,11
12:26:19,20
12:26:20,7
12:26:21,4
12:26:22,11
12:26:23,11
12:26:24,11
12:26:25,7
12:26:26,4
12:26:27,11
12:26:28,20
12:26:29,11
12:26:30,7
12:26:31,4
12:26:32,11
12:26:33,11
12:26:34,11
12:26:35,7
12:26:36,13
12:26:37,11
12:26:38,11
12:26:39,11
12:26:40,11
12:26:41,7
12:26:42,13
12:26:43,11
12:26:44,11
12:26:45,7
12:26:46,4
12:26:47,11
12:26:48,11
12:26:49,20
12:26:50,7
12:26:51,4
12:26:52,11
12:26:53,11
12:26:54,11
12:26:55,10
12:26:56,1
12:26:57,11
12:26:58,11
12:26:59,11
12:27:00,20
12:27:01,7
12:27:02,4
12:27:03,11
12:27:04,11
12:27:05,20
12:27:06,7
12:27:07,4
12:27:08,11
12:27:09,20
12:27:10,11
12:27:11,7
12:27:12,4
12:27:13,11
12:27:14,11
12:27:15,11
12:27:16,16
12:27:17,4
12:27:18,11
12:27:19,11
12:27:20,11
12:27:21,7
12:27:22,4
12:27:23,20
12:27:24,11
12:27:25,11
12:27:26,11
12:27:27,7
12:27:28,4
12:27:29,11
12:27:30,11
12:27:31,11
12:27:32,7
12:27:33,4
12:27:34,20
12:27:35,11
12:27:36,11
12:27:37,7
12:27:38,13
12:27:39,11
12:27:40,11
12:27:41,11
12:27:42,7
12:27:43,4
12:27:44,11
12:27:45,11
12:27:46,20
12:27:47,7
12:27:48,4
12:27:49,11
12:27:50,11
12:27:51,11
12:27:52,11
12:27:53,4
12:27:54,7
12:27:55,11
12:27:56,11
12:27:57,11
12:27:58,7
12:27:59,4
12:28:00,11
12:28:01,20
12:28:02,11
12:28:03,7
12:28:04,13
12:28:05,11
12:28:06,11
12:28:07,11
12:28:08,7
12:28:09,4
12:28:10,11
12:28:11,20
12:28:12,11
12:28:13,7
12:28:14,4
12:28:15,20
12:28:16,11
12:28:17,11
12:28:18,7
12:28:19,4
12:28:20,11
12:28:21,11
12:28:22,11
12:28:23,11
12:28:24,16
12:28:25,4
12:28:26,11
12:28:27,11
12:28:28,11
12:28:29,7
12:28:30,4
12:28:31,20
12:28:32,11
12:28:33,11
12:28:34,7
12:28:35,4
12:28:36,11
12:28:37,11
12:28:38,11
12:28:39,7
12:28:40,4
12:28:41,20
12:28:42,11
12:28:43,11
12:28:44,7
12:28:45,4
12:28:46,11
12:28:47,11
12:28:48,11
12:28:49,11
12:28:50,7
12:28:51,13
12:28:52,11
12:28:53,11
12:28:54,11
12:28:55,7
12:28:56,4
12:28:57,11
12:28:58,11
12:28:59,11
12:29:00,7
12:29:01,13
12:29:02,11
12:29:03,11
12:29:04,11
12:29:05,7
12:29:06,13
12:29:07,20
12:29:08,11
12:29:09,11
12:29:10,7
12:29:11,4
12:29:12,11
12:29:13,11
12:29:14,11
12:29:15,11
12:29:16,4
12:29:17,16
12:29:18,11
12:29:19,11
12:29:20,11
12:29:21,7
12:29:22,4
12:29:23,11
12:29:24,20
12:29:25,11
12:29:26,7
12:29:27,4
12:29:28,11
12:29:29,11
12:29:30,11
12:29:31,7
12:29:32,4
12:29:33,11
12:29:34,20
12:29:35,11
12:29:36,7
12:29:37,13
12:29:38,11
12:29:39,11
12:29:40,11
12:29:41,7
12:29:42,4
12:29:43,20
12:29:44,11
12:29:45,11
12:29:46,11
12:29:47,7
12:29:48,4
12:29:49,20
12:29:50,11
12:29:51,11
12:29:52,7
12:29:53,4
12:29:54,20
12:29:55,11
12:29:56,11
12:29:57,7
12:29:58,4
12:29:59,11
12:30:00,11
12:30:01,11
12:30:02,16
12:30:03,4
12:30:04,11
12:30:05,11
12:30:06,11
12:30:07,7
12:30:08,13
12:30:09,11
12:30:10,11
12:30:11,11
12:30:12,7
12:30:13,4
12:30:14,23
12:30:15,11
12:30:16,11
12:30:17,11
12:30:18,7
12:30:19,4
12:30:20,11
12:30:21,11
12:30:22,20
12:30:23,7
12:30:24,4
12:30:25,11
12:30:26,11
12:30:27,11
12:30:28,7
12:30:29,13
12:30:30,11
12:30:31,11
12:30:32,11
12:30:33,7
12:30:34,4
12:30:35,11
12:30:36,20
12:30:37,11
12:30:38,7
12:30:39,4
12:30:40,11
12:30:41,11
12:30:42,11
12:30:43,11
12:30:44,4
12:30:45,7
12:30:46,11
12:30:47,11
12:30:48,11
12:30:49,16
12:30:50,4
12:30:51,11
12:30:52,11
12:30:53,20
12:30:54,7
12:30:55,4
12:30:56,11
12:30:57,11
12:30:58,11
12:30:59,7
12:31:00,4
12:31:01,20
12:31:02,11
12:31:03,11
12:31:04,7
12:31:05,4
12:31:06,11
12:31:07,11
12:31:08,11
12:31:09,11
12:31:10,7
12:31:11,13
12:31:12,11
12:31:13,11
12:31:14,11
12:31:15,7
12:31:16,6
12:31:17,18
12:31:18,11
12:31:19,11
12:31:20,7
12:31:21,4
12:31:22,11
12:31:23,20
12:31:24,11
12:31:25,7
12:31:26,4
12:31:27,11
12:31:28,11
12:31:29,11
12:31:30,7
12:31:31,4
12:31:32,11
12:31:33,11
12:31:34,11
12:31:35,7
12:31:36,13
12:31:37,11
12:31:38,11
12:31:39,11
12:31:40,11
12:31:41,7
12:31:42,4
12:31:43,11
12:31:44,11
12:31:45,11
12:31:46,7
12:31:47,4
12:31:48,11
12:31:49,20
12:31:50,11
12:31:51,7
12:31:52,4
12:31:53,11
12:31:54,11
12:31:55,11
12:31:56,16
12:31:57,4
12:31:58,11
12:31:59,11
12:32:00,11
12:32:01,16
12:32:02,4
12:32:03,20
12:32:04,11
12:32:05,11
12:32:06,11
12:32:07,0
12:32:08,11
12:32:09,11
12:32:10,11
12:32:11,14
12:32:12,13
12:32:13,4
12:32:14,11
12:32:15,11
12:32:16,11
12:32:17,7
12:32:18,4
12:32:19,11
12:32:20,11
12:32:21,11
12:32:22,7
12:32:23,4
12:32:24,20
12:32:25,11
12:32:26,11
12:32:27,7
12:32:28,4
12:32:29,11
12:32:30,20
12:32:31,11
12:32:32,7
12:32:33,4
12:32:34,11
12:32:35,11
12:32:36,11
12:32:37,11
12:32:38,7
12:32:39,13
12:32:40,11
12:32:41,11
12:32:42,11
12:32:43,7
12:32:44,4
12:32:45,11
12:32:46,11
12:32:47,11
12:32:48,7
12:32:49,13
12:32:50,11
12:32:51,11
12:32:52,11
12:32:53,7
12:32:54,4
12:32:55,11
12:32:56,11
12:32:57,11
12:32:58,7
12:32:59,13
12:33:00,11
12:33:01,11
12:33:02,11
12:33:03,11
12:33:04,7
12:33:05,4
12:33:06,11
12:33:07,20
12:33:08,11
12:33:09,7
12:33:10,4
12:33:11,11
12:33:12,11
12:33:13,11
12:33:14,16
12:33:15,13
12:33:16,11
12:33:17,11
12:33:18,11
12:33:19,7
12:33:20,4
12:33:21,11
12:33:22,11
12:33:23,11
12:33:24,7
12:33:25,13
12:33:26,11
12:33:27,11
12:33:28,11
12:33:29,11
12:33:30,7
12:33:31,4
12:33:32,11
12:33:33,11
12:33:34,11
12:33:35,7
12:33:36,4
12:33:37,11
12:33:38,11
12:33:39,11
12:33:40,7
12:33:41,4
12:33:42,11
12:33:43,20
12:33:44,11
12:33:45,7
12:33:46,4
12:33:47,20
12:33:48,11
12:33:49,11
12:33:50,7
12:33:51,4
12:33:52,11
12:33:53,11
12:33:54,20
12:33:55,11
12:33:56,3
12:33:57,8
12:33:58,11
12:33:59,11
12:34:00,11
12:34:01,7
12:34:02,4
12:34:03,20
12:34:04,11
12:34:05,11
12:34:06,7
12:34:07,4
12:34:08,11
12:34:09,20
12:34:10,11
12:34:11,7
12:34:12,4
12:34:13,11
12:34:14,11
12:34:15,11
12:34:16,7
12:34:17,4
12:34:18,11
12:34:19,20
12:34:20,11
12:34:21,10
12:34:22,1
12:34:23,11
12:34:24,11
12:34:25,11
12:34:26,11
12:34:27,7
12:34:28,13
12:34:29,11
12:34:30,11
12:34:31,11
12:34:32,7
12:34:33,4
12:34:34,11
12:34:35,11
12:34:36,11
12:34:37,7
12:34:38,4
12:34:39,11
12:34:40,11
12:34:41,11
12:34:42,7
12:34:43,4
12:34:44,11
12:34:45,20
12:34:46,11
12:34:47,7
12:34:48,4
12:34:49,11
12:34:50,11
12:34:51,11
12:34:52,11
12:34:53,7
12:34:54,4
12:34:55,11
12:34:56,20
12:34:57,11
12:34:58,7
12:34:59,4
12:35:00,11
12:35:01,13
12:35:02,11
12:35:03,7
12:35:04,4
12:35:05,11
12:35:06,20
12:35:07,11
12:35:08,7
12:35:09,4
12:35:10,11
12:35:11,11
12:35:12,11
12:35:13,7
12:35:14,13
12:35:15,11
12:35:16,11
12:35:17,11
12:35:18,11
12:35:19,0
12:35:20,11
12:35:21,11
12:35:22,11
12:35:23,20
12:35:24,7
12:35:25,4
12:35:26,11
12:35:27,11
12:35:28,20
12:35:29,7
12:35:30,4
12:35:31,11
12:35:32,11
12:35:33,11
12:35:34,7
12:35:35,4
12:35:36,11
12:35:37,20
12:35:38,11
12:35:39,7
12:35:40,4
12:35:41,11
12:35:42,11
12:35:43,11
12:35:44,16
12:35:45,4
12:35:46,11
12:35:47,11
12:35:48,11
12:35:49,11
12:35:50,7
12:35:51,4
12:35:52,20
12:35:53,11
12:35:54,11
12:35:55,7
12:35:56,4
12:35:57,11
12:35:58,11
12:35:59,20
12:36:00,7
12:36:01,4
12:36:02,11
12:36:03,11
12:36:04,11
12:36:05,7
12:36:06,4
12:36:07,11
12:36:08,20
12:36:09,11
12:36:10,7
12:36:11,4
12:36:12,11
12:36:13,20
12:36:14,11
12:36:15,10
12:36:16,1
12:36:17,11
12:36:18,11
12:36:19,11
12:36:20,20
12:36:21,7
12:36:22,4
12:36:23,11
12:36:24,11
12:36:25,11
12:36:26,7
12:36:27,4
12:36:28,16
12:36:29,15
12:36:30,11
12:36:31,7
12:36:32,4
12:36:33,11
12:36:34,11
12:36:35,11
12:36:36,7
12:36:37,4
12:36:38,11
12:36:39,11
12:36:40,11
12:36:41,7
12:36:42,4
12:36:43,20
12:36:44,11
12:36:45,11
12:36:46,11
12:36:47,7
12:36:48,4
12:36:49,11
12:36:50,11
12:36:51,11
12:36:52,7
12:36:53,4
12:36:54,11
12:36:55,20
12:36:56,11
12:36:57,7
12:36:58,4
12:36:59,11
12:37:00,11
12:37:01,11
12:37:02,12
12:37:03,8
12:37:04,11
12:37:05,11
12:37:06,11
12:37:07,7
12:37:08,4
12:37:09,11
12:37:10,11
12:37:11,11
12:37:12,11
12:37:13,7
12:37:14,4
12:37:15,20
12:37:16,11
12:37:17,11
12:37:18,7
12:37:19,4
12:37:20,11
12:37:21,11
12:37:22,20
12:37:23,7
12:37:24,4
12:37:25,11
12:37:26,11
12:37:27,11
12:37:28,7
12:37:29,4
12:37:30,11
12:37:31,11
12:37:32,20
12:37:33,7
12:37:34,4
12:37:35,11
12:37:36,11
12:37:37,11
12:37:38,11
12:37:39,9
12:37:40,11
12:37:41,11
12:37:42,11
12:37:43,11
12:37:44,7
12:37:45,4
12:37:46,11
12:37:47,11
12:37:48,11
12:37:49,16
12:37:50,4
12:37:51,11
12:37:52,11
12:37:53,11
12:37:54,7
12:37:55,4
12:37:56,20
12:37:57,11
12:37:58,11
12:37:59,7
12:38:00,13
12:38:01,11
12:38:02,11
12:38:03,11
12:38:04,7
12:38:05,4
12:38:06,11
12:38:07,11
12:38:08,11
12:38:09,11
12:38:10,7
12:38:11,4
12:38:12,11
12:38:13,20
12:38:14,11
12:38:15,7
12:38:16,4
12:38:17,11
12:38:18,11
12:38:19,11
12:38:20,7
12:38:21,13
12:38:22,11
12:38:23,11
12:38:24,11
12:38:25,7
12:38:26,4
12:38:27,11
12:38:28,11
12:38:29,11
12:38:30,7
12:38:31,13
12:38:32,11
12:38:33,11
12:38:34,11
12:38:35,11
12:38:36,0
12:38:37,11
12:38:38,11
12:38:39,11
12:38:40,11
12:38:41,7
12:38:42,13
12:38:43,11
12:38:44,11
12:38:45,11
12:38:46,7
12:38:47,4
12:38:48,11
12:38:49,20
12:38:50,11
12:38:51,7
12:38:52,4
12:38:53,11
12:38:54,11
12:38:55,11
12:38:56,7
12:38:57,13
12:38:58,11
12:38:59,11
12:39:00,11
12:39:01,7
12:39:02,4
12:39:03,20
12:39:04,11
12:39:05,11
12:39:06,11
12:39:07,7
12:39:08,4
12:39:09,11
12:39:10,11
12:39:11,11
12:39:12,16
12:39:13,4
12:39:14,11
12:39:15,11
12:39:16,11
12:39:17,7
12:39:18,4
12:39:19,20
12:39:20,11
12:39:21,11
12:39:22,7
12:39:23,4
12:39:24,11
12:39:25,20
12:39:26,20
12:39:27,7
12:39:28,4
12:39:29,11
12:39:30,11
12:39:31,11
12:39:32,7
12:39:33,4
12:39:34,11
12:39:35,20
12:39:36,11
12:39:37,11
12:39:38,7
12:39:39,4
12:39:40,11
12:39:41,11
12:39:42,11
12:39:43,16
12:39:44,4
12:39:45,11
12:39:46,11
12:39:47,11
12:39:48,16
12:39:49,4
12:39:50,11
12:39:51,11
12:39:52,13
12:39:53,14
12:39:54,4
12:39:55,11
12:39:56,11
12:39:57,11
12:39:58,7
12:39:59,4
12:40:00,11
12:40:01,11
12:40:02,11
12:40:03,7
12:40:04,16
12:40:05,11
12:40:06,11
12:40:07,11
12:40:08,11
12:40:09,7
12:40:10,4
12:40:11,11
12:40:12,11
12:40:13,11
12:40:14,7
12:40:15,13
12:40:16,11
12:40:17,11
12:40:18,11
12:40:19,7
12:40:20,4
12:40:21,11
12:40:22,11
12:40:23,11
12:40:24,7
12:40:25,13
12:40:26,11
12:40:27,11
12:40:28,11
12:40:29,7
12:40:30,4
12:40:31,11
12:40:32,11
12:40:33,20
12:40:34,11
12:40:35,0
12:40:36,11
12:40:37,11
12:40:38,11
12:40:39,20
12:40:40,7
12:40:41,4
12:40:42,11
12:40:43,11
12:40:44,11
12:40:45,7
12:40:46,13
12:40:47,11
12:40:48,11
12:40:49,11
12:40:50,7
12:40:51,4
12:40:52,11
12:40:53,11
12:40:54,20
12:40:55,7
12:40:56,4
12:40:57,11
12:40:58,11
12:40:59,11
12:41:00,16
12:41:01,4
12:41:02,11
12:41:03,11
12:41:04,11
12:41:05,20
12:41:06,4
12:41:07,7
12:41:08,11
12:41:09,11
12:41:10,11
12:41:11,7
12:41:12,4
12:41:13,11
12:41:14,11
12:41:15,11
12:41:16,7
12:41:17,13
12:41:18,11
12:41:19,11
12:41:20,11
12:41:21,7
12:41:22,4
12:41:23,11
12:41:24,20
12:41:25,11
12:41:26,7
12:41:27,4
12:41:28,11
12:41:29,11
12:41:30,20
12:41:31,7
12:41:32,4
12:41:33,11
12:41:34,11
12:41:35,11
12:41:36,11
12:41:37,7
12:41:38,4
12:41:39,20
12:41:40,11
12:41:41,11
12:41:42,7
12:41:43,4
12:41:44,11
12:41:45,11
12:41:46,20
12:41:47,7
12:41:48,4
12:41:49,11
12:41:50,11
12:41:51,11
12:41:52,7
12:41:53,13
12:41:54,11
12:41:55,11
12:41:56,11
12:41:57,7
12:41:58,4
12:41:59,11
12:42:00,11
12:42:01,11
12:42:02,16
12:42:03,4
12:42:04,11
12:42:05,11
12:42:06,20
12:42:07,11
12:42:08,7
12:42:09,4
12:42:10,11
12:42:11,11
12:42:12,11
12:42:13,7
12:42:14,4
12:42:15,11
12:42:16,11
12:42:17,11
12:42:18,16
12:42:19,4
12:42:20,11
12:42:21,11
12:42:22,11
12:42:23,7
12:42:24,4
12:42:25,11
12:42:26,11
12:42:27,11
12:42:28,7
12:42:29,13
12:42:30,11
12:42:31,11
12:42:32,11
12:42:33,11
12:42:34,7
12:42:35,4
12:42:36,11
12:42:37,11
12:42:38,11
12:42:39,7
12:42:40,4
12:42:41,11
12:42:42,20
12:42:43,11
12:42:44,7
12:42:45,4
12:42:46,11
12:42:47,11
12:42:48,11
12:42:49,7
12:42:50,13
12:42:51,11
12:42:52,11
12:42:53,11
12:42:54,16
12:42:55,4
12:42:56,11
12:42:57,11
12:42:58,11
12:42:59,9
12:43:00,2
12:43:01,20
12:43:02,11
12:43:03,11
12:43:04,11
12:43:05,7
12:43:06,13
12:43:07,11
12:43:08,11
12:43:09,11
12:43:10,7
12:43:11,4
12:43:12,11
12:43:13,11
12:43:14,11
12:43:15,7
12:43:16,4
12:43:17,11
12:43:18,11
12:43:19,20
12:43:20,7
12:43:21,4
12:43:22,11
12:43:23,11
12:43:24,11
12:43:25,7
12:43:26,4
12:43:27,20
12:43:28,11
12:43:29,11
12:43:30,11
12:43:31,0
12:43:32,11
12:43:33,12
12:43:34,19
12:43:35,11
12:43:36,7
12:43:37,4
12:43:38,11
12:43:39,11
12:43:40,11
12:43:41,7
12:43:42,4
12:43:43,11
12:43:44,20
12:43:45,11
12:43:46,7
12:43:47,4
12:43:48,11
12:43:49,11
12:43:50,11
12:43:51,16
12:43:52,4
12:43:53,20
12:43:54,11
12:43:55,11
12:43:56,7
12:43:57,4
12:43:58,11
12:43:59,11
12:44:00,11
12:44:01,11
12:44:02,13
12:44:03,7
12:44:04,11
12:44:05,11
12:44:06,11
12:44:07,7
12:44:08,4
12:44:09,11
12:44:10,11
12:44:11,11
12:44:12,7
12:44:13,4
12:44:14,11
12:44:15,11
12:44:16,20
12:44:17,7
12:44:18,4
12:44:19,11
12:44:20,11
12:44:21,11
12:44:22,7
12:44:23,4
12:44:24,11
12:44:25,20
12:44:26,11
12:44:27,7
12:44:28,4
12:44:29,11
12:44:30,11
12:44:31,11
12:44:32,16
12:44:33,4
12:44:34,11
12:44:35,11
12:44:36,11
12:44:37,7
12:44:38,4
12:44:39,11
12:44:40,20
12:44:41,11
12:44:42,7
12:44:43,4
12:44:44,11
12:44:45,11
12:44:46,20
12:44:47,7
12:44:48,4
12:44:49,11
12:44:50,11
12:44:51,20
12:44:52,7
12:44:53,4
12:44:54,11
12:44:55,11
12:44:56,11
12:44:57,11
12:44:58,16
12:44:59,4
12:45:00,11
12:45:01,13
12:45:02,11
12:45:03,7
12:45:04,4
12:45:05,11
12:45:06,20
12:45:07,11
12:45:08,7
12:45:09,4
12:45:10,11
12:45:11,11
12:45:12,11
12:45:13,7
12:45:14,4
12:45:15,11
12:45:16,20
12:45:17,11
12:45:18,7
12:45:19,4
12:45:20,11
12:45:21,11
12:45:22,20
12:45:23,11
12:45:24,0
12:45:25,11
12:45:26,11
12:45:27,11
12:45:28,11
12:45:29,7
12:45:30,4
12:45:31,11
12:45:32,11
12:45:33,11
12:45:34,7
12:45:35,4
12:45:36,20
12:45:37,11
12:45:38,11
12:45:39,7
12:45:40,4
12:45:41,11
12:45:42,11
12:45:43,11
12:45:44,16
12:45:45,4
12:45:46,11
12:45:47,11
12:45:48,20
12:45:49,7
12:45:50,4
12:45:51,11
12:45:52,11
12:45:53,11
12:45:54,11
12:45:55,4
12:45:56,7
12:45:57,20
12:45:58,11
12:45:59,11
12:46:00,7
12:46:01,4
12:46:02,11
12:46:03,11
12:46:04,11
12:46:05,16
12:46:06,4
12:46:07,11
12:46:08,11
12:46:09,11
12:46:10,7
12:46:11,4
12:46:12,11
12:46:13,20
12:46:14,11
12:46:15,7
12:46:16,4
12:46:17,11
12:46:18,11
12:46:19,11
12:46:20,7
12:46:21,4
12:46:22,11
12:46:23,11
12:46:24,11
12:46:25,11
12:46:26,9
12:46:27,11
12:46:28,11
12:46:29,11
12:46:30,11
12:46:31,7
12:46:32,4
12:46:33,11
12:46:34,11
12:46:35,11
12:46:36,16
12:46:37,4
12:46:38,11
12:46:39,11
12:46:40,11
12:46:41,16
12:46:42,4
12:46:43,11
12:46:44,11
12:46:45,11
12:46:46,16
12:46:47,4
12:46:48,11
12:46:49,11
12:46:50,11
12:46:51,7
12:46:52,4
12:46:53,20
12:46:54,11
12:46:55,11
12:46:56,11
12:46:57,7
12:46:58,4
12:46:59,11
12:47:00,20
12:47:01,11
12:47:02,7
12:47:03,4
12:47:04,20
12:47:05,11
12:47:06,11
12:47:07,7
12:47:08,4
12:47:09,11
12:47:10,20
12:47:11,11
12:47:12,7
12:47:13,4
12:47:14,11
12:47:15,11
12:47:16,11
12:47:17,7
12:47:18,4
12:47:19,11
12:47:20,11
12:47:21,11
12:47:22,7
12:47:23,4
12:47:24,11
12:47:25,11
12:47:26,11
12:47:27,20
12:47:28,7
12:47:29,4
12:47:30,11
12:47:31,11
12:47:32,11
12:47:33,10
12:47:34,10
12:47:35,11
12:47:36,11
12:47:37,11
12:47:38,7
12:47:39,13
12:47:40,11
12:47:41,11
12:47:42,11
12:47:43,7
12:47:44,4
12:47:45,11
12:47:46,11
12:47:47,11
12:47:48,16
12:47:49,4
12:47:50,11
12:47:51,11
12:47:52,11
12:47:53,11
12:47:54,4
12:47:55,16
12:47:56,11
12:47:57,11
12:47:58,11
12:47:59,7
12:48:00,4
12:48:01,11
12:48:02,11
12:48:03,11
12:48:04,7
12:48:05,13
12:48:06,11
12:48:07,11
12:48:08,11
12:48:09,7
12:48:10,4
12:48:11,20
12:48:12,11
12:48:13,11
12:48:14,7
12:48:15,4
12:48:16,11
12:48:17,11
12:48:18,11
12:48:19,7
12:48:20,13
12:48:21,11
12:48:22,11
12:48:23,11
12:48:24,20
12:48:25,0
12:48:26,11
12:48:27,11
12:48:28,11
12:48:29,11
12:48:30,7
12:48:31,4
12:48:32,20
12:48:33,11
12:48:34,11
12:48:35,7
12:48:36,4
12:48:37,11
12:48:38,11
12:48:39,11
12:48:40,16
12:48:41,4
12:48:42,11
12:48:43,11
12:48:44,11
12:48:45,16
12:48:46,4
12:48:47,11
12:48:48,11
12:48:49,11
12:48:50,7
12:48:51,13
12:48:52,11
12:48:53,11
12:48:54,11
12:48:55,20
12:48:56,4
12:48:57,7
12:48:58,11
12:48:59,11
12:49:00,11
12:49:01,7
12:49:02,13
12:49:03,11
12:49:04,11
12:49:05,11
12:49:06,7
12:49:07,4
12:49:08,20
12:49:09,11
12:49:10,11
12:49:11,7
12:49:12,4
12:49:13,11
12:49:14,11
12:49:15,11
12:49:16,16
12:49:17,4
12:49:18,11
12:49:19,11
12:49:20,11
12:49:21,7
12:49:22,4
12:49:23,11
12:49:24,11
12:49:25,11
12:49:26,11
12:49:27,7
12:49:28,13
12:49:29,11
12:49:30,11
12:49:31,11
12:49:32,7
12:49:33,4
12:49:34,11
12:49:35,11
12:49:36,20
12:49:37,7
12:49:38,4
12:49:39,11
12:49:40,11
12:49:41,11
12:49:42,7
12:49:43,4
12:49:44,11
12:49:45,11
12:49:46,20
12:49:47,7
12:49:48,4
12:49:49,11
12:49:50,20
12:49:51,11
12:49:52,7
12:49:53,4
12:49:54,11
12:49:55,11
12:49:56,11
12:49:57,11
12:49:58,12
12:49:59,8
12:50:00,11
12:50:01,11
12:50:02,20
12:50:03,7
12:50:04,4
12:50:05,11
12:50:06,11
12:50:07,20
12:50:08,7
12:50:09,4
12:50:10,11
12:50:11,11
12:50:12,11
12:50:13,7
12:50:14,4
12:50:15,20
12:50:16,11
12:50:17,11
12:50:18,7
12:50:19,4
12:50:20,14
12:50:21,11
12:50:22,20
12:50:23,7
12:50:24,4
12:50:25,11
12:50:26,11
12:50:27,11
12:50:28,11
12:50:29,7
12:50:30,13
12:50:31,11
12:50:32,11
12:50:33,11
12:50:34,7
12:50:35,4
12:50:36,20
12:50:37,11
12:50:38,11
12:50:39,7
12:50:40,4
12:50:41,11
12:50:42,11
12:50:43,11
12:50:44,7
12:50:45,4
12:50:46,11
12:50:47,11
12:50:48,11
12:50:49,7
12:50:50,4
12:50:51,20
12:50:52,11
12:50:53,11
12:50:54,11
12:50:55,7
12:50:56,4
12:50:57,11
12:50:58,20
12:50:59,11
12:51:00,7
12:51:01,4
12:51:02,11
12:51:03,11
12:51:04,11
12:51:05,7
12:51:06,13
12:51:07,11
12:51:08,11
12:51:09,11
12:51:10,7
12:51:11,4
12:51:12,11
12:51:13,11
12:51:14,11
12:51:15,16
12:51:16,4
12:51:17,11
12:51:18,11
12:51:19,11
12:51:20,9
12:51:21,11
12:51:22,11
12:51:23,11
12:51:24,11
12:51:25,11
12:51:26,7
12:51:27,9
12:51:28,15
12:51:29,11
12:51:30,11
12:51:31,7
12:51:32,4
12:51:33,11
12:51:34,20
12:51:35,11
12:51:36,7
12:51:37,4
12:51:38,20
12:51:39,11
12:51:40,11
12:51:41,7
12:51:42,4
12:51:43,20
12:51:44,11
12:51:45,11
12:51:46,7
12:51:47,4
12:51:48,11
12:51:49,11
12:51:50,15
12:51:51,16
12:51:52,7
12:51:53,4
12:51:54,11
12:51:55,11
12:51:56,11
12:51:57,7
12:51:58,13
12:51:59,11
12:52:00,11
12:52:01,13
12:52:02,7
12:52:03,4
12:52:04,11
12:52:05,11
12:52:06,11
12:52:07,8
12:52:08,12
12:52:09,11
12:52:10,11
12:52:11,11
12:52:12,7
12:52:13,4
12:52:14,11
12:52:15,11
12:52:16,11
12:52:17,16
12:52:18,4
12:52:19,11
12:52:20,11
12:52:21,11
12:52:22,11
12:52:23,16
12:52:24,4
12:52:25,11
12:52:26,11
12:52:27,11
12:52:28,7
12:52:29,4
12:52:30,11
12:52:31,11
12:52:32,11
12:52:33,16
12:52:34,4
12:52:35,11
12:52:36,11
12:52:37,11
12:52:38,7
12:52:39,4
12:52:40,20
12:52:41,11
12:52:42,11
12:52:43,16
12:52:44,4
12:52:45,11
12:52:46,11
12:52:47,11
12:52:48,11
12:52:49,16
12:52:50,4
12:52:51,11
12:52:52,11
12:52:53,11
12:52:54,16
12:52:55,4
12:52:56,11
12:52:57,11
12:52:58,11
12:52:59,7
12:53:00,4
12:53:01,20
12:53:02,11
12:53:03,11
12:53:04,7
12:53:05,4
12:53:06,11
12:53:07,11
12:53:08,20
12:53:09,7
12:53:10,4
12:53:11,11
12:53:12,11
12:53:13,11
12:53:14,11
12:53:15,7
12:53:16,4
12:53:17,11
12:53:18,20
12:53:19,11
12:53:20,7
12:53:21,4
12:53:22,11
12:53:23,20
12:53:24,11
12:53:25,7
12:53:26,4
12:53:27,11
12:53:28,11
12:53:29,11
12:53:30,7
12:53:31,4
12:53:32,20
12:53:33,11
12:53:34,11
12:53:35,7
12:53:36,4
12:53:37,11
12:53:38,11
12:53:39,11
12:53:40,16
12:53:41,4
12:53:42,11
12:53:43,11
12:53:44,11
12:53:45,11
12:53:46,7
12:53:47,4
12:53:48,11
12:53:49,20
12:53:50,11
12:53:51,7
12:53:52,4
12:53:53,11
12:53:54,11
12:53:55,11
12:53:56,7
12:53:57,13
12:53:58,11
12:53:59,11
12:54:00,11
12:54:01,7
12:54:02,4
12:54:03,11
12:54:04,11
12:54:05,20
12:54:06,7
12:54:07,4
12:54:08,11
12:54:09,11
12:54:10,11
12:54:11,11
12:54:12,4
12:54:13,16
12:54:14,11
12:54:15,11
12:54:16,11
12:54:17,7
12:54:18,4
12:54:19,11
12:54:20,11
12:54:21,11
12:54:22,7
12:54:23,4
12:54:24,11
12:54:25,20
12:54:26,11
12:54:27,7
12:54:28,4
12:54:29,11
12:54:30,11
12:54:31,11
12:54:32,16
12:54:33,4
12:54:34,11
12:54:35,11
12:54:36,11
12:54:37,16
12:54:38,4
12:54:39,11
12:54:40,11
12:54:41,11
12:54:42,11
12:54:43,7
12:54:44,4
12:54:45,11
12:54:46,20
12:54:47,11
12:54:48,7
12:54:49,4
12:54:50,11
12:54:51,11
12:54:52,11
12:54:53,7
12:54:54,13
12:54:55,11
12:54:56,11
12:54:57,11
12:54:58,7
12:54:59,4
12:55:00,11
12:55:01,13
12:55:02,11
12:55:03,16
12:55:04,4
12:55:05,11
12:55:06,11
12:55:07,11
12:55:08,16
12:55:09,4
12:55:10,11
12:55:11,11
12:55:12,11
12:55:13,11
12:55:14,16
12:55:15,4
12:55:16,11
12:55:17,11
12:55:18,11
12:55:19,7
12:55:20,4
12:55:21,11
12:55:22,11
12:55:23,11
12:55:24,7
12:55:25,4
12:55:26,20
12:55:27,11
12:55:28,11
12:55:29,7
12:55:30,4
12:55:31,11
12:55:32,11
12:55:33,11
12:55:34,7
12:55:35,4
12:55:36,11
12:55:37,11
12:55:38,20
12:55:39,9
12:55:40,2
12:55:41,11
12:55:42,11
12:55:43,11
12:55:44,11
12:55:45,7
12:55:46,13
12:55:47,11
12:55:48,11
12:55:49,11
12:55:50,7
12:55:51,4
12:55:52,11
12:55:53,11
12:55:54,11
12:55:55,7
12:55:56,4
12:55:57,11
12:55:58,20
12:55:59,11
12:56:00,7
12:56:01,4
12:56:02,11
12:56:03,11
12:56:04,11
12:56:05,16
12:56:06,4
12:56:07,11
12:56:08,11
12:56:09,11
12:56:10,11
12:56:11,16
12:56:12,4
12:56:13,11
12:56:14,11
12:56:15,11
12:56:16,7
12:56:17,4
12:56:18,20
12:56:19,11
12:56:20,11
12:56:21,7
12:56:22,4
12:56:23,11
12:56:24,11
12:56:25,11
12:56:26,7
12:56:27,13
12:56:28,11
12:56:29,11
12:56:30,11
12:56:31,7
12:56:32,4
12:56:33,11
12:56:34,11
12:56:35,20
12:56:36,11
12:56:37,7
12:56:38,4
12:56:39,11
12:56:40,11
12:56:41,11
12:56:42,7
12:56:43,13
12:56:44,11
12:56:45,11
12:56:46,11
12:56:47,7
12:56:48,4
12:56:49,11
12:56:50,11
12:56:51,11
12:56:52,16
12:56:53,4
12:56:54,11
12:56:55,11
12:56:56,11
12:56:57,7
12:56:58,4
12:56:59,11
12:57:00,11
12:57:01,20
12:57:02,11
12:57:03,7
12:57:04,4
12:57:05,11
12:57:06,11
12:57:07,11
12:57:08,7
12:57:09,13
12:57:10,11
12:57:11,11
12:57:12,11
12:57:13,7
12:57:14,4
12:57:15,11
12:57:16,20
12:57:17,11
12:57:18,7
12:57:19,4
12:57:20,11
12:57:21,11
12:57:22,11
12:57:23,11
12:57:24,9
12:57:25,11
12:57:26,11
12:57:27,11
12:57:28,11
12:57:29,7
12:57:30,4
12:57:31,20
12:57:32,11
12:57:33,11
12:57:34,7
12:57:35,4
12:57:36,11
12:57:37,11
12:57:38,11
12:57:39,7
12:57:40,4
12:57:41,20
12:57:42,11
12:57:43,11
12:57:44,7
12:57:45,4
12:57:46,20
12:57:47,11
12:57:48,11
12:57:49,7
12:57:50,4
12:57:51,11
12:57:52,20
12:57:53,11
12:57:54,11
12:57:55,7
12:57:56,4
12:57:57,11
12:57:58,11
12:57:59,20
12:58:00,7
12:58:01,4
12:58:02,11
12:58:03,20
12:58:04,11
12:58:05,7
12:58:06,4
12:58:07,11
12:58:08,20
12:58:09,11
12:58:10,7
12:58:11,4
12:58:12,11
12:58:13,11
12:58:14,20
12:58:15,7
12:58:16,4
12:58:17,11
12:58:18,11
12:58:19,11
12:58:20,11
12:58:21,13
12:58:22,7
12:58:23,11
12:58:24,11
12:58:25,11
12:58:26,7
12:58:27,4
12:58:28,11
12:58:29,11
12:58:30,20
12:58:31,7
12:58:32,4
12:58:33,11
12:58:34,11
12:58:35,11
12:58:36,7
12:58:37,4
12:58:38,20
12:58:39,11
12:58:40,11
12:58:41,7
12:58:42,13
12:58:43,11
12:58:44,11
12:58:45,11
12:58:46,7
12:58:47,4
12:58:48,20
12:58:49,11
12:58:50,11
12:58:51,11
12:58:52,7
12:58:53,4
12:58:54,11
12:58:55,11
12:58:56,11
12:58:57,16
12:58:58,4
12:58:59,11
12:59:00,11
12:59:01,11
12:59:02,7
12:59:03,13
12:59:04,11
12:59:05,11
12:59:06,11
12:59:07,7
12:59:08,4
12:59:09,11
12:59:10,18
12:59:11,13
12:59:12,7
12:59:13,4
12:59:14,11
12:59:15,11
12:59:16,11
12:59:17,11
12:59:18,4
12:59:19,7
12:59:20,20
12:59:21,11
12:59:22,11
12:59:23,7
12:59:24,4
12:59:25,11
12:59:26,11
12:59:27,20
12:59:28,7
12:59:29,4
12:59:30,11
12:59:31,20
12:59:32,11
12:59:33,7
12:59:34,4
12:59:35,11
12:59:36,11
12:59:37,11
12:59:38,7
12:59:39,4
12:59:40,11
12:59:41,11
12:59:42,11
12:59:43,7
12:59:44,4
12:59:45,11
12:59:46,11
12:59:47,11
12:59:48,11
12:59:49,7
12:59:50,4
12:59:51,11
12:59:52,11
12:59:53,20
12:59:54,7
12:59:55,4
12:59:56,11
12:59:57,11
12:59:58,11
12:59:59,7
13:00:00,4
13:00:01,11
13:00:02,11
13:00:03,11
13:00:04,16
13:00:05,4
13:00:06,11
13:00:07,11
13:00:08,11
13:00:09,7
13:00:10,4
13:00:11,14
13:00:12,20
13:00:13,11
13:00:14,11
13:00:15,7
13:00:16,4
13:00:17,11
13:00:18,20
13:00:19,11
13:00:20,7
13:00:21,4
13:00:22,11
13:00:23,11
13:00:24,11
13:00:25,16
13:00:26,4
13:00:27,11
13:00:28,11
13:00:29,11
13:00:30,7
13:00:31,13
13:00:32,11
13:00:33,11
13:00:34,11
13:00:35,7
13:00:36,4
13:00:37,11
13:00:38,11
13:00:39,11
13:00:40,7
13:00:41,4
13:00:42,20
13:00:43,11
13:00:44,11
13:00:45,11
13:00:46,7
13:00:47,4
13:00:48,20
13:00:49,11
13:00:50,11
13:00:51,7
13:00:52,13
13:00:53,11
13:00:54,11
13:00:55,11
13:00:56,7
13:00:57,4
13:00:58,11
13:00:59,11
13:01:00,11
13:01:01,7
13:01:02,4
13:01:03,11
13:01:04,11
13:01:05,20
13:01:06,7
13:01:07,4
13:01:08,11
13:01:09,11
13:01:10,11
13:01:11,12
13:01:12,8
13:01:13,11
13:01:14,11
13:01:15,11
13:01:16,11
13:01:17,7
13:01:18,4
13:01:19,11
13:01:20,11
13:01:21,11
13:01:22,16
13:01:23,4
13:01:24,11
13:01:25,11
13:01:26,11
13:01:27,7
13:01:28,4
13:01:29,20
13:01:30,11
13:01:31,11
13:01:32,7
13:01:33,4
13:01:34,11
13:01:35,11
13:01:36,11
13:01:37,7
13:01:38,4
13:01:39,20
13:01:40,11
13:01:41,11
13:01:42,11
13:01:43,7
13:01:44,4
13:01:45,11
13:01:46,11
13:01:47,20
13:01:48,7
13:01:49,4
13:01:50,11
13:01:51,11
13:01:52,11
13:01:53,7
13:01:54,4
13:01:55,11
13:01:56,11
13:01:57,20
13:01:58,7
13:01:59,4
13:02:00,11
13:02:01,11
13:02:02,11
13:02:03,7
13:02:04,4
13:02:05,11
13:02:06,11
13:02:07,20
13:02:08,7
13:02:09,4
13:02:10,11
13:02:11,11
13:02:12,11
13:02:13,20
13:02:14,7
13:02:15,4
13:02:16,11
13:02:17,11
13:02:18,11
13:02:19,7
13:02:20,13
13:02:21,11
13:02:22,11
13:02:23,11
13:02:24,7
13:02:25,4
13:02:26,11
13:02:27,20
13:02:28,11
13:02:29,7
13:02:30,4
13:02:31,11
13:02:32,11
13:02:33,11
13:02:34,7
13:02:35,4
13:02:36,11
13:02:37,11
13:02:38,11
13:02:39,18
13:02:40,2
13:02:41,11
13:02:42,11
13:02:43,11
13:02:44,11
13:02:45,7
13:02:46,4
13:02:47,11
13:02:48,11
13:02:49,20
13:02:50,7
13:02:51,4
13:02:52,11
13:02:53,11
13:02:54,11
13:02:55,16
13:02:56,4
13:02:57,11
13:02:58,11
13:02:59,11
13:03:00,7
13:03:01,4
13:03:02,11
13:03:03,11
13:03:04,11
13:03:05,7
13:03:06,4
13:03:07,20
13:03:08,11
13:03:09,11
13:03:10,9
13:03:11,2
13:03:12,11
13:03:13,11
13:03:14,20
13:03:15,11
13:03:16,7
13:03:17,4
13:03:18,11
13:03:19,11
13:03:20,11
13:03:21,16
13:03:22,4
13:03:23,11
13:03:24,11
13:03:25,11
13:03:26,16
13:03:27,4
13:03:28,11
13:03:29,11
13:03:30,11
13:03:31,7
13:03:32,4
13:03:33,20
13:03:34,11
13:03:35,11
13:03:36,7
13:03:37,4
13:03:38,11
13:03:39,11
13:03:40,20
13:03:41,11
13:03:42,0
13:03:43,11
13:03:44,11
13:03:45,11
13:03:46,11
13:03:47,7
13:03:48,4
13:03:49,11
13:03:50,11
13:03:51,20
13:03:52,7
13:03:53,4
13:03:54,11
13:03:55,11
13:03:56,11
13:03:57,7
13:03:58,4
13:03:59,20
13:04:00,11
13:04:01,11
13:04:02,7
13:04:03,4
13:04:04,11
13:04:05,20
13:04:06,11
13:04:07,7
13:04:08,4
13:04:09,11
13:04:10,11
13:04:11,11
13:04:12,20
13:04:13,7
13:04:14,4
13:04:15,11
13:04:16,11
13:04:17,11
13:04:18,7
13:04:19,4
13:04:20,11
13:04:21,11
13:04:22,11
13:04:23,7
13:04:24,4
13:04:25,11
13:04:26,20
13:04:27,11
13:04:28,7
13:04:29,4
13:04:30,11
13:04:31,11
13:04:32,20
13:04:33,7
13:04:34,4
13:04:35,11
13:04:36,11
13:04:37,11
13:04:38,7
13:04:39,13
13:04:40,11
13:04:41,11
13:04:42,11
13:04:43,11
13:04:44,7
13:04:45,4
13:04:46,20
13:04:47,11
13:04:48,11
13:04:49,7
13:04:50,4
13:04:51,11
13:04:52,11
13:04:53,20
13:04:54,7
13:04:55,4
13:04:56,11
13:04:57,11
13:04:58,11
13:04:59,7
13:05:00,4
13:05:01,22
13:05:02,11
13:05:03,11
13:05:04,7
13:05:05,4
13:05:06,11
13:05:07,11
13:05:08,20
13:05:09,11
13:05:10,7
13:05:11,4
13:05:12,11
13:05:13,11
13:05:14,11
13:05:15,7
13:05:16,4
13:05:17,11
13:05:18,11
13:05:19,11
13:05:20,16
13:05:21,4
13:05:22,11
13:05:23,11
13:05:24,11
13:05:25,7
13:05:26,4
13:05:27,11
13:05:28,20
13:05:29,11
13:05:30,7
13:05:31,4
13:05:32,11
13:05:33,20
13:05:34,11
13:05:35,7
13:05:36,4
13:05:37,11
13:05:38,20
13:05:39,11
13:05:40,11
13:05:41,7
13:05:42,4
13:05:43,11
13:05:44,11
13:05:45,11
13:05:46,16
13:05:47,4
13:05:48,11
13:05:49,11
13:05:50,11
13:05:51,7
13:05:52,4
13:05:53,11
13:05:54,11
13:05:55,11
13:05:56,7
13:05:57,4
13:05:58,20
13:05:59,11
13:06:00,11
13:06:01,7
13:06:02,13
13:06:03,11
13:06:04,11
13:06:05,11
13:06:06,9
13:06:07,2
13:06:08,11
13:06:09,20
13:06:10,11
13:06:11,11
13:06:12,7
13:06:13,4
13:06:14,11
13:06:15,11
13:06:16,11
13:06:17,7
13:06:18,4
13:06:19,11
13:06:20,11
13:06:21,11
13:06:22,16
13:06:23,4
13:06:24,11
13:06:25,11
13:06:26,11
13:06:27,7
13:06:28,4
13:06:29,11
13:06:30,11
13:06:31,11
13:06:32,16
13:06:33,4
13:06:34,11
13:06:35,11
13:06:36,11
13:06:37,20
13:06:38,7
13:06:39,4
13:06:40,11
13:06:41,11
13:06:42,20
13:06:43,7
13:06:44,4
13:06:45,11
13:06:46,11
13:06:47,11
13:06:48,7
13:06:49,4
13:06:50,11
13:06:51,11
13:06:52,11
13:06:53,16
13:06:54,4
13:06:55,11
13:06:56,11
13:06:57,11
13:06:58,7
13:06:59,13
13:07:00,11
13:07:01,11
13:07:02,11
13:07:03,11
13:07:04,4
13:07:05,7
13:07:06,20
13:07:07,11
13:07:08,11
13:07:09,7
13:07:10,4
13:07:11,20
13:07:12,11
13:07:13,11
13:07:14,7
13:07:15,4
13:07:16,11
13:07:17,11
13:07:18,11
13:07:19,7
13:07:20,4
13:07:21,19
13:07:22,12
13:07:23,11
13:07:24,7
13:07:25,4
13:07:26,11
13:07:27,11
13:07:28,11
13:07:29,7
13:07:30,13
13:07:31,11
13:07:32,11
13:07:33,11
13:07:34,11
13:07:35,7
13:07:36,4
13:07:37,11
13:07:38,11
13:07:39,11
13:07:40,7
13:07:41,4
13:07:42,11
13:07:43,20
13:07:44,11
13:07:45,7
13:07:46,4
13:07:47,11
13:07:48,11
13:07:49,20
13:07:50,7
13:07:51,4
13:07:52,11
13:07:53,11
13:07:54,20
13:07:55,7
13:07:56,4
13:07:57,11
13:07:58,11
13:07:59,11
13:08:00,7
13:08:01,4
13:08:02,20
13:08:03,11
13:08:04,11
13:08:05,11
13:08:06,7
13:08:07,4
13:08:08,20
13:08:09,11
13:08:10,11
13:08:11,7
13:08:12,4
13:08:13,11
13:08:14,11
13:08:15,11
13:08:16,7
13:08:17,4
13:08:18,11
13:08:19,11
13:08:20,20
13:08:21,7
13:08:22,4
13:08:23,11
13:08:24,11
13:08:25,11
13:08:26,7
13:08:27,4
13:08:28,11
13:08:29,20
13:08:30,11
13:08:31,11
13:08:32,0
13:08:33,11
13:08:34,11
13:08:35,11
13:08:36,11
13:08:37,7
13:08:38,4
13:08:39,20
13:08:40,11
13:08:41,11
13:08:42,7
13:08:43,4
13:08:44,11
13:08:45,11
13:08:46,11
13:08:47,7
13:08:48,4
13:08:49,11
13:08:50,11
13:08:51,11
13:08:52,7
13:08:53,4
13:08:54,11
13:08:55,13
13:08:56,18
13:08:57,9
13:08:58,2
13:08:59,11
13:09:00,11
13:09:01,20
13:09:02,11
13:09:03,7
13:09:04,4
13:09:05,11
13:09:06,20
13:09:07,11
13:09:08,7
13:09:09,4
13:09:10,11
13:09:11,20
13:09:12,11
13:09:13,7
13:09:14,4
13:09:15,11
13:09:16,11
13:09:17,11
13:09:18,16
13:09:19,4
13:09:20,11
13:09:21,11
13:09:22,11
13:09:23,7
13:09:24,4
13:09:25,11
13:09:26,11
13:09:27,20
13:09:28,11
13:09:29,7
13:09:30,4
13:09:31,11
13:09:32,11
13:09:33,20
13:09:34,7
13:09:35,4
13:09:36,11
13:09:37,11
13:09:38,11
13:09:39,7
13:09:40,4
13:09:41,11
13:09:42,11
13:09:43,11
13:09:44,16
13:09:45,4
13:09:46,11
13:09:47,11
13:09:48,11
13:09:49,7
13:09:50,4
13:09:51,20
13:09:52,11
13:09:53,11
13:09:54,10
13:09:55,1
13:09:56,11
13:09:57,11
13:09:58,20
13:09:59,11
13:10:00,7
13:10:01,4
13:10:02,11
13:10:03,23
13:10:04,11
13:10:05,7
13:10:06,4
13:10:07,11
13:10:08,11
13:10:09,11
13:10:10,7
13:10:11,4
13:10:12,11
13:10:13,11
13:10:14,11
13:10:15,7
13:10:16,4
13:10:17,11
13:10:18,11
13:10:19,11
13:10:20,7
13:10:21,4
13:10:22,11
13:10:23,11
13:10:24,11
13:10:25,11
13:10:26,7
13:10:27,4
13:10:28,11
13:10:29,11
13:10:30,11
13:10:31,7
13:10:32,4
13:10:33,11
13:10:34,11
13:10:35,11
13:10:36,7
13:10:37,4
13:10:38,11
13:10:39,11
13:10:40,11
13:10:41,7
13:10:42,4
13:10:43,11
13:10:44,11
13:10:45,11
13:10:46,7
13:10:47,4
13:10:48,11
13:10:49,11
13:10:50,11
13:10:51,7
13:10:52,4
13:10:53,11
13:10:54,11
13:10:55,11
13:10:56,11
13:10:57,7
13:10:58,4
13:10:59,11
13:11:00,11
13:11:01,11
13:11:02,7
13:11:03,4
13:11:04,11
13:11:05,11
13:11:06,11
13:11:07,7
13:11:08,4
13:11:09,11
13:11:10,11
13:11:11,11
13:11:12,7
13:11:13,4
13:11:14,11
13:11:15,11
13:11:16,11
13:11:17,7
13:11:18,4
13:11:19,11
13:11:20,11
13:11:21,11
13:11:22,11
13:11:23,4
13:11:24,7
13:11:25,11
13:11:26,11
13:11:27,11
13:11:28,7
13:11:29,4
13:11:30,11
13:11:31,11
13:11:32,11
13:11:33,7
13:11:34,4
13:11:35,11
13:11:36,11
13:11:37,11
13:11:38,7
13:11:39,4
13:11:40,11
13:11:41,11
13:11:42,11
13:11:43,7
13:11:44,4
13:11:45,11
13:11:46,11
13:11:47,11
13:11:48,7
13:11:49,4
13:11:50,11
13:11:51,11
13:11:52,11
13:11:53,11
13:11:54,7
13:11:55,4
13:11:56,11
13:11:57,11
13:11:58,11
13:11:59,7
13:12:00,4
13:12:01,11
13:12:02,11
13:12:03,11
13:12:04,7
13:12:05,4
13:12:06,11
13:12:07,11
13:12:08,11
13:12:09,7
13:12:10,4
13:12:11,11
13:12:12,11
13:12:13,11
13:12:14,7
13:12:15,4
13:12:16,11
13:12:17,11
13:12:18,11
13:12:19,7
13:12:20,4
13:12:21,11
13:12:22,11
13:12:23,11
13:12:24,11
13:12:25,7
13:12:26,4
13:12:27,11
13:12:28,11
13:12:29,11
13:12:30,7
13:12:31,4
13:12:32,11
13:12:33,11
13:12:34,11
13:12:35,7
13:12:36,4
13:12:37,11
13:12:38,11
13:12:39,11
13:12:40,7
13:12:41,4
13:12:42,11
13:12:43,11
13:12:44,11
13:12:45,7
13:12:46,4
13:12:47,11
13:12:48,11
13:12:49,11
13:12:50,7
13:12:51,4
13:12:52,11
13:12:53,11
13:12:54,11
13:12:55,11
13:12:56,7
13:12:57,4
13:12:58,11
13:12:59,11
13:13:00,11
13:13:01,7
13:13:02,4
13:13:03,11
13:13:04,11
13:13:05,11
13:13:06,7
13:13:07,4
13:13:08,11
13:13:09,11
13:13:10,11
13:13:11,7
13:13:12,4
13:13:13,11
13:13:14,11
13:13:15,11
13:13:16,7
13:13:17,4
13:13:18,11
13:13:19,11
13:13:20,11
13:13:21,11
13:13:22,0
13:13:23,11
13:13:24,11
13:13:25,11
13:13:26,11
13:13:27,7
13:13:28,4
13:13:29,11
13:13:30,11
13:13:31,11
13:13:32,7
13:13:33,4
13:13:34,11
13:13:35,11
13:13:36,11
13:13:37,7
13:13:38,4
13:13:39,11
13:13:40,11
13:13:41,11
13:13:42,7
13:13:43,4
13:13:44,11
13:13:45,11
13:13:46,11
13:13:47,7
13:13:48,4
13:13:49,11
13:13:50,11
13:13:51,11
13:13:52,9
13:13:53,2
13:13:54,11
13:13:55,11
13:13:56,11
13:13:57,11
13:13:58,7
13:13:59,4
13:14:00,11
13:14:01,11
13:14:02,11
13:14:03,7
13:14:04,4
13:14:05,11
13:14:06,11
13:14:07,11
13:14:08,7
13:14:09,4
13:14:10,11
13:14:11,11
13:14:12,11
13:14:13,7
13:14:14,4
13:14:15,11
13:14:16,11
13:14:17,11
13:14:18,7
13:14:19,4
13:14:20,11
13:14:21,11
13:14:22,11
13:14:23,7
13:14:24,4
13:14:25,11
13:14:26,11
13:14:27,11
13:14:28,11
13:14:29,7
13:14:30,4
13:14:31,11
13:14:32,11
13:14:33,11
13:14:34,7
13:14:35,4
13:14:36,11
13:14:37,11
13:14:38,11
13:14:39,7
13:14:40,4
13:14:41,11
13:14:42,11
13:14:43,11
13:14:44,7
13:14:45,4
13:14:46,11
13:14:47,11
13:14:48,11
13:14:49,7
13:14:50,4
13:14:51,11
13:14:52,11
13:14:53,11
13:14:54,7
13:14:55,4
13:14:56,11
13:14:57,11
13:14:58,11
13:14:59,11
13:15:00,7
13:15:01,6
13:15:02,11
13:15:03,11
13:15:04,11
13:15:05,7
13:15:06,4
13:15:07,11
13:15:08,11
13:15:09,11
13:15:10,7
13:15:11,4
13:15:12,11
13:15:13,11
13:15:14,11
13:15:15,7
13:15:16,4
13:15:17,11
13:15:18,11
13:15:19,11
13:15:20,7
13:15:21,4
13:15:22,11
13:15:23,11
13:15:24,11
13:15:25,7
13:15:26,4
13:15:27,11
13:15:28,11
13:15:29,11
13:15:30,9
13:15:31,2
13:15:32,11
13:15:33,11
13:15:34,11
13:15:35,11
13:15:36,7
13:15:37,4
13:15:38,11
13:15:39,11
13:15:40,11
13:15:41,7
13:15:42,4
13:15:43,11
13:15:44,11
13:15:45,11
13:15:46,7
13:15:47,4
13:15:48,11
13:15:49,11
13:15:50,11
13:15:51,7
13:15:52,4
13:15:53,11
13:15:54,11
13:15:55,11
13:15:56,7
13:15:57,4
13:15:58,11
13:15:59,11
13:16:00,11
13:16:01,7
13:16:02,4
13:16:03,11
13:16:04,11
13:16:05,11
13:16:06,11
13:16:07,7
13:16:08,4
13:16:09,11
13:16:10,11
13:16:11,11
13:16:12,7
13:16:13,4
13:16:14,11
13:16:15,11
13:16:16,11
13:16:17,7
13:16:18,4
13:16:19,11
13:16:20,11
13:16:21,11
13:16:22,7
13:16:23,4
13:16:24,11
13:16:25,11
13:16:26,11
13:16:27,7
13:16:28,4
13:16:29,11
13:16:30,11
13:16:31,11
13:16:32,11
13:16:33,4
13:16:34,7
13:16:35,11
13:16:36,11
13:16:37,11
13:16:38,7
13:16:39,4
13:16:40,11
13:16:41,11
13:16:42,11
13:16:43,7
13:16:44,4
13:16:45,11
13:16:46,11
13:16:47,11
13:16:48,7
13:16:49,4
13:16:50,11
13:16:51,11
13:16:52,11
13:16:53,7
13:16:54,4
13:16:55,11
13:16:56,11
13:16:57,11
13:16:58,7
13:16:59,4
13:17:00,11
13:17:01,13
13:17:02,11
13:17:03,11
13:17:04,7
13:17:05,4
13:17:06,11
13:17:07,11
13:17:08,11
13:17:09,7
13:17:10,4
13:17:11,11
13:17:12,11
13:17:13,11
13:17:14,7
13:17:15,4
13:17:16,11
13:17:17,11
13:17:18,11
13:17:19,7
13:17:20,4
13:17:21,11
13:17:22,11
13:17:23,11
13:17:24,7
13:17:25,4
13:17:26,11
13:17:27,11
13:17:28,11
13:17:29,7
13:17:30,4
13:17:31,11
13:17:32,11
13:17:33,11
13:17:34,11
13:17:35,7
13:17:36,4
13:17:37,11
13:17:38,11
13:17:39,11
13:17:40,7
13:17:41,4
13:17:42,11
13:17:43,11
13:17:44,11
13:17:45,7
13:17:46,4
13:17:47,11
13:17:48,11
13:17:49,11
13:17:50,7
13:17:51,4
13:17:52,11
13:17:53,11
13:17:54,11
13:17:55,7
13:17:56,4
13:17:57,11
13:17:58,11
13:17:59,11
13:18:00,7
13:18:01,4
13:18:02,11
13:18:03,11
13:18:04,11
13:18:05,11
13:18:06,7
13:18:07,4
13:18:08,11
13:18:09,11
13:18:10,11
13:18:11,7
13:18:12,4
13:18:13,11
13:18:14,11
13:18:15,11
13:18:16,7
13:18:17,4
13:18:18,11
13:18:19,11
13:18:20,11
13:18:21,7
13:18:22,4
13:18:23,11
13:18:24,11
13:18:25,11
13:18:26,7
13:18:27,4
13:18:28,11
13:18:29,11
13:18:30,11
13:18:31,7
13:18:32,4
13:18:33,11
13:18:34,11
13:18:35,11
13:18:36,11
13:18:37,7
13:18:38,4
13:18:39,11
13:18:40,11
13:18:41,11
13:18:42,7
13:18:43,4
13:18:44,11
13:18:45,11
13:18:46,11
13:18:47,7
13:18:48,4
13:18:49,11
13:18:50,11
13:18:51,11
13:18:52,7
13:18:53,4
13:18:54,11
13:18:55,11
13:18:56,11
13:18:57,7
13:18:58,4
13:18:59,11
13:19:00,11
13:19:01,11
13:19:02,9
13:19:03,2
13:19:04,11
13:19:05,11
13:19:06,11
13:19:07,11
13:19:08,7
13:19:09,4
13:19:10,11
13:19:11,11
13:19:12,11
13:19:13,7
13:19:14,4
13:19:15,11
13:19:16,11
13:19:17,11
13:19:18,7
13:19:19,4
13:19:20,11
13:19:21,11
13:19:22,11
13:19:23,7
13:19:24,4
13:19:25,11
13:19:26,11
13:19:27,11
13:19:28,7
13:19:29,4
13:19:30,11
13:19:31,11
13:19:32,11
13:19:33,7
13:19:34,4
13:19:35,11
13:19:36,11
13:19:37,11
13:19:38,11
13:19:39,7
13:19:40,4
13:19:41,11
13:19:42,11
13:19:43,11
13:19:44,7
13:19:45,4
13:19:46,11
13:19:47,11
13:19:48,11
13:19:49,7
13:19:50,4
13:19:51,11
13:19:52,11
13:19:53,11
13:19:54,7
13:19:55,4
13:19:56,11
13:19:57,11
13:19:58,11
13:19:59,7
13:20:00,4
13:20:01,11
13:20:02,11
13:20:03,11
13:20:04,7
13:20:05,4
13:20:06,11
13:20:07,11
13:20:08,11
13:20:09,11
13:20:10,7
13:20:11,4
13:20:12,11
13:20:13,11
13:20:14,11
13:20:15,7
13:20:16,4
13:20:17,11
13:20:18,11
13:20:19,11
13:20:20,7
13:20:21,7
13:20:22,11
13:20:23,11
13:20:24,11
13:20:25,7
13:20:26,4
13:20:27,11
13:20:28,11
13:20:29,11
13:20:30,7
13:20:31,4
13:20:32,11
13:20:33,11
13:20:34,11
13:20:35,9
13:20:36,2
13:20:37,11
13:20:38,11
13:20:39,11
13:20:40,11
13:20:41,7
13:20:42,4
13:20:43,11
13:20:44,11
13:20:45,11
13:20:46,7
13:20:47,4
13:20:48,11
13:20:49,11
13:20:50,11
13:20:51,7
13:20:52,4
13:20:53,11
13:20:54,11
13:20:55,11
13:20:56,7
13:20:57,4
13:20:58,11
13:20:59,11
13:21:00,11
13:21:01,7
13:21:02,4
13:21:03,11
13:21:04,11
13:21:05,11
13:21:06,7
13:21:07,4
13:21:08,11
13:21:09,11
13:21:10,11
13:21:11,11
13:21:12,7
13:21:13,4
13:21:14,11
13:21:15,11
13:21:16,11
13:21:17,7
13:21:18,4
13:21:19,11
13:21:20,11
13:21:21,11
13:21:22,7
13:21:23,4
13:21:24,11
13:21:25,11
13:21:26,11
13:21:27,7
13:21:28,4
13:21:29,11
13:21:30,11
13:21:31,11
13:21:32,7
13:21:33,4
13:21:34,11
13:21:35,11
13:21:36,11
13:21:37,7
13:21:38,4
13:21:39,11
13:21:40,11
13:21:41,11
13:21:42,11
13:21:43,0
13:21:44,11
13:21:45,11
13:21:46,11
13:21:47,11
13:21:48,7
13:21:49,4
13:21:50,11
13:21:51,11
13:21:52,11
13:21:53,7
13:21:54,4
13:21:55,11
13:21:56,11
13:21:57,11
13:21:58,7
13:21:59,4
13:22:00,11
13:22:01,11
13:22:02,11
13:22:03,7
13:22:04,4
13:22:05,11
13:22:06,11
13:22:07,11
13:22:08,7
13:22:09,4
13:22:10,11
13:22:11,11
13:22:12,11
13:22:13,7
13:22:14,4
13:22:15,11
13:22:16,11
13:22:17,11
13:22:18,11
13:22:19,7
13:22:20,4
13:22:21,11
13:22:22,11
13:22:23,11
13:22:24,7
13:22:25,4
13:22:26,11
13:22:27,11
13:22:28,11
13:22:29,7
13:22:30,4
13:22:31,11
13:22:32,11
13:22:33,11
13:22:34,7
13:22:35,4
13:22:36,11
13:22:37,11
13:22:38,11
13:22:39,7
13:22:40,4
13:22:41,11
13:22:42,11
13:22:43,11
13:22:44,7
13:22:45,4
13:22:46,11
13:22:47,11
13:22:48,11
13:22:49,11
13:22:50,7
13:22:51,4
13:22:52,11
13:22:53,11
13:22:54,11
13:22:55,7
13:22:56,4
13:22:57,11
13:22:58,11
13:22:59,11
13:23:00,7
13:23:01,4
13:23:02,11
13:23:03,11
13:23:04,11
13:23:05,7
13:23:06,4
13:23:07,11
13:23:08,11
13:23:09,11
13:23:10,7
13:23:11,4
13:23:12,11
13:23:13,11
13:23:14,11
13:23:15,9
13:23:16,2
13:23:17,11
13:23:18,11
13:23:19,11
13:23:20,11
13:23:21,7
13:23:22,4
13:23:23,11
13:23:24,11
13:23:25,11
13:23:26,7
13:23:27,4
13:23:28,11
13:23:29,11
13:23:30,11
13:23:31,7
13:23:32,4
13:23:33,11
13:23:34,11
13:23:35,11
13:23:36,7
13:23:37,4
13:23:38,11
13:23:39,11
13:23:40,11
13:23:41,7
13:23:42,4
13:23:43,11
13:23:44,11
13:23:45,11
13:23:46,9
13:23:47,2
13:23:48,11
13:23:49,11
13:23:50,11
13:23:51,11
13:23:52,7
13:23:53,4
13:23:54,11
13:23:55,11
13:23:56,11
13:23:57,7
13:23:58,4
13:23:59,11
13:24:00,11
13:24:01,11
13:24:02,7
13:24:03,4
13:24:04,11
13:24:05,11
13:24:06,11
13:24:07,7
13:24:08,4
13:24:09,11
13:24:10,11
13:24:11,11
13:24:12,7
13:24:13,4
13:24:14,11
13:24:15,11
13:24:16,11
13:24:17,11
13:24:18,7
13:24:19,4
13:24:20,11
13:24:21,11
13:24:22,11
13:24:23,7
13:24:24,4
13:24:25,11
13:24:26,11
13:24:27,11
13:24:28,7
13:24:29,4
13:24:30,11
13:24:31,11
13:24:32,11
13:24:33,7
13:24:34,4
13:24:35,11
13:24:36,11
13:24:37,11
13:24:38,7
13:24:39,4
13:24:40,11
13:24:41,11
13:24:42,11
13:24:43,7
13:24:44,4
13:24:45,11
13:24:46,11
13:24:47,11
13:24:48,11
13:24:49,7
13:24:50,4
13:24:51,11
13:24:52,11
13:24:53,11
13:24:54,7
13:24:55,4
13:24:56,11
13:24:57,11
13:24:58,11
13:24:59,7
13:25:00,4
13:25:01,13
13:25:02,11
13:25:03,11
13:25:04,7
13:25:05,4
13:25:06,11
13:25:07,11
13:25:08,11
13:25:09,7
13:25:10,4
13:25:11,11
13:25:12,11
13:25:13,11
13:25:14,7
13:25:15,4
13:25:16,11
13:25:17,11
13:25:18,11
13:25:19,11
13:25:20,7
13:25:21,4
13:25:22,11
13:25:23,11
13:25:24,11
13:25:25,7
13:25:26,4
13:25:27,11
13:25:28,11
13:25:29,11
13:25:30,7
13:25:31,4
13:25:32,11
13:25:33,11
13:25:34,11
13:25:35,7
13:25:36,4
13:25:37,11
13:25:38,11
13:25:39,11
13:25:40,7
13:25:41,4
13:25:42,11
13:25:43,11
13:25:44,11
13:25:45,7
13:25:46,4
13:25:47,11
13:25:48,11
13:25:49,11
13:25:50,11
13:25:51,7
13:25:52,4
13:25:53,11
13:25:54,11
13:25:55,11
13:25:56,7
13:25:57,4
13:25:58,11
13:25:59,11
13:26:00,11
13:26:01,7
13:26:02,4
13:26:03,11
13:26:04,11
13:26:05,11
13:26:06,7
13:26:07,4
13:26:08,11
13:26:09,11
13:26:10,11
13:26:11,7
13:26:12,4
13:26:13,11
13:26:14,11
13:26:15,11
13:26:16,7
13:26:17,4
13:26:18,11
13:26:19,11
13:26:20,11
13:26:21,11
13:26:22,7
13:26:23,4
13:26:24,11
13:26:25,11
13:26:26,11
13:26:27,7
13:26:28,4
13:26:29,11
13:26:30,11
13:26:31,11
13:26:32,7
13:26:33,4
13:26:34,11
13:26:35,11
13:26:36,11
13:26:37,7
13:26:38,4
13:26:39,11
13:26:40,11
13:26:41,11
13:26:42,7
13:26:43,4
13:26:44,11
13:26:45,11
13:26:46,11
13:26:47,7
13:26:48,4
13:26:49,11
13:26:50,11
13:26:51,11
13:26:52,11
13:26:53,4
13:26:54,7
13:26:55,11
13:26:56,11
13:26:57,11
13:26:58,7
13:26:59,4
13:27:00,11
13:27:01,11
13:27:02,11
13:27:03,7
13:27:04,4
13:27:05,11
13:27:06,11
13:27:07,11
13:27:08,7
13:27:09,4
13:27:10,11
13:27:11,11
13:27:12,11
13:27:13,7
13:27:14,4
13:27:15,11
13:27:16,11
13:27:17,11
13:27:18,7
13:27:19,4
13:27:20,11
13:27:21,11
13:27:22,11
13:27:23,11
13:27:24,4
13:27:25,7
13:27:26,11
13:27:27,11
13:27:28,11
13:27:29,7
13:27:30,4
13:27:31,11
13:27:32,11
13:27:33,11
13:27:34,7
13:27:35,4
13:27:36,11
13:27:37,11
13:27:38,11
13:27:39,7
13:27:40,4
13:27:41,11
13:27:42,11
13:27:43,11
13:27:44,7
13:27:45,4
13:27:46,11
13:27:47,11
13:27:48,11
13:27:49,7
13:27:50,4
13:27:51,11
13:27:52,11
13:27:53,11
13:27:54,11
13:27:55,7
13:27:56,4
13:27:57,11
13:27:58,11
13:27:59,11
13:28:00,7
13:28:01,4
13:28:02,11
13:28:03,11
13:28:04,11
13:28:05,7
13:28:06,4
13:28:07,11
13:28:08,11
13:28:09,11
13:28:10,7
13:28:11,4
13:28:12,11
13:28:13,11
13:28:14,11
13:28:15,7
13:28:16,4
13:28:17,11
13:28:18,11
13:28:19,11
13:28:20,7
13:28:21,4
13:28:22,11
13:28:23,11
13:28:24,11
13:28:25,11
13:28:26,7
13:28:27,4
13:28:28,11
13:28:29,11
13:28:30,11
13:28:31,7
13:28:32,4
13:28:33,11
13:28:34,11
13:28:35,11
13:28:36,7
13:28:37,4
13:28:38,11
13:28:39,20
13:28:40,11
13:28:41,7
13:28:42,4
13:28:43,11
13:28:44,11
13:28:45,11
13:28:46,7
13:28:47,13
13:28:48,11
13:28:49,11
13:28:50,11
13:28:51,20
13:28:52,0
13:28:53,11
13:28:54,11
13:28:55,11
13:28:56,11
13:28:57,7
13:28:58,4
13:28:59,20
13:29:00,11
13:29:01,11
13:29:02,7
13:29:03,4
13:29:04,11
13:29:05,11
13:29:06,11
13:29:07,7
13:29:08,4
13:29:09,11
13:29:10,11
13:29:11,20
13:29:12,7
13:29:13,4
13:29:14,11
13:29:15,11
13:29:16,11
13:29:17,7
13:29:18,4
13:29:19,11
13:29:20,11
13:29:21,11
13:29:22,11
13:29:23,7
13:29:24,13
13:29:25,11
13:29:26,11
13:29:27,11
13:29:28,7
13:29:29,4
13:29:30,20
13:29:31,11
13:29:32,11
13:29:33,7
13:29:34,4
13:29:35,11
13:29:36,11
13:29:37,20
13:29:38,7
13:29:39,13
13:29:40,11
13:29:41,11
13:29:42,11
13:29:43,7
13:29:44,4
13:29:45,11
13:29:46,11
13:29:47,11
13:29:48,7
13:29:49,13
13:29:50,11
13:29:51,11
13:29:52,11
13:29:53,11
13:29:54,7
13:29:55,4
13:29:56,11
13:29:57,20
13:29:58,11
13:29:59,7
13:30:00,4
13:30:01,11
13:30:02,11
13:30:03,11
13:30:04,7
13:30:05,4
13:30:06,20
13:30:07,11
13:30:08,11
13:30:09,7
13:30:10,4
13:30:11,11
13:30:12,11
13:30:13,11
13:30:14,7
13:30:15,13
13:30:16,11
13:30:17,11
13:30:18,11
13:30:19,11
13:30:20,0
13:30:21,11
13:30:22,11
13:30:23,20
13:30:24,11
13:30:25,7
13:30:26,4
13:30:27,11
13:30:28,11
13:30:29,11
13:30:30,7
13:30:31,7
13:30:32,20
13:30:33,11
13:30:34,11
13:30:35,7
13:30:36,4
13:30:37,20
13:30:38,11
13:30:39,11
13:30:40,7
13:30:41,4
13:30:42,11
13:30:43,20
13:30:44,11
13:30:45,7
13:30:46,4
13:30:47,11
13:30:48,11
13:30:49,11
13:30:50,11
13:30:51,4
13:30:52,7
13:30:53,11
13:30:54,11
13:30:55,11
13:30:56,7
13:30:57,13
13:30:58,11
13:30:59,11
13:31:00,11
13:31:01,7
13:31:02,4
13:31:03,11
13:31:04,11
13:31:05,11
13:31:06,7
13:31:07,4
13:31:08,11
13:31:09,20
13:31:10,11
13:31:11,7
13:31:12,4
13:31:13,11
13:31:14,11
13:31:15,11
13:31:16,7
13:31:17,13
13:31:18,11
13:31:19,11
13:31:20,11
13:31:21,11
13:31:22,7
13:31:23,4
13:31:24,11
13:31:25,11
13:31:26,20
13:31:27,7
13:31:28,4
13:31:29,11
13:31:30,11
13:31:31,11
13:31:32,16
13:31:33,4
13:31:34,11
13:31:35,11
13:31:36,11
13:31:37,7
13:31:38,4
13:31:39,11
13:31:40,11
13:31:41,11
13:31:42,7
13:31:43,4
13:31:44,11
13:31:45,11
13:31:46,20
13:31:47,10
13:31:48,1
13:31:49,11
13:31:50,11
13:31:51,11
13:31:52,20
13:31:53,7
13:31:54,4
13:31:55,11
13:31:56,11
13:31:57,11
13:31:58,16
13:31:59,4
13:32:00,11
13:32:01,11
13:32:02,11
13:32:03,7
13:32:04,4
13:32:05,11
13:32:06,20
13:32:07,11
13:32:08,7
13:32:09,4
13:32:10,11
13:32:11,11
13:32:12,11
13:32:13,7
13:32:14,4
13:32:15,11
13:32:16,11
13:32:17,11
13:32:18,20
13:32:19,7
13:32:20,4
13:32:21,11
13:32:22,11
13:32:23,11
13:32:24,7
13:32:25,13
13:32:26,11
13:32:27,11
13:32:28,11
13:32:29,7
13:32:30,4
13:32:31,11
13:32:32,11
13:32:33,20
13:32:34,7
13:32:35,4
13:32:36,11
13:32:37,11
13:32:38,11
13:32:39,16
13:32:40,4
13:32:41,11
13:32:42,11
13:32:43,11
13:32:44,7
13:32:45,4
13:32:46,11
13:32:47,20
13:32:48,11
13:32:49,11
13:32:50,7
13:32:51,4
13:32:52,11
13:32:53,20
13:32:54,11
13:32:55,7
13:32:56,4
13:32:57,11
13:32:58,11
13:32:59,11
13:33:00,7
13:33:01,4
13:33:02,11
13:33:03,11
13:33:04,11
13:33:05,16
13:33:06,4
13:33:07,11
13:33:08,11
13:33:09,11
13:33:10,7
13:33:11,4
13:33:12,11
13:33:13,11
13:33:14,11
13:33:15,18
13:33:16,2
13:33:17,11
13:33:18,11
13:33:19,11
13:33:20,11
13:33:21,16
13:33:22,4
13:33:23,11
13:33:24,11
13:33:25,11
13:33:26,7
13:33:27,4
13:33:28,11
13:33:29,20
13:33:30,11
13:33:31,7
13:33:32,4
13:33:33,11
13:33:34,11
13:33:35,11
13:33:36,7
13:33:37,4
13:33:38,20
13:33:39,11
13:33:40,11
13:33:41,7
13:33:42,4
13:33:43,11
13:33:44,11
13:33:45,11
13:33:46,20
13:33:47,7
13:33:48,4
13:33:49,11
13:33:50,11
13:33:51,20
13:33:52,7
13:33:53,4
13:33:54,11
13:33:55,11
13:33:56,11
13:33:57,7
13:33:58,4
13:33:59,11
13:34:00,11
13:34:01,11
13:34:02,7
13:34:03,4
13:34:04,11
13:34:05,11
13:34:06,20
13:34:07,7
13:34:08,4
13:34:09,11
13:34:10,11
13:34:11,11
13:34:12,7
13:34:13,4
13:34:14,11
13:34:15,11
13:34:16,11
13:34:17,11
13:34:18,7
13:34:19,13
13:34:20,11
13:34:21,11
13:34:22,11
13:34:23,7
13:34:24,13
13:34:25,11
13:34:26,11
13:34:27,11
13:34:28,7
13:34:29,4
13:34:30,11
13:34:31,20
13:34:32,11
13:34:33,7
13:34:34,4
13:34:35,11
13:34:36,20
13:34:37,11
13:34:38,7
13:34:39,4
13:34:40,11
13:34:41,11
13:34:42,11
13:34:43,7
13:34:44,13
13:34:45,11
13:34:46,11
13:34:47,11
13:34:48,20
13:34:49,7
13:34:50,4
13:34:51,11
13:34:52,11
13:34:53,11
13:34:54,7
13:34:55,4
13:34:56,11
13:34:57,11
13:34:58,11
13:34:59,7
13:35:00,4
13:35:01,13
13:35:02,11
13:35:03,20
13:35:04,7
13:35:05,4
13:35:06,11
13:35:07,11
13:35:08,11
13:35:09,7
13:35:10,4
13:35:11,11
13:35:12,11
13:35:13,20
13:35:14,7
13:35:15,4
13:35:16,11
13:35:17,11
13:35:18,11
13:35:19,11
13:35:20,7
13:35:21,13
13:35:22,11
13:35:23,11
13:35:24,11
13:35:25,7
13:35:26,4
13:35:27,11
13:35:28,11
13:35:29,20
13:35:30,7
13:35:31,4
13:35:32,11
13:35:33,11
13:35:34,11
13:35:35,7
13:35:36,13
13:35:37,11
13:35:38,11
13:35:39,11
13:35:40,7
13:35:41,4
13:35:42,11
13:35:43,11
13:35:44,20
13:35:45,11
13:35:46,7
13:35:47,4
13:35:48,11
13:35:49,11
13:35:50,11
13:35:51,7
13:35:52,13
13:35:53,11
13:35:54,11
13:35:55,11
13:35:56,7
13:35:57,4
13:35:58,11
13:35:59,11
13:36:00,11
13:36:01,7
13:36:02,13
13:36:03,11
13:36:04,11
13:36:05,11
13:36:06,7
13:36:07,4
13:36:08,20
13:36:09,11
13:36:10,11
13:36:11,7
13:36:12,4
13:36:13,11
13:36:14,11
13:36:15,22
13:36:16,11
13:36:17,7
13:36:18,4
13:36:19,11
13:36:20,11
13:36:21,11
13:36:22,7
13:36:23,13
13:36:24,11
13:36:25,11
13:36:26,11
13:36:27,7
13:36:28,4
13:36:29,11
13:36:30,11
13:36:31,20
13:36:32,7
13:36:33,4
13:36:34,11
13:36:35,11
13:36:36,11
13:36:37,16
13:36:38,4
13:36:39,11
13:36:40,11
13:36:41,11
13:36:42,11
13:36:43,13
13:36:44,7
13:36:45,11
13:36:46,11
13:36:47,11
13:36:48,16
13:36:49,4
13:36:50,11
13:36:51,11
13:36:52,11
13:36:53,7
13:36:54,4
13:36:55,11
13:36:56,11
13:36:57,11
13:36:58,7
13:36:59,4
13:37:00,11
13:37:01,11
13:37:02,11
13:37:03,7
13:37:04,4
13:37:05,11
13:37:06,11
13:37:07,11
13:37:08,7
13:37:09,4
13:37:10,20
13:37:11,11
13:37:12,11
13:37:13,11
13:37:14,7
13:37:15,4
13:37:16,11
13:37:17,11
13:37:18,11
13:37:19,7
13:37:20,13
13:37:21,11
13:37:22,11
13:37:23,11
13:37:24,7
13:37:25,13
13:37:26,11
13:37:27,11
13:37:28,11
13:37:29,7
13:37:30,4
13:37:31,11
13:37:32,11
13:37:33,11
13:37:34,16
13:37:35,4
13:37:36,11
13:37:37,11
13:37:38,11
13:37:39,7
13:37:40,13
13:37:41,11
13:37:42,11
13:37:43,11
13:37:44,11
13:37:45,7
13:37:46,4
13:37:47,11
13:37:48,11
13:37:49,11
13:37:50,16
13:37:51,4
13:37:52,11
13:37:53,11
13:37:54,11
13:37:55,7
13:37:56,4
13:37:57,11
13:37:58,11
13:37:59,20
13:38:00,7
13:38:01,4
13:38:02,11
13:38:03,11
13:38:04,20
13:38:05,7
13:38:06,4
13:38:07,11
13:38:08,11
13:38:09,11
13:38:10,11
13:38:11,13
13:38:12,7
13:38:13,11
13:38:14,11
13:38:15,11
13:38:16,7
13:38:17,4
13:38:18,20
13:38:19,11
13:38:20,11
13:38:21,7
13:38:22,4
13:38:23,11
13:38:24,11
13:38:25,11
13:38:26,16
13:38:27,4
13:38:28,11
13:38:29,11
13:38:30,11
13:38:31,7
13:38:32,13
13:38:33,11
13:38:34,11
13:38:35,11
13:38:36,16
13:38:37,4
13:38:38,11
13:38:39,11
13:38:40,20
13:38:41,11
13:38:42,7
13:38:43,4
13:38:44,11
13:38:45,11
13:38:46,11
13:38:47,7
13:38:48,4
13:38:49,11
13:38:50,11
13:38:51,11
13:38:52,7
13:38:53,4
13:38:54,11
13:38:55,11
13:38:56,11
13:38:57,16
13:38:58,4
13:38:59,11
13:39:00,11
13:39:01,11
13:39:02,7
13:39:03,4
13:39:04,20
13:39:05,11
13:39:06,11
13:39:07,11
13:39:08,0
13:39:09,11
13:39:10,11
13:39:11,11
13:39:12,11
13:39:13,16
13:39:14,4
13:39:15,11
13:39:16,11
13:39:17,11
13:39:18,7
13:39:19,4
13:39:20,11
13:39:21,11
13:39:22,20
13:39:23,7
13:39:24,4
13:39:25,11
13:39:26,11
13:39:27,11
13:39:28,7
13:39:29,4
13:39:30,11
13:39:31,20
13:39:32,11
13:39:33,7
13:39:34,4
13:39:35,11
13:39:36,11
13:39:37,20
13:39:38,10
13:39:39,1
13:39:40,11
13:39:41,11
13:39:42,11
13:39:43,11
13:39:44,7
13:39:45,4
13:39:46,20
13:39:47,11
13:39:48,11
13:39:49,7
13:39:50,4
13:39:51,11
13:39:52,20
13:39:53,11
13:39:54,7
13:39:55,4
13:39:56,20
13:39:57,11
13:39:58,11
13:39:59,7
13:40:00,4
13:40:01,11
13:40:02,11
13:40:03,11
13:40:04,7
13:40:05,4
13:40:06,23
13:40:07,11
13:40:08,11
13:40:09,11
13:40:10,7
13:40:11,4
13:40:12,20
13:40:13,11
13:40:14,11
13:40:15,7
13:40:16,4
13:40:17,11
13:40:18,11
13:40:19,11
13:40:20,7
13:40:21,4
13:40:22,11
13:40:23,11
13:40:24,11
13:40:25,7
13:40:26,13
13:40:27,11
13:40:28,11
13:40:29,11
13:40:30,7
13:40:31,4
13:40:32,11
13:40:33,20
13:40:34,11
13:40:35,7
13:40:36,4
13:40:37,11
13:40:38,11
13:40:39,11
13:40:40,11
13:40:41,7
13:40:42,4
13:40:43,11
13:40:44,20
13:40:45,11
13:40:46,7
13:40:47,4
13:40:48,11
13:40:49,20
13:40:50,11
13:40:51,7
13:40:52,4
13:40:53,11
13:40:54,11
13:40:55,11
13:40:56,7
13:40:57,4
13:40:58,20
13:40:59,11
13:41:00,11
13:41:01,7
13:41:02,4
13:41:03,11
13:41:04,11
13:41:05,11
13:41:06,7
13:41:07,4
13:41:08,11
13:41:09,11
13:41:10,11
13:41:11,11
13:41:12,7
13:41:13,4
13:41:14,20
13:41:15,11
13:41:16,11
13:41:17,7
13:41:18,4
13:41:19,11
13:41:20,11
13:41:21,11
13:41:22,16
13:41:23,4
13:41:24,11
13:41:25,11
13:41:26,11
13:41:27,7
13:41:28,4
13:41:29,11
13:41:30,11
13:41:31,20
13:41:32,7
13:41:33,4
13:41:34,11
13:41:35,11
13:41:36,11
13:41:37,7
13:41:38,13
13:41:39,11
13:41:40,11
13:41:41,11
13:41:42,11
13:41:43,7
13:41:44,4
13:41:45,11
13:41:46,11
13:41:47,11
13:41:48,7
13:41:49,4
13:41:50,11
13:41:51,20
13:41:52,11
13:41:53,7
13:41:54,4
13:41:55,11
13:41:56,11
13:41:57,11
13:41:58,16
13:41:59,4
13:42:00,11
13:42:01,11
13:42:02,11
13:42:03,7
13:42:04,4
13:42:05,11
13:42:06,20
13:42:07,11
13:42:08,11
13:42:09,4
13:42:10,7
13:42:11,11
13:42:12,11
13:42:13,11
13:42:14,7
13:42:15,4
13:42:16,11
13:42:17,11
13:42:18,11
13:42:19,7
13:42:20,14
13:42:21,11
13:42:22,11
13:42:23,11
13:42:24,7
13:42:25,4
13:42:26,11
13:42:27,27
13:42:28,91
13:42:29,7
13:42:30,13
13:42:31,11
13:42:32,11
13:42:33,11
13:42:34,7
13:42:35,4
13:42:36,11
13:42:37,11
13:42:38,20
13:42:39,11
13:42:40,7
13:42:41,4
13:42:42,11
13:42:43,11
13:42:44,11
13:42:45,7
13:42:46,4
13:42:47,20
13:42:48,11
13:42:49,11
13:42:50,7
13:42:51,4
13:42:52,11
13:42:53,20
13:42:54,11
13:42:55,7
13:42:56,4
13:42:57,11
13:42:58,11
13:42:59,11
13:43:00,16
13:43:01,4
13:43:02,11
13:43:03,11
13:43:04,11
13:43:05,7
13:43:06,4
13:43:07,11
13:43:08,11
13:43:09,11
13:43:10,12
13:43:11,7
13:43:12,4
13:43:13,20
13:43:14,11
13:43:15,11
13:43:16,7
13:43:17,4
13:43:18,11
13:43:19,11
13:43:20,20
13:43:21,7
13:43:22,4
13:43:23,11
13:43:24,11
13:43:25,20
13:43:26,7
13:43:27,4
13:43:28,11
13:43:29,11
13:43:30,20
13:43:31,7
13:43:32,4
13:43:33,11
13:43:34,11
13:43:35,11
13:43:36,11
13:43:37,16
13:43:38,4
13:43:39,11
13:43:40,11
13:43:41,11
13:43:42,7
13:43:43,4
13:43:44,11
13:43:45,20
13:43:46,11
13:43:47,7
13:43:48,4
13:43:49,11
13:43:50,11
13:43:51,11
13:43:52,16
13:43:53,4
13:43:54,11
13:43:55,11
13:43:56,11
13:43:57,7
13:43:58,4
13:43:59,11
13:44:00,11
13:44:01,20
13:44:02,8
13:44:03,3
13:44:04,11
13:44:05,11
13:44:06,11
13:44:07,20
13:44:08,7
13:44:09,4
13:44:10,11
13:44:11,11
13:44:12,11
13:44:13,7
13:44:14,4
13:44:15,11
13:44:16,20
13:44:17,11
13:44:18,7
13:44:19,4
13:44:20,11
13:44:21,11
13:44:22,11
13:44:23,7
13:44:24,4
13:44:25,20
13:44:26,11
13:44:27,11
13:44:28,7
13:44:29,4
13:44:30,11
13:44:31,11
13:44:32,11
13:44:33,7
13:44:34,4
13:44:35,11
13:44:36,20
13:44:37,11
13:44:38,11
13:44:39,7
13:44:40,4
13:44:41,11
13:44:42,20
13:44:43,11
13:44:44,7
13:44:45,4
13:44:46,11
13:44:47,11
13:44:48,11
13:44:49,7
13:44:50,4
13:44:51,11
13:44:52,11
13:44:53,11
13:44:54,7
13:44:55,4
13:44:56,11
13:44:57,11
13:44:58,20
13:44:59,7
13:45:00,4
13:45:01,13
13:45:02,11
13:45:03,20
13:45:04,11
13:45:05,4
13:45:06,7
13:45:07,11
13:45:08,11
13:45:09,11
13:45:10,16
13:45:11,4
13:45:12,11
13:45:13,11
13:45:14,11
13:45:15,7
13:45:16,4
13:45:17,11
13:45:18,11
13:45:19,11
13:45:20,16
13:45:21,4
13:45:22,11
13:45:23,11
13:45:24,11
13:45:25,7
13:45:26,4
13:45:27,11
13:45:28,11
13:45:29,11
13:45:30,7
13:45:31,13
13:45:32,11
13:45:33,11
13:45:34,11
13:45:35,11
13:45:36,7
13:45:37,4
13:45:38,11
13:45:39,11
13:45:40,11
13:45:41,7
13:45:42,4
13:45:43,11
13:45:44,11
13:45:45,11
13:45:46,7
13:45:47,4
13:45:48,20
13:45:49,11
13:45:50,11
13:45:51,7
13:45:52,4
13:45:53,11
13:45:54,11
13:45:55,15
13:45:56,12
13:45:57,4
13:45:58,11
13:45:59,11
13:46:00,11
13:46:01,7
13:46:02,4
13:46:03,20
13:46:04,11
13:46:05,11
13:46:06,11
13:46:07,7
13:46:08,4
13:46:09,11
13:46:10,11
13:46:11,11
13:46:12,7
13:46:13,13
13:46:14,11
13:46:15,11
13:46:16,11
13:46:17,7
13:46:18,4
13:46:19,20
13:46:20,11
13:46:21,11
13:46:22,7
13:46:23,4
13:46:24,11
13:46:25,11
13:46:26,11
13:46:27,16
13:46:28,4
13:46:29,11
13:46:30,11
13:46:31,11
13:46:32,20
13:46:33,7
13:46:34,4
13:46:35,11
13:46:36,11
13:46:37,11
13:46:38,16
13:46:39,4
13:46:40,11
13:46:41,11
13:46:42,11
13:46:43,7
13:46:44,4
13:46:45,11
13:46:46,20
13:46:47,11
13:46:48,7
13:46:49,4
13:46:50,11
13:46:51,11
13:46:52,11
13:46:53,16
13:46:54,4
13:46:55,11
13:46:56,11
13:46:57,11
13:46:58,7
13:46:59,13
13:47:00,11
13:47:01,11
13:47:02,11
13:47:03,11
13:47:04,16
13:47:05,4
13:47:06,11
13:47:07,11
13:47:08,11
13:47:09,7
13:47:10,13
13:47:11,11
13:47:12,11
13:47:13,11
13:47:14,7
13:47:15,4
13:47:16,11
13:47:17,11
13:47:18,11
13:47:19,16
13:47:20,4
13:47:21,11
13:47:22,11
13:47:23,11
13:47:24,7
13:47:25,4
13:47:26,11
13:47:27,20
13:47:28,11
13:47:29,11
13:47:30,7
13:47:31,4
13:47:32,11
13:47:33,11
13:47:34,11
13:47:35,7
13:47:36,4
13:47:37,15
13:47:38,16
13:47:39,11
13:47:40,7
13:47:41,4
13:47:42,11
13:47:43,11
13:47:44,11
13:47:45,7
13:47:46,4
13:47:47,11
13:47:48,20
13:47:49,11
13:47:50,7
13:47:51,4
13:47:52,11
13:47:53,11
13:47:54,11
13:47:55,7
13:47:56,13
13:47:57,11
13:47:58,11
13:47:59,11
13:48:00,11
13:48:01,7
13:48:02,4
13:48:03,11
13:48:04,11
13:48:05,20
13:48:06,7
13:48:07,4
13:48:08,11
13:48:09,11
13:48:10,11
13:48:11,16
13:48:12,4
13:48:13,11
13:48:14,11
13:48:15,11
13:48:16,7
13:48:17,4
13:48:18,20
13:48:19,11
13:48:20,11
13:48:21,7
13:48:22,4
13:48:23,20
13:48:24,11
13:48:25,11
13:48:26,11
13:48:27,0
13:48:28,11
13:48:29,11
13:48:30,11
13:48:31,20
13:48:32,7
13:48:33,4
13:48:34,11
13:48:35,11
13:48:36,11
13:48:37,7
13:48:38,13
13:48:39,11
13:48:40,11
13:48:41,11
13:48:42,7
13:48:43,4
13:48:44,11
13:48:45,20
13:48:46,11
13:48:47,7
13:48:48,4
13:48:49,11
13:48:50,11
13:48:51,11
13:48:52,16
13:48:53,4
13:48:54,11
13:48:55,11
13:48:56,11
13:48:57,11
13:48:58,7
13:48:59,4
13:49:00,20
13:49:01,11
13:49:02,11
13:49:03,7
13:49:04,4
13:49:05,11
13:49:06,11
13:49:07,11
13:49:08,16
13:49:09,4
13:49:10,11
13:49:11,11
13:49:12,11
13:49:13,7
13:49:14,4
13:49:15,20
13:49:16,11
13:49:17,11
13:49:18,7
13:49:19,4
13:49:20,15
13:49:21,16
13:49:22,11
13:49:23,7
13:49:24,4
13:49:25,11
13:49:26,11
13:49:27,11
13:49:28,11
13:49:29,7
13:49:30,4
13:49:31,11
13:49:32,11
13:49:33,20
13:49:34,7
13:49:35,4
13:49:36,11
13:49:37,11
13:49:38,11
13:49:39,7
13:49:40,13
13:49:41,11
13:49:42,11
13:49:43,11
13:49:44,7
13:49:45,4
13:49:46,20
13:49:47,11
13:49:48,11
13:49:49,7
13:49:50,4
13:49:51,11
13:49:52,11
13:49:53,11
13:49:54,11
13:49:55,4
13:49:56,7
13:49:57,11
13:49:58,11
13:49:59,11
13:50:00,16
13:50:01,4
13:50:02,11
13:50:03,11
13:50:04,11
13:50:05,7
13:50:06,13
13:50:07,11
13:50:08,11
13:50:09,11
13:50:10,7
13:50:11,4
13:50:12,20
13:50:13,11
13:50:14,11
13:50:15,7
13:50:16,4
13:50:17,11
13:50:18,20
13:50:19,11
13:50:20,7
13:50:21,4
13:50:22,11
13:50:23,11
13:50:24,11
13:50:25,11
13:50:26,7
13:50:27,4
13:50:28,11
13:50:29,11
13:50:30,23
13:50:31,7
13:50:32,4
13:50:33,11
13:50:34,11
13:50:35,11
13:50:36,7
13:50:37,4
13:50:38,20
13:50:39,11
13:50:40,11
13:50:41,7
13:50:42,4
13:50:43,11
13:50:44,11
13:50:45,11
13:50:46,7
13:50:47,13
13:50:48,11
13:50:49,11
13:50:50,11
13:50:51,7
13:50:52,4
13:50:53,11
13:50:54,11
13:50:55,20
13:50:56,11
13:50:57,7
13:50:58,4
13:50:59,11
13:51:00,11
13:51:01,11
13:51:02,7
13:51:03,13
13:51:04,11
13:51:05,11
13:51:06,11
13:51:07,7
13:51:08,4
13:51:09,11
13:51:10,11
13:51:11,11
13:51:12,7
13:51:13,13
13:51:14,11
13:51:15,11
13:51:16,11
13:51:17,7
13:51:18,4
13:51:19,20
13:51:20,11
13:51:21,11
13:51:22,11
13:51:23,4
13:51:24,7
13:51:25,20
13:51:26,11
13:51:27,11
13:51:28,7
13:51:29,4
13:51:30,11
13:51:31,20
13:51:32,11
13:51:33,7
13:51:34,4
13:51:35,11
13:51:36,11
13:51:37,20
13:51:38,7
13:51:39,4
13:51:40,11
13:51:41,11
13:51:42,11
13:51:43,7
13:51:44,4
13:51:45,11
13:51:46,11
13:51:47,20
13:51:48,7
13:51:49,4
13:51:50,11
13:51:51,11
13:51:52,11
13:51:53,11
13:51:54,16
13:51:55,4
13:51:56,11
13:51:57,11
13:51:58,11
13:51:59,7
13:52:00,4
13:52:01,11
13:52:02,11
13:52:03,11
13:52:04,16
13:52:05,4
13:52:06,11
13:52:07,11
13:52:08,20
13:52:09,7
13:52:10,4
13:52:11,11
13:52:12,11
13:52:13,11
13:52:14,7
13:52:15,13
13:52:16,11
13:52:17,11
13:52:18,11
13:52:19,7
13:52:20,4
13:52:21,20
13:52:22,11
13:52:23,11
13:52:24,11
13:52:25,7
13:52:26,4
13:52:27,11
13:52:28,11
13:52:29,20
13:52:30,7
13:52:31,4
13:52:32,11
13:52:33,11
13:52:34,11
13:52:35,7
13:52:36,4
13:52:37,20
13:52:38,11
13:52:39,11
13:52:40,7
13:52:41,4
13:52:42,20
13:52:43,11
13:52:44,11
13:52:45,7
13:52:46,4
13:52:47,20
13:52:48,11
13:52:49,11
13:52:50,9
13:52:51,2
13:52:52,11
13:52:53,11
13:52:54,11
13:52:55,11
13:52:56,7
13:52:57,4
13:52:58,11
13:52:59,11
13:53:00,20
13:53:01,7
13:53:02,4
13:53:03,11
13:53:04,11
13:53:05,11
13:53:06,7
13:53:07,13
13:53:08,11
13:53:09,11
13:53:10,11
13:53:11,7
13:53:12,13
13:53:13,11
13:53:14,11
13:53:15,11
13:53:16,7
13:53:17,13
13:53:18,11
13:53:19,11
13:53:20,11
13:53:21,11
13:53:22,4
13:53:23,7
13:53:24,11
13:53:25,20
13:53:26,11
13:53:27,7
13:53:28,4
13:53:29,11
13:53:30,11
13:53:31,11
13:53:32,7
13:53:33,13
13:53:34,11
13:53:35,11
13:53:36,11
13:53:37,7
13:53:38,4
13:53:39,11
13:53:40,11
13:53:41,11
13:53:42,16
13:53:43,4
13:53:44,11
13:53:45,11
13:53:46,11
13:53:47,18
13:53:48,2
13:53:49,11
13:53:50,11
13:53:51,11
13:53:52,11
13:53:53,7
13:53:54,4
13:53:55,11
13:53:56,11
13:53:57,11
13:53:58,16
13:53:59,4
13:54:00,11
13:54:01,11
13:54:02,11
13:54:03,7
13:54:04,4
13:54:05,20
13:54:06,11
13:54:07,11
13:54:08,7
13:54:09,13
13:54:10,11
13:54:11,11
13:54:12,11
13:54:13,7
13:54:14,4
13:54:15,11
13:54:16,20
13:54:17,11
13:54:18,11
13:54:19,7
13:54:20,4
13:54:21,11
13:54:22,11
13:54:23,11
13:54:24,7
13:54:25,4
13:54:26,11
13:54:27,11
13:54:28,11
13:54:29,7
13:54:30,4
13:54:31,11
13:54:32,11
13:54:33,20
13:54:34,7
13:54:35,4
13:54:36,11
13:54:37,11
13:54:38,11
13:54:39,16
13:54:40,4
13:54:41,11
13:54:42,11
13:54:43,11
13:54:44,7
13:54:45,4
13:54:46,11
13:54:47,20
13:54:48,11
13:54:49,11
13:54:50,7
13:54:51,4
13:54:52,11
13:54:53,11
13:54:54,11
13:54:55,7
13:54:56,13
13:54:57,11
13:54:58,11
13:54:59,11
13:55:00,7
13:55:01,6
13:55:02,11
13:55:03,11
13:55:04,20
13:55:05,7
13:55:06,4
13:55:07,11
13:55:08,11
13:55:09,11
13:55:10,7
13:55:11,4
13:55:12,20
13:55:13,11
13:55:14,11
13:55:15,7
13:55:16,4
13:55:17,11
13:55:18,11
13:55:19,11
13:55:20,11
13:55:21,7
13:55:22,4
13:55:23,11
13:55:24,11
13:55:25,11
13:55:26,7
13:55:27,13
13:55:28,11
13:55:29,11
13:55:30,11
13:55:31,7
13:55:32,4
13:55:33,11
13:55:34,11
13:55:35,11
13:55:36,16
13:55:37,4
13:55:38,11
13:55:39,11
13:55:40,11
13:55:41,7
13:55:42,4
13:55:43,20
13:55:44,11
13:55:45,11
13:55:46,7
13:55:47,4
13:55:48,20
13:55:49,11
13:55:50,11
13:55:51,11
13:55:52,7
13:55:53,4
13:55:54,11
13:55:55,11
13:55:56,11
13:55:57,7
13:55:58,4
13:55:59,20
13:56:00,11
13:56:01,11
13:56:02,7
13:56:03,4
13:56:04,11
13:56:05,11
13:56:06,11
13:56:07,7
13:56:08,13
13:56:09,11
13:56:10,11
13:56:11,11
13:56:12,7
13:56:13,4
13:56:14,11
13:56:15,11
13:56:16,20
13:56:17,7
13:56:18,4
13:56:19,11
13:56:20,11
13:56:21,11
13:56:22,11
13:56:23,16
13:56:24,4
13:56:25,11
13:56:26,11
13:56:27,11
13:56:28,7
13:56:29,4
13:56:30,11
13:56:31,11
13:56:32,11
13:56:33,7
13:56:34,13
13:56:35,11
13:56:36,11
13:56:37,11
13:56:38,7
13:56:39,4
13:56:40,11
13:56:41,11
13:56:42,11
13:56:43,13
13:56:44,7
13:56:45,11
13:56:46,11
13:56:47,11
13:56:48,7
13:56:49,4
13:56:50,11
13:56:51,11
13:56:52,20
13:56:53,11
13:56:54,7
13:56:55,4
13:56:56,11
13:56:57,11
13:56:58,11
13:56:59,7
13:57:00,10
13:57:01,14
13:57:02,11
13:57:03,11
13:57:04,7
13:57:05,4
13:57:06,11
13:57:07,11
13:57:08,11
13:57:09,16
13:57:10,4
13:57:11,11
13:57:12,11
13:57:13,11
13:57:14,16
13:57:15,4
13:57:16,11
13:57:17,11
13:57:18,11
13:57:19,11
13:57:20,0
13:57:21,20
13:57:22,11
13:57:23,11
13:57:24,11
13:57:25,7
13:57:26,4
13:57:27,11
13:57:28,20
13:57:29,11
13:57:30,7
13:57:31,4
13:57:32,11
13:57:33,13
13:57:34,18
13:57:35,7
13:57:36,4
13:57:37,11
13:57:38,11
13:57:39,11
13:57:40,7
13:57:41,13
13:57:42,11
13:57:43,11
13:57:44,11
13:57:45,7
13:57:46,4
13:57:47,11
13:57:48,11
13:57:49,11
13:57:50,11
13:57:51,7
13:57:52,13
13:57:53,11
13:57:54,11
13:57:55,11
13:57:56,7
13:57:57,4
13:57:58,20
13:57:59,11
13:58:00,11
13:58:01,7
13:58:02,4
13:58:03,11
13:58:04,20
13:58:05,11
13:58:06,7
13:58:07,4
13:58:08,11
13:58:09,11
13:58:10,11
13:58:11,7
13:58:12,4
13:58:13,11
13:58:14,11
13:58:15,20
13:58:16,11
13:58:17,4
13:58:18,7
13:58:19,11
13:58:20,11
13:58:21,11
13:58:22,7
13:58:23,4
13:58:24,20
13:58:25,11
13:58:26,11
13:58:27,7
13:58:28,4
13:58:29,11
13:58:30,11
13:58:31,11
13:58:32,7
13:58:33,4
13:58:34,20
13:58:35,11
13:58:36,11
13:58:37,7
13:58:38,4
13:58:39,11
13:58:40,20
13:58:41,11
13:58:42,7
13:58:43,4
13:58:44,11
13:58:45,11
13:58:46,11
13:58:47,11
13:58:48,7
13:58:49,4
13:58:50,11
13:58:51,20
13:58:52,11
13:58:53,7
13:58:54,4
13:58:55,11
13:58:56,11
13:58:57,11
13:58:58,7
13:58:59,4
13:59:00,20
13:59:01,11
13:59:02,11
13:59:03,7
13:59:04,4
13:59:05,11
13:59:06,11
13:59:07,11
13:59:08,16
13:59:09,4
13:59:10,11
13:59:11,11
13:59:12,11
13:59:13,11
13:59:14,7
13:59:15,4
13:59:16,11
13:59:17,11
13:59:18,11
13:59:19,7
13:59:20,4
13:59:21,20
13:59:22,11
13:59:23,11
13:59:24,7
13:59:25,4
13:59:26,11
13:59:27,11
13:59:28,11
13:59:29,16
13:59:30,4
13:59:31,11
13:59:32,11
13:59:33,11
13:59:34,7
13:59:35,4
13:59:36,11
13:59:37,11
13:59:38,11
13:59:39,18
13:59:40,2
13:59:41,11
13:59:42,11
13:59:43,11
13:59:44,11
13:59:45,7
13:59:46,4
13:59:47,11
13:59:48,11
13:59:49,11
13:59:50,7
13:59:51,4
13:59:52,11
13:59:53,11
13:59:54,11
13:59:55,16
13:59:56,4
13:59:57,11
13:59:58,11
13:59:59,11
14:00:00,7
14:00:01,4
14:00:02,11
14:00:03,20
14:00:04,11
14:00:05,7
14:00:06,4
14:00:07,11
14:00:08,11
14:00:09,11
14:00:10,11
14:00:11,10
14:00:12,13
14:00:13,11
14:00:14,11
14:00:15,11
14:00:16,7
14:00:17,4
14:00:18,11
14:00:19,20
14:00:20,11
14:00:21,7
14:00:22,4
14:00:23,11
14:00:24,11
14:00:25,11
14:00:26,7
14:00:27,13
14:00:28,11
14:00:29,11
14:00:30,11
14:00:31,7
14:00:32,4
14:00:33,11
14:00:34,11
14:00:35,11
14:00:36,16
14:00:37,4
14:00:38,11
14:00:39,11
14:00:40,11
14:00:41,20
14:00:42,0
14:00:43,11
14:00:44,11
14:00:45,11
14:00:46,20
14:00:47,7
14:00:48,4
14:00:49,11
14:00:50,11
14:00:51,11
14:00:52,16
14:00:53,4
14:00:54,11
14:00:55,20
14:00:56,11
14:00:57,7
14:00:58,4
14:00:59,11
14:01:00,11
14:01:01,11
14:01:02,16
14:01:03,4
14:01:04,11
14:01:05,11
14:01:06,11
14:01:07,7
14:01:08,4
14:01:09,11
14:01:10,11
14:01:11,11
14:01:12,11
14:01:13,7
14:01:14,13
14:01:15,11
14:01:16,11
14:01:17,11
14:01:18,7
14:01:19,4
14:01:20,11
14:01:21,11
14:01:22,11
14:01:23,16
14:01:24,4
14:01:25,11
14:01:26,11
14:01:27,11
14:01:28,7
14:01:29,4
14:01:30,20
14:01:31,11
14:01:32,11
14:01:33,7
14:01:34,4
14:01:35,11
14:01:36,11
14:01:37,11
14:01:38,9
14:01:39,2
14:01:40,11
14:01:41,20
14:01:42,11
14:01:43,11
14:01:44,7
14:01:45,4
14:01:46,11
14:01:47,11
14:01:48,11
14:01:49,7
14:01:50,4
14:01:51,11
14:01:52,11
14:01:53,11
14:01:54,7
14:01:55,4
14:01:56,20
14:01:57,11
14:01:58,11
14:01:59,7
14:02:00,4
14:02:01,11
14:02:02,11
14:02:03,11
14:02:04,7
14:02:05,4
14:02:06,20
14:02:07,11
14:02:08,11
14:02:09,11
14:02:10,7
14:02:11,4
14:02:12,11
14:02:13,11
14:02:14,11
14:02:15,7
14:02:16,13
14:02:17,11
14:02:18,11
14:02:19,11
14:02:20,7
14:02:21,4
14:02:22,11
14:02:23,13
14:02:24,18
14:02:25,7
14:02:26,4
14:02:27,11
14:02:28,11
14:02:29,11
14:02:30,7
14:02:31,4
14:02:32,11
14:02:33,11
14:02:34,20
14:02:35,11
14:02:36,7
14:02:37,4
14:02:38,11
14:02:39,20
14:02:40,11
14:02:41,7
14:02:42,4
14:02:43,11
14:02:44,11
14:02:45,11
14:02:46,7
14:02:47,13
14:02:48,11
14:02:49,11
14:02:50,11
14:02:51,7
14:02:52,4
14:02:53,11
14:02:54,11
14:02:55,11
14:02:56,7
14:02:57,4
14:02:58,11
14:02:59,11
14:03:00,20
14:03:01,11
14:03:02,7
14:03:03,4
14:03:04,11
14:03:05,11
14:03:06,11
14:03:07,7
14:03:08,4
14:03:09,20
14:03:10,11
14:03:11,11
14:03:12,7
14:03:13,4
14:03:14,11
14:03:15,11
14:03:16,11
14:03:17,7
14:03:18,13
14:03:19,11
14:03:20,11
14:03:21,11
14:03:22,7
14:03:23,4
14:03:24,11
14:03:25,20
14:03:26,11
14:03:27,7
14:03:28,4
14:03:29,11
14:03:30,11
14:03:31,20
14:03:32,11
14:03:33,7
14:03:34,4
14:03:35,11
14:03:36,11
14:03:37,11
14:03:38,7
14:03:39,4
14:03:40,20
14:03:41,11
14:03:42,11
14:03:43,7
14:03:44,4
14:03:45,11
14:03:46,11
14:03:47,11
14:03:48,7
14:03:49,4
14:03:50,11
14:03:51,11
14:03:52,20
14:03:53,7
14:03:54,4
14:03:55,11
14:03:56,20
14:03:57,11
14:03:58,9
14:03:59,2
14:04:00,11
14:04:01,11
14:04:02,20
14:04:03,11
14:04:04,7
14:04:05,4
14:04:06,11
14:04:07,11
14:04:08,11
14:04:09,7
14:04:10,13
14:04:11,11
14:04:12,11
14:04:13,11
14:04:14,7
14:04:15,4
14:04:16,20
14:04:17,11
14:04:18,11
14:04:19,7
14:04:20,4
14:04:21,11
14:04:22,11
14:04:23,20
14:04:24,7
14:04:25,4
14:04:26,11
14:04:27,11
14:04:28,11
14:04:29,9
14:04:30,11
14:04:31,11
14:04:32,11
14:04:33,11
14:04:34,11
14:04:35,7
14:04:36,4
14:04:37,11
14:04:38,12
14:04:39,19
14:04:40,7
14:04:41,4
14:04:42,11
14:04:43,11
14:04:44,11
14:04:45,7
14:04:46,4
14:04:47,11
14:04:48,20
14:04:49,11
14:04:50,7
14:04:51,4
14:04:52,11
14:04:53,20
14:04:54,11
14:04:55,7
14:04:56,4
14:04:57,20
14:04:58,11
14:04:59,11
14:05:00,7
14:05:01,6
14:05:02,11
14:05:03,11
14:05:04,11
14:05:05,11
14:05:06,7
14:05:07,13
14:05:08,11
14:05:09,11
14:05:10,11
14:05:11,7
14:05:12,4
14:05:13,11
14:05:14,11
14:05:15,11
14:05:16,7
14:05:17,4
14:05:18,11
14:05:19,11
14:05:20,11
14:05:21,7
14:05:22,4
14:05:23,11
14:05:24,11
14:05:25,20
14:05:26,7
14:05:27,4
14:05:28,11
14:05:29,11
14:05:30,11
14:05:31,7
14:05:32,4
14:05:33,11
14:05:34,11
14:05:35,11
14:05:36,7
14:05:37,4
14:05:38,11
14:05:39,11
14:05:40,20
14:05:41,7
14:05:42,4
14:05:43,11
14:05:44,11
14:05:45,11
14:05:46,20
14:05:47,7
14:05:48,4
14:05:49,11
14:05:50,11
14:05:51,11
14:05:52,7
14:05:53,4
14:05:54,11
14:05:55,20
14:05:56,11
14:05:57,7
14:05:58,4
14:05:59,11
14:06:00,11
14:06:01,11
14:06:02,16
14:06:03,4
14:06:04,11
14:06:05,11
14:06:06,11
14:06:07,16
14:06:08,4
14:06:09,11
14:06:10,11
14:06:11,11
14:06:12,11
14:06:13,0
14:06:14,20
14:06:15,11
14:06:16,11
14:06:17,11
14:06:18,7
14:06:19,4
14:06:20,18
14:06:21,13
14:06:22,11
14:06:23,7
14:06:24,4
14:06:25,11
14:06:26,11
14:06:27,20
14:06:28,7
14:06:29,4
14:06:30,11
14:06:31,11
14:06:32,11
14:06:33,7
14:06:34,4
14:06:35,11
14:06:36,16
14:06:37,15
14:06:38,7
14:06:39,4
14:06:40,11
14:06:41,11
14:06:42,11
14:06:43,13
14:06:44,7
14:06:45,13
14:06:46,11
14:06:47,11
14:06:48,11
14:06:49,7
14:06:50,4
14:06:51,20
14:06:52,11
14:06:53,11
14:06:54,7
14:06:55,4
14:06:56,11
14:06:57,11
14:06:58,20
14:06:59,7
14:07:00,4
14:07:01,11
14:07:02,11
14:07:03,11
14:07:04,16
14:07:05,4
14:07:06,11
14:07:07,11
14:07:08,11
14:07:09,9
14:07:10,2
14:07:11,11
14:07:12,11
14:07:13,11
14:07:14,11
14:07:15,16
14:07:16,4
14:07:17,11
14:07:18,11
14:07:19,11
14:07:20,7
14:07:21,4
14:07:22,11
14:07:23,11
14:07:24,11
14:07:25,16
14:07:26,4
14:07:27,11
14:07:28,11
14:07:29,11
14:07:30,7
14:07:31,4
14:07:32,11
14:07:33,11
14:07:34,20
14:07:35,7
14:07:36,4
14:07:37,11
14:07:38,11
14:07:39,11
14:07:40,11
14:07:41,7
14:07:42,13
14:07:43,11
14:07:44,11
14:07:45,11
14:07:46,7
14:07:47,4
14:07:48,11
14:07:49,11
14:07:50,11
14:07:51,7
14:07:52,4
14:07:53,20
14:07:54,11
14:07:55,11
14:07:56,7
14:07:57,4
14:07:58,20
14:07:59,11
14:08:00,11
14:08:01,7
14:08:02,4
14:08:03,11
14:08:04,11
14:08:05,11
14:08:06,16
14:08:07,4
14:08:08,11
14:08:09,11
14:08:10,11
14:08:11,11
14:08:12,9
14:08:13,11
14:08:14,11
14:08:15,11
14:08:16,11
14:08:17,16
14:08:18,4
14:08:19,11
14:08:20,11
14:08:21,11
14:08:22,7
14:08:23,4
14:08:24,11
14:08:25,20
14:08:26,11
14:08:27,7
14:08:28,4
14:08:29,11
14:08:30,11
14:08:31,20
14:08:32,7
14:08:33,4
14:08:34,11
14:08:35,11
14:08:36,11
14:08:37,7
14:08:38,4
14:08:39,11
14:08:40,20
14:08:41,11
14:08:42,20
14:08:43,7
14:08:44,4
14:08:45,11
14:08:46,11
14:08:47,11
14:08:48,7
14:08:49,4
14:08:50,20
14:08:51,11
14:08:52,11
14:08:53,7
14:08:54,4
14:08:55,11
14:08:56,11
14:08:57,11
14:08:58,7
14:08:59,13
14:09:00,11
14:09:01,11
14:09:02,11
14:09:03,7
14:09:04,4
14:09:05,11
14:09:06,20
14:09:07,11
14:09:08,7
14:09:09,4
14:09:10,11
14:09:11,11
14:09:12,16
14:09:13,15
14:09:14,7
14:09:15,4
14:09:16,11
14:09:17,11
14:09:18,11
14:09:19,16
14:09:20,4
14:09:21,11
14:09:22,11
14:09:23,11
14:09:24,7
14:09:25,13
14:09:26,11
14:09:27,11
14:09:28,11
14:09:29,7
14:09:30,4
14:09:31,11
14:09:32,11
14:09:33,20
14:09:34,7
14:09:35,4
14:09:36,11
14:09:37,11
14:09:38,11
14:09:39,9
14:09:40,2
14:09:41,11
14:09:42,11
14:09:43,20
14:09:44,11
14:09:45,7
14:09:46,13
14:09:47,11
14:09:48,11
14:09:49,11
14:09:50,7
14:09:51,4
14:09:52,11
14:09:53,11
14:09:54,20
14:09:55,7
14:09:56,4
14:09:57,11
14:09:58,11
14:09:59,11
14:10:00,7
14:10:01,4
14:10:02,11
14:10:03,23
14:10:04,11
14:10:05,7
14:10:06,4
14:10:07,11
14:10:08,11
14:10:09,11
14:10:10,11
14:10:11,7
14:10:12,4
14:10:13,11
14:10:14,20
14:10:15,11
14:10:16,7
14:10:17,4
14:10:18,11
14:10:19,11
14:10:20,11
14:10:21,7
14:10:22,4
14:10:23,11
14:10:24,20
14:10:25,11
14:10:26,7
14:10:27,4
14:10:28,11
14:10:29,11
14:10:30,11
14:10:31,7
14:10:32,4
14:10:33,20
14:10:34,11
14:10:35,11
14:10:36,9
14:10:37,2
14:10:38,11
14:10:39,20
14:10:40,11
14:10:41,11
14:10:42,7
14:10:43,4
14:10:44,11
14:10:45,20
14:10:46,11
14:10:47,7
14:10:48,4
14:10:49,11
14:10:50,11
14:10:51,11
14:10:52,7
14:10:53,4
14:10:54,11
14:10:55,11
14:10:56,14
14:10:57,13
14:10:58,4
14:10:59,11
14:11:00,20
14:11:01,11
14:11:02,7
14:11:03,4
14:11:04,11
14:11:05,11
14:11:06,11
14:11:07,11
14:11:08,4
14:11:09,7
14:11:10,20
14:11:11,11
14:11:12,11
14:11:13,7
14:11:14,4
14:11:15,11
14:11:16,11
14:11:17,20
14:11:18,7
14:11:19,4
14:11:20,11
14:11:21,11
14:11:22,11
14:11:23,7
14:11:24,4
14:11:25,11
14:11:26,20
14:11:27,11
14:11:28,7
14:11:29,4
14:11:30,11
14:11:31,20
14:11:32,11
14:11:33,7
14:11:34,4
14:11:35,11
14:11:36,11
14:11:37,11
14:11:38,11
14:11:39,16
14:11:40,4
14:11:41,11
14:11:42,11
14:11:43,11
14:11:44,16
14:11:45,4
14:11:46,11
14:11:47,11
14:11:48,11
14:11:49,7
14:11:50,4
14:11:51,11
14:11:52,11
14:11:53,11
14:11:54,7
14:11:55,4
14:11:56,11
