Time,Latency
10:14:49,20.7467
10:15:02,12.5980
10:15:15,12.7587
10:15:28,13.5476
10:15:44,15.3567
10:15:56,12.5533
10:16:12,15.8491
10:16:31,19.2461
10:16:41,9.5435
10:16:54,13.1631
10:17:03,9.2157
10:17:19,16.0623
10:17:32,12.9153
10:17:49,16.5680
10:18:00,11.4365
10:18:16,15.5523
10:18:32,16.2314
10:18:47,14.9943
10:19:02,14.3869
10:19:15,13.5586
10:19:25,10.3424
10:19:41,15.2757
10:19:55,13.8579
10:20:09,14.5625
10:20:24,14.5734
10:20:37,13.4804
10:20:55,17.8245
10:21:13,18.3723
10:21:28,14.4020
10:21:43,15.3341
10:21:58,15.1553
10:22:14,15.1554
10:22:34,20.6492
10:22:44,9.7731
10:23:01,16.8705
10:23:14,13.5856
10:23:31,16.5835
10:23:41,10.1647
10:23:55,14.0982
10:24:13,17.8550
10:24:21,8.1656
10:24:32,10.5828
