Time,Watts
15:49:22,36
15:49:23,36
15:49:24,36
15:49:25,30
15:49:26,30
15:49:27,30
15:49:28,31
15:49:29,30
15:49:30,30
15:49:31,31
15:49:32,31
15:49:33,31
15:49:34,30
15:49:35,33
15:49:36,33
15:49:37,32
15:49:38,30
15:49:40,30
15:49:41,31
15:49:42,30
15:49:43,30
15:49:44,31
15:49:45,31
15:49:46,30
15:49:47,30
15:49:48,30
15:49:49,32
15:49:50,32
15:49:51,30
15:49:52,31
15:49:53,31
15:49:54,32
15:49:55,30
15:49:56,30
15:49:57,32
15:49:58,30
15:49:59,30
15:50:00,30
15:50:01,33
15:50:02,33
15:50:03,31
15:50:04,30
15:50:05,30
15:50:06,33
15:50:07,30
15:50:08,30
15:50:09,30
15:50:10,31
15:50:11,31
15:50:12,30
15:50:13,30
15:50:14,30
15:50:15,32
15:50:16,32
15:50:17,32
15:50:18,30
15:50:19,31
15:50:20,31
15:50:21,30
15:50:22,31
15:50:23,31
15:50:24,31
15:50:25,30
15:50:26,30
15:50:27,31
15:50:28,30
15:50:29,30
15:50:30,30
15:50:31,31
15:50:32,30
15:50:33,30
15:50:34,30
15:50:35,32
15:50:36,32
15:50:37,29
15:50:38,30
15:50:39,30
15:50:40,31
15:50:41,29
15:50:42,29
15:50:43,31
15:50:44,31
15:50:45,31
15:50:46,30
15:50:47,31
15:50:48,31
15:50:49,30
15:50:50,30
15:50:51,30
15:50:53,31
15:50:54,30
15:50:55,30
15:50:56,30
15:50:57,31
15:50:58,31
15:50:59,30
15:51:00,30
15:51:01,30
15:51:02,31
15:51:03,30
15:51:04,30
15:51:05,32
15:51:06,31
15:51:07,31
15:51:08,30
15:51:09,31
15:51:10,31
15:51:11,31
15:51:12,30
15:51:13,31
15:51:14,31
15:51:15,30
15:51:16,30
15:51:17,30
15:51:18,31
15:51:19,30
15:51:20,30
15:51:21,30
15:51:22,31
15:51:23,31
15:51:24,30
15:51:25,29
15:51:26,29
15:51:27,31
15:51:28,30
15:51:29,30
15:51:30,30
15:51:31,31
15:51:32,31
15:51:33,30
15:51:34,32
15:51:35,32
15:51:36,31
15:51:37,30
15:51:38,30
15:51:39,32
15:51:40,30
15:51:41,30
15:51:42,30
15:51:43,31
15:51:44,31
15:51:45,30
15:51:46,30
15:51:47,30
15:51:48,31
15:51:49,30
15:51:50,30
15:51:51,30
15:51:52,31
15:51:53,29
15:51:54,29
15:51:55,30
15:51:56,31
15:51:57,31
15:51:58,30
15:51:59,31
15:52:00,31
15:52:01,31
15:52:02,30
15:52:03,30
15:52:04,31
15:52:05,31
15:52:06,31
15:52:07,29
15:52:08,31
15:52:09,31
15:52:10,30
15:52:11,30
15:52:13,30
15:52:14,31
15:52:15,30
15:52:16,30
15:52:17,31
15:52:18,32
15:52:19,32
15:52:20,30
15:52:21,30
15:52:22,30
15:52:23,31
15:52:24,30
15:52:25,30
15:52:26,31
15:52:27,31
15:52:28,31
15:52:29,30
15:52:30,31
15:52:31,31
15:52:32,30
15:52:33,30
15:52:34,31
15:52:35,31
15:52:36,30
15:52:37,30
15:52:38,30
15:52:39,31
15:52:40,30
15:52:41,30
15:52:42,30
15:52:43,31
15:52:44,31
15:52:45,30
15:52:46,30
15:52:47,30
15:52:48,31
15:52:49,30
15:52:50,30
15:52:51,32
15:52:52,31
15:52:53,31
15:52:54,31
15:52:55,31
15:52:56,31
15:52:57,30
15:52:58,30
15:52:59,30
15:53:00,31
15:53:01,30
15:53:02,30
15:53:03,29
15:53:04,32
15:53:05,32
15:53:06,30
15:53:07,31
15:53:08,31
15:53:09,31
15:53:10,30
15:53:11,30
15:53:12,30
15:53:13,32
15:53:14,30
15:53:15,30
15:53:16,31
15:53:17,31
15:53:18,31
15:53:19,30
15:53:20,32
15:53:21,32
15:53:22,31
15:53:23,29
15:53:24,29
15:53:25,31
15:53:26,30
15:53:27,30
15:53:28,30
15:53:29,31
15:53:30,31
15:53:31,29
15:53:33,30
15:53:34,30
15:53:35,31
15:53:36,30
15:53:37,30
15:53:38,30
15:53:39,31
15:53:40,31
15:53:41,30
15:53:42,31
15:53:43,31
15:53:44,31
15:53:45,30
15:53:46,30
15:53:47,32
15:53:48,30
15:53:49,30
15:53:50,30
15:53:51,31
15:53:52,31
15:53:53,30
15:53:54,30
15:53:55,30
15:53:56,31
15:53:57,30
15:53:58,31
15:53:59,31
15:54:00,32
15:54:01,30
15:54:02,30
15:54:03,30
15:54:04,31
15:54:05,31
15:54:06,29
15:54:07,31
15:54:08,31
15:54:09,31
15:54:10,30
15:54:11,30
15:54:12,32
15:54:13,31
15:54:14,31
15:54:15,30
15:54:16,32
15:54:17,32
15:54:18,30
15:54:19,30
15:54:20,30
15:54:21,31
15:54:22,30
15:54:23,30
15:54:24,30
15:54:25,31
15:54:26,31
15:54:27,30
15:54:28,30
15:54:29,30
15:54:30,31
15:54:31,30
15:54:32,30
15:54:33,30
15:54:34,31
15:54:35,31
15:54:36,31
15:54:37,31
15:54:38,30
15:54:39,30
15:54:40,30
15:54:41,31
15:54:42,31
15:54:43,30
15:54:44,31
15:54:46,31
15:54:47,31
15:54:48,30
15:54:49,30
15:54:50,30
15:54:51,32
15:54:52,32
15:54:53,30
15:54:54,30
15:54:55,30
15:54:56,31
15:54:57,29
15:54:58,29
15:54:59,31
15:55:00,31
15:55:01,31
15:55:02,30
15:55:03,32
15:55:04,32
15:55:05,30
15:55:06,30
15:55:07,30
15:55:08,31
15:55:09,30
15:55:10,30
15:55:11,31
15:55:12,31
15:55:13,30
15:55:14,30
15:55:15,30
15:55:16,32
15:55:17,32
15:55:18,31
15:55:19,31
15:55:20,31
15:55:21,31
15:55:22,30
15:55:23,30
15:55:24,31
15:55:25,31
15:55:26,31
15:55:27,30
15:55:28,31
15:55:29,31
15:55:30,30
15:55:31,30
15:55:32,30
15:55:33,31
15:55:34,30
15:55:35,30
15:55:36,29
15:55:37,31
15:55:38,31
15:55:39,30
15:55:40,30
15:55:41,30
15:55:42,32
15:55:43,30
15:55:44,30
15:55:45,32
15:55:46,31
15:55:47,31
15:55:48,30
15:55:49,31
15:55:50,31
15:55:51,31
15:55:52,30
15:55:53,31
15:55:54,31
15:55:55,31
15:55:56,30
15:55:57,30
15:55:58,32
15:55:59,30
15:56:00,30
15:56:01,30
15:56:02,31
15:56:03,31
15:56:05,29
15:56:06,30
15:56:07,30
15:56:08,31
15:56:09,30
15:56:10,30
15:56:11,30
15:56:12,31
15:56:13,31
15:56:14,30
15:56:15,32
15:56:16,32
15:56:17,32
15:56:18,30
15:56:19,30
15:56:20,31
15:56:21,32
15:56:22,32
15:56:23,30
15:56:24,31
15:56:25,31
15:56:26,30
15:56:27,30
15:56:28,30
15:56:29,31
15:56:30,30
15:56:31,30
15:56:32,30
15:56:33,31
15:56:34,31
15:56:35,30
15:56:36,30
15:56:37,31
15:56:38,31
15:56:39,30
15:56:40,31
15:56:41,31
15:56:42,31
15:56:43,30
15:56:44,30
15:56:45,32
15:56:46,31
15:56:47,31
15:56:48,30
15:56:49,31
15:56:50,31
15:56:51,30
15:56:52,31
15:56:53,31
15:56:54,31
15:56:55,30
15:56:56,30
15:56:57,30
15:56:58,31
15:56:59,31
15:57:00,30
15:57:01,31
15:57:02,31
15:57:03,31
15:57:04,29
15:57:05,29
15:57:06,31
15:57:07,31
15:57:08,31
15:57:09,30
15:57:10,31
15:57:11,31
15:57:12,30
15:57:13,30
15:57:14,30
15:57:15,31
15:57:16,31
15:57:17,29
15:57:18,29
15:57:19,31
15:57:20,30
15:57:21,30
15:57:22,30
15:57:24,33
15:57:25,33
15:57:26,30
15:57:27,30
15:57:28,30
15:57:29,31
15:57:30,30
15:57:31,30
15:57:32,31
15:57:33,31
15:57:34,31
15:57:35,30
15:57:36,31
15:57:37,31
15:57:38,30
15:57:39,29
15:57:40,29
15:57:41,31
15:57:42,30
15:57:43,30
15:57:44,30
15:57:45,31
15:57:46,31
15:57:47,30
15:57:48,30
15:57:49,31
15:57:50,31
15:57:51,30
15:57:52,31
15:57:53,31
15:57:54,31
15:57:55,30
15:57:56,30
15:57:57,31
15:57:58,32
15:57:59,32
15:58:00,30
15:58:01,31
15:58:02,31
15:58:03,30
15:58:04,30
15:58:05,30
15:58:06,31
15:58:07,30
15:58:08,30
15:58:09,29
15:58:10,31
15:58:11,31
15:58:12,30
15:58:13,30
15:58:14,30
15:58:15,31
15:58:16,30
15:58:17,30
15:58:18,31
15:58:19,31
15:58:20,31
15:58:21,30
15:58:22,31
15:58:23,31
15:58:24,31
15:58:25,30
15:58:26,30
15:58:27,31
15:58:28,30
15:58:29,30
15:58:30,30
15:58:31,32
15:58:32,30
15:58:34,30
15:58:35,30
15:58:36,31
15:58:37,31
15:58:38,30
15:58:39,30
15:58:40,30
15:58:41,32
15:58:42,29
15:58:43,29
15:58:44,30
15:58:45,31
15:58:46,31
15:58:47,30
15:58:48,31
15:58:49,31
15:58:50,31
15:58:51,30
15:58:52,30
15:58:53,31
15:58:54,30
15:58:55,30
15:58:56,30
15:58:57,31
15:58:58,31
15:58:59,30
15:59:00,30
15:59:01,30
15:59:02,32
15:59:03,30
15:59:04,30
15:59:05,30
15:59:06,32
15:59:07,32
15:59:08,30
15:59:09,31
15:59:10,31
15:59:11,31
15:59:12,30
15:59:13,31
15:59:14,31
15:59:15,31
15:59:16,30
15:59:17,30
15:59:18,31
15:59:19,31
15:59:20,31
15:59:21,30
15:59:22,31
15:59:23,31
15:59:24,30
15:59:25,30
15:59:26,30
15:59:27,31
15:59:28,30
15:59:29,30
15:59:30,30
15:59:31,31
15:59:32,31
15:59:33,30
15:59:34,31
15:59:35,31
15:59:36,31
15:59:37,30
15:59:38,30
15:59:39,31
15:59:40,31
15:59:41,30
15:59:42,30
15:59:44,32
15:59:45,32
15:59:46,32
15:59:47,31
15:59:48,33
15:59:49,33
15:59:50,30
15:59:51,29
15:59:52,29
15:59:53,31
15:59:54,30
15:59:55,30
15:59:56,30
15:59:57,31
15:59:58,31
15:59:59,30
16:00:00,30
16:00:01,30
16:00:02,31
16:00:03,30
16:00:04,30
16:00:05,31
16:00:06,30
16:00:07,30
16:00:08,30
16:00:09,31
16:00:10,31
16:00:11,30
16:00:12,30
16:00:13,30
16:00:14,32
16:00:15,30
16:00:16,30
16:00:17,30
16:00:18,32
16:00:19,32
16:00:20,31
16:00:21,30
16:00:22,30
16:00:23,31
16:00:24,30
16:00:25,31
16:00:26,31
16:00:27,31
16:00:28,30
16:00:29,30
16:00:30,32
16:00:31,30
16:00:32,30
16:00:33,30
16:00:34,31
16:00:35,31
16:00:36,30
16:00:37,30
16:00:38,30
16:00:39,31
16:00:40,30
16:00:41,30
16:00:42,30
16:00:43,31
16:00:44,31
16:00:45,30
16:00:46,30
16:00:47,30
16:00:48,33
16:00:49,31
16:00:50,31
16:00:51,31
16:00:52,32
16:00:53,32
16:00:54,30
16:00:55,31
16:00:56,31
16:00:57,31
16:00:58,30
16:00:59,30
16:01:00,31
16:01:01,30
16:01:03,30
16:01:04,31
16:01:05,31
16:01:06,29
16:01:07,29
16:01:08,30
16:01:09,31
16:01:10,31
16:01:11,29
16:01:12,30
16:01:13,30
16:01:14,31
16:01:15,29
16:01:16,29
16:01:17,31
16:01:18,31
16:01:19,31
16:01:20,30
16:01:21,31
16:01:22,31
16:01:23,30
16:01:24,31
16:01:25,31
16:01:26,31
16:01:27,32
16:01:28,32
16:01:29,30
16:01:30,31
16:01:31,31
16:01:32,30
16:01:33,31
16:01:34,31
16:01:35,31
16:01:36,29
16:01:37,29
16:01:38,30
16:01:39,31
16:01:40,31
16:01:41,30
16:01:42,30
16:01:43,30
16:01:44,31
16:01:45,30
16:01:46,31
16:01:47,31
16:01:48,30
16:01:49,30
16:01:50,30
16:01:51,31
16:01:52,30
16:01:53,30
16:01:54,30
16:01:55,32
16:01:56,32
16:01:57,30
16:01:58,30
16:01:59,30
16:02:00,32
16:02:01,30
16:02:02,30
16:02:03,30
16:02:04,31
16:02:05,31
16:02:06,31
16:02:07,31
16:02:08,31
16:02:09,31
16:02:10,30
16:02:11,30
16:02:12,31
16:02:13,30
16:02:14,30
16:02:15,30
16:02:16,31
16:02:17,31
16:02:18,30
16:02:19,30
16:02:20,30
16:02:21,31
16:02:22,30
16:02:24,30
16:02:25,30
16:02:26,31
16:02:27,31
16:02:28,30
16:02:29,30
16:02:30,31
16:02:31,31
16:02:32,31
16:02:33,31
16:02:34,31
16:02:35,32
16:02:36,29
16:02:37,29
16:02:38,31
16:02:39,30
16:02:40,30
16:02:41,31
16:02:42,31
16:02:43,31
16:02:44,30
16:02:45,30
16:02:46,30
16:02:47,31
16:02:48,30
16:02:49,30
16:02:50,29
16:02:51,31
16:02:52,31
16:02:53,30
16:02:54,30
16:02:55,30
16:02:56,31
16:02:57,30
16:02:58,30
16:02:59,31
16:03:00,31
16:03:01,31
16:03:02,30
16:03:03,31
16:03:04,31
16:03:05,30
16:03:06,30
16:03:07,30
16:03:08,31
16:03:09,30
16:03:10,30
16:03:11,30
16:03:12,32
16:03:13,30
16:03:14,30
16:03:15,30
16:03:16,31
16:03:17,31
16:03:18,30
16:03:19,30
16:03:20,30
16:03:21,31
16:03:22,30
16:03:23,30
16:03:24,31
16:03:25,30
16:03:26,30
16:03:27,30
16:03:28,31
16:03:29,31
16:03:30,30
16:03:31,31
16:03:32,31
16:03:33,31
16:03:34,29
16:03:35,29
16:03:36,30
16:03:37,32
16:03:38,32
16:03:39,30
16:03:40,30
16:03:42,30
16:03:43,32
16:03:44,31
16:03:45,31
16:03:46,32
16:03:47,31
16:03:48,31
16:03:49,30
16:03:50,31
16:03:51,31
16:03:52,31
16:03:53,30
16:03:54,31
16:03:55,31
16:03:56,30
16:03:57,30
16:03:58,30
16:03:59,31
16:04:00,30
16:04:01,30
16:04:02,30
16:04:03,31
16:04:04,31
16:04:05,30
16:04:06,30
16:04:07,30
16:04:08,31
16:04:09,30
16:04:10,30
16:04:11,30
16:04:12,31
16:04:13,31
16:04:14,31
16:04:15,31
16:04:16,31
16:04:17,31
16:04:18,30
16:04:19,30
16:04:20,31
16:04:21,30
16:04:22,30
16:04:23,30
16:04:24,31
16:04:25,31
16:04:26,30
16:04:27,30
16:04:28,30
16:04:29,31
16:04:30,29
16:04:31,30
16:04:32,30
16:04:33,31
16:04:34,30
16:04:35,30
16:04:36,31
16:04:37,31
16:04:38,31
16:04:39,30
16:04:40,31
16:04:41,31
16:04:42,31
16:04:43,30
16:04:44,30
16:04:45,32
16:04:46,30
16:04:47,30
16:04:48,31
16:04:49,32
16:04:50,32
16:04:51,30
16:04:52,31
16:04:53,31
16:04:54,31
16:04:55,30
16:04:57,30
16:04:58,30
16:04:59,31
16:05:00,31
16:05:01,30
16:05:02,31
16:05:03,31
16:05:04,31
16:05:05,30
16:05:06,30
16:05:07,31
16:05:08,30
16:05:09,30
16:05:10,30
16:05:11,31
16:05:12,31
16:05:13,31
16:05:14,30
16:05:15,31
16:05:16,31
16:05:17,30
16:05:18,30
16:05:19,30
16:05:20,32
16:05:21,30
16:05:22,30
16:05:23,30
16:05:24,32
16:05:25,32
16:05:26,31
16:05:27,32
16:05:28,32
16:05:29,31
16:05:30,30
16:05:31,30
16:05:32,31
16:05:33,31
16:05:34,31
16:05:35,30
16:05:36,31
16:05:37,31
16:05:38,30
16:05:39,30
16:05:40,30
16:05:41,31
16:05:42,29
16:05:43,29
16:05:44,29
16:05:45,32
16:05:46,32
16:05:47,30
16:05:48,30
16:05:49,31
16:05:50,31
16:05:51,30
16:05:52,30
16:05:53,30
16:05:54,32
16:05:55,30
16:05:56,30
16:05:57,31
16:05:58,31
16:05:59,31
16:06:00,30
16:06:01,31
16:06:02,31
16:06:03,30
16:06:04,31
16:06:05,31
16:06:06,31
16:06:07,30
16:06:08,30
16:06:09,29
16:06:10,31
16:06:11,31
16:06:12,30
16:06:14,30
16:06:15,30
16:06:16,31
16:06:17,30
16:06:18,30
16:06:19,30
16:06:20,31
16:06:21,31
16:06:22,30
16:06:23,30
16:06:24,30
16:06:25,31
16:06:26,30
16:06:27,30
16:06:28,31
16:06:29,31
16:06:30,29
16:06:31,29
16:06:32,31
16:06:33,30
16:06:34,30
16:06:35,30
16:06:36,31
16:06:37,31
16:06:38,30
16:06:39,30
16:06:40,30
16:06:41,31
16:06:42,30
16:06:43,30
16:06:44,30
16:06:45,31
16:06:46,31
16:06:47,30
16:06:48,31
16:06:49,31
16:06:50,31
16:06:51,30
16:06:52,30
16:06:53,31
16:06:54,30
16:06:55,30
16:06:56,31
16:06:57,31
16:06:58,31
16:06:59,30
16:07:00,30
16:07:01,30
16:07:02,31
16:07:03,30
16:07:04,30
16:07:05,31
16:07:06,31
16:07:07,31
16:07:08,30
16:07:09,31
16:07:10,31
16:07:11,31
16:07:12,30
16:07:13,31
16:07:14,31
16:07:15,31
16:07:16,30
16:07:17,30
16:07:18,32
16:07:19,31
16:07:20,31
16:07:21,31
16:07:22,31
16:07:23,31
16:07:24,30
16:07:25,30
16:07:26,30
16:07:27,31
16:07:28,30
16:07:29,30
16:07:30,30
16:07:31,31
16:07:33,31
16:07:34,29
16:07:35,30
16:07:36,30
16:07:37,31
16:07:38,30
16:07:39,30
16:07:40,31
16:07:41,31
16:07:42,31
16:07:43,30
16:07:44,31
16:07:45,31
16:07:46,30
16:07:47,30
16:07:48,30
16:07:49,31
16:07:50,30
16:07:51,30
16:07:52,30
16:07:53,31
16:07:54,30
16:07:55,30
16:07:56,30
16:07:57,31
16:07:58,31
16:07:59,30
16:08:00,30
16:08:01,30
16:08:02,32
16:08:03,30
16:08:04,30
16:08:05,31
16:08:06,31
16:08:07,31
16:08:08,30
16:08:09,31
16:08:10,31
16:08:11,30
16:08:12,31
16:08:13,31
16:08:14,31
16:08:15,30
16:08:16,30
16:08:17,29
16:08:18,31
16:08:19,31
16:08:20,30
16:08:21,30
16:08:22,30
16:08:23,31
16:08:24,30
16:08:25,30
16:08:26,31
16:08:27,32
16:08:28,32
16:08:29,29
16:08:30,31
16:08:31,31
16:08:32,31
16:08:33,30
16:08:34,31
16:08:35,31
16:08:36,30
16:08:37,30
16:08:38,30
16:08:39,31
16:08:40,30
16:08:41,30
16:08:42,29
16:08:43,31
16:08:44,31
16:08:45,30
16:08:46,31
16:08:47,31
16:08:48,31
16:08:49,30
16:08:50,30
16:08:51,31
16:08:52,31
16:08:53,31
16:08:55,29
16:08:56,31
16:08:57,31
16:08:58,30
16:08:59,29
16:09:00,29
16:09:01,32
16:09:02,31
16:09:03,31
16:09:04,30
16:09:05,31
16:09:06,31
16:09:07,30
16:09:08,30
16:09:09,30
16:09:10,31
16:09:11,30
16:09:12,30
16:09:13,30
16:09:14,31
16:09:15,30
16:09:16,30
16:09:17,30
16:09:18,31
16:09:19,31
16:09:20,31
16:09:21,31
16:09:22,31
16:09:23,31
16:09:24,29
16:09:25,29
16:09:26,31
16:09:27,30
16:09:28,30
16:09:29,30
16:09:30,32
16:09:31,32
16:09:32,30
16:09:33,30
16:09:34,30
16:09:35,32
16:09:36,30
16:09:37,30
16:09:38,30
16:09:39,31
16:09:40,31
16:09:41,30
16:09:42,30
16:09:43,30
16:09:44,31
16:09:45,30
16:09:46,30
16:09:47,31
16:09:48,31
16:09:49,31
16:09:50,29
16:09:51,32
16:09:52,30
16:09:53,30
16:09:54,30
16:09:55,31
16:09:56,31
16:09:57,30
16:09:58,29
16:09:59,29
16:10:00,31
16:10:01,30
16:10:02,30
16:10:03,30
16:10:04,32
16:10:05,32
16:10:06,30
16:10:07,30
16:10:09,30
16:10:10,32
16:10:11,30
16:10:12,30
16:10:13,31
16:10:14,31
16:10:15,31
16:10:16,31
16:10:17,31
16:10:18,31
16:10:19,31
16:10:20,30
16:10:21,30
16:10:22,32
16:10:23,30
16:10:24,30
16:10:25,30
16:10:26,31
16:10:27,31
16:10:28,30
16:10:29,30
16:10:30,30
16:10:31,31
16:10:32,30
16:10:33,30
16:10:34,30
16:10:35,31
16:10:36,30
16:10:37,30
16:10:38,31
16:10:39,31
16:10:40,31
16:10:41,30
16:10:42,31
16:10:43,31
16:10:44,31
16:10:45,30
16:10:46,30
16:10:47,31
16:10:48,30
16:10:49,30
16:10:50,30
16:10:51,31
16:10:52,31
16:10:53,30
16:10:54,30
16:10:55,30
16:10:56,31
16:10:57,30
16:10:58,30
16:10:59,30
16:11:00,31
16:11:01,31
16:11:02,30
16:11:03,31
16:11:04,31
16:11:05,31
16:11:06,30
16:11:07,30
16:11:08,31
16:11:09,31
16:11:10,31
16:11:11,29
16:11:12,33
16:11:13,30
16:11:14,30
16:11:15,30
16:11:16,31
16:11:17,31
16:11:18,30
16:11:19,30
16:11:20,30
16:11:21,31
16:11:22,30
16:11:23,30
16:11:24,31
16:11:25,31
16:11:27,31
16:11:28,30
16:11:29,31
16:11:30,31
16:11:31,31
16:11:32,30
16:11:33,30
16:11:34,31
16:11:35,30
16:11:36,30
16:11:37,30
16:11:38,32
16:11:39,32
16:11:40,30
16:11:41,30
16:11:42,30
16:11:43,32
16:11:44,31
16:11:45,31
16:11:46,30
16:11:47,31
16:11:48,31
16:11:49,30
16:11:50,30
16:11:51,30
16:11:52,31
16:11:53,31
16:11:54,31
16:11:55,31
16:11:56,31
16:11:57,30
16:11:58,30
16:11:59,31
16:12:00,30
16:12:01,30
16:12:02,30
16:12:03,31
16:12:04,31
16:12:05,30
16:12:06,30
16:12:07,30
16:12:08,31
16:12:09,30
16:12:10,30
16:12:11,30
16:12:12,31
16:12:13,31
16:12:14,30
16:12:15,31
16:12:16,31
16:12:17,32
16:12:18,29
16:12:19,29
16:12:20,31
16:12:21,31
16:12:22,31
16:12:23,30
16:12:24,32
16:12:25,32
16:12:26,30
16:12:27,30
16:12:28,30
16:12:29,32
16:12:30,30
16:12:31,30
16:12:32,30
16:12:33,31
16:12:34,29
16:12:35,29
16:12:36,30
16:12:37,31
16:12:38,31
16:12:39,30
16:12:40,31
16:12:41,31
16:12:43,31
16:12:44,30
16:12:45,30
16:12:46,32
16:12:47,31
16:12:48,31
16:12:49,30
16:12:50,31
16:12:51,31
16:12:52,30
16:12:53,30
16:12:54,30
16:12:55,30
16:12:56,29
16:12:57,29
16:12:58,30
16:12:59,31
16:13:00,31
16:13:01,29
16:13:02,30
16:13:03,30
16:13:04,31
16:13:05,31
16:13:06,31
16:13:07,30
16:13:08,31
16:13:09,31
16:13:10,30
16:13:11,31
16:13:12,31
16:13:13,31
16:13:14,30
16:13:15,31
16:13:16,31
16:13:17,30
16:13:18,30
16:13:19,30
16:13:20,31
16:13:21,30
16:13:22,30
16:13:23,31
16:13:24,31
16:13:25,31
16:13:26,30
16:13:27,30
16:13:28,30
16:13:29,31
16:13:30,29
16:13:31,29
16:13:32,30
16:13:33,31
16:13:34,31
16:13:35,29
16:13:36,31
16:13:37,31
16:13:38,31
16:13:39,31
16:13:40,31
16:13:41,33
16:13:42,30
16:13:43,30
16:13:44,30
16:13:45,31
16:13:46,31
16:13:47,30
16:13:48,30
16:13:49,30
16:13:50,31
16:13:51,30
16:13:52,31
16:13:53,31
16:13:54,32
16:13:55,31
16:13:56,31
16:13:57,30
16:13:58,31
16:13:59,31
16:14:01,30
16:14:02,31
16:14:03,31
16:14:04,30
16:14:05,30
16:14:06,30
16:14:07,31
16:14:08,30
16:14:09,30
16:14:10,29
16:14:11,31
16:14:12,31
16:14:13,30
16:14:14,29
16:14:15,29
16:14:16,32
16:14:17,30
16:14:18,30
16:14:19,31
16:14:20,31
16:14:21,30
16:14:22,30
16:14:23,31
16:14:24,31
16:14:25,31
16:14:26,30
16:14:27,31
16:14:28,31
16:14:29,31
16:14:30,30
16:14:31,30
16:14:32,31
16:14:33,30
16:14:34,30
16:14:35,29
16:14:36,31
16:14:37,31
16:14:38,29
16:14:39,30
16:14:40,30
16:14:41,31
16:14:42,30
16:14:43,30
16:14:44,30
16:14:45,32
16:14:46,32
16:14:47,31
16:14:48,30
16:14:49,30
16:14:50,31
16:14:51,30
16:14:52,30
16:14:53,31
16:14:54,30
16:14:55,30
16:14:56,30
16:14:57,32
16:14:58,31
16:14:59,31
16:15:00,30
16:15:01,31
16:15:03,31
16:15:04,30
16:15:05,30
16:15:06,30
16:15:07,31
16:15:08,30
16:15:09,30
16:15:10,30
16:15:11,31
16:15:12,31
16:15:13,30
16:15:14,31
16:15:15,31
16:15:16,31
16:15:17,30
16:15:18,30
16:15:19,31
16:15:20,31
16:15:21,31
16:15:22,30
16:15:23,32
16:15:24,32
16:15:25,31
16:15:26,31
16:15:27,31
16:15:28,31
16:15:29,30
16:15:30,30
16:15:31,31
16:15:32,32
16:15:33,32
16:15:34,30
16:15:35,30
16:15:36,30
16:15:37,31
16:15:38,30
16:15:39,30
16:15:40,30
16:15:41,31
16:15:42,30
16:15:43,30
16:15:44,31
16:15:45,30
16:15:46,30
16:15:47,30
16:15:48,31
16:15:49,31
16:15:50,30
16:15:51,30
16:15:52,30
16:15:53,31
16:15:54,30
16:15:55,30
16:15:56,30
16:15:57,32
16:15:58,32
16:15:59,30
16:16:00,30
16:16:01,30
16:16:02,31
16:16:03,30
16:16:04,30
16:16:05,31
16:16:06,31
16:16:07,31
16:16:08,30
16:16:09,31
16:16:10,31
16:16:11,31
16:16:12,30
16:16:13,30
16:16:14,31
16:16:15,30
16:16:16,30
16:16:17,30
16:16:18,31
16:16:19,30
16:16:21,30
16:16:22,30
16:16:23,31
16:16:24,31
16:16:25,30
16:16:26,30
16:16:27,30
16:16:28,31
16:16:29,30
16:16:30,30
16:16:31,31
16:16:32,31
16:16:33,31
16:16:34,30
16:16:35,31
16:16:36,31
16:16:37,30
16:16:38,30
16:16:39,30
16:16:40,33
16:16:41,30
16:16:42,30
16:16:43,30
16:16:44,31
16:16:45,31
16:16:46,29
16:16:47,30
16:16:48,30
16:16:49,31
16:16:50,30
16:16:51,30
16:16:52,30
16:16:53,31
16:16:54,31
16:16:55,29
16:16:56,31
16:16:57,31
16:16:58,31
16:16:59,30
16:17:00,31
16:17:01,31
16:17:02,31
16:17:03,30
16:17:04,30
16:17:05,32
16:17:06,31
16:17:07,31
16:17:08,29
16:17:09,31
16:17:10,31
16:17:11,29
16:17:12,30
16:17:13,30
16:17:14,31
16:17:15,30
16:17:16,30
16:17:17,30
16:17:18,31
16:17:19,31
16:17:20,30
16:17:21,30
16:17:22,30
16:17:23,31
16:17:24,30
16:17:25,30
16:17:26,31
16:17:27,30
16:17:28,30
16:17:29,30
16:17:30,31
16:17:31,31
16:17:32,31
16:17:33,29
16:17:34,29
16:17:35,31
16:17:36,30
16:17:37,30
16:17:38,31
16:17:39,32
16:17:41,32
16:17:42,30
16:17:43,30
16:17:44,31
16:17:45,31
16:17:46,32
16:17:47,32
16:17:48,32
16:17:49,31
16:17:50,30
16:17:51,30
16:17:52,31
16:17:53,30
16:17:54,30
16:17:55,29
16:17:56,32
16:17:57,32
16:17:58,30
16:17:59,30
16:18:00,30
16:18:01,31
16:18:02,30
16:18:03,30
16:18:04,30
16:18:05,31
16:18:06,31
16:18:07,30
16:18:08,30
16:18:09,30
16:18:10,31
16:18:11,30
16:18:12,30
16:18:13,31
16:18:14,32
16:18:15,32
16:18:16,30
16:18:17,31
16:18:18,31
16:18:19,31
16:18:20,30
16:18:21,32
16:18:22,32
16:18:23,31
16:18:24,30
16:18:25,30
16:18:26,31
16:18:27,30
16:18:28,30
16:18:29,30
16:18:30,31
16:18:31,31
16:18:32,30
16:18:33,30
16:18:34,30
16:18:35,31
16:18:36,30
16:18:37,30
16:18:38,31
16:18:39,31
16:18:40,31
16:18:41,30
16:18:42,31
16:18:43,31
16:18:44,31
16:18:45,30
16:18:46,30
16:18:47,32
16:18:48,30
16:18:49,30
16:18:50,31
16:18:51,31
16:18:52,31
16:18:53,31
16:18:54,30
16:18:55,30
16:18:56,32
16:18:57,29
16:18:59,29
16:19:00,30
16:19:01,31
16:19:02,30
16:19:03,30
16:19:04,30
16:19:05,31
16:19:06,31
16:19:07,30
16:19:08,31
16:19:09,31
16:19:10,30
16:19:11,30
16:19:12,30
16:19:13,31
16:19:14,30
16:19:15,30
16:19:16,30
16:19:17,31
16:19:18,31
16:19:19,30
16:19:20,30
16:19:21,30
16:19:22,31
16:19:23,30
16:19:24,30
16:19:25,30
16:19:26,31
16:19:27,31
16:19:28,30
16:19:29,31
16:19:30,31
16:19:31,31
16:19:32,30
16:19:33,30
16:19:34,31
16:19:35,30
16:19:36,30
16:19:37,30
16:19:38,31
16:19:39,31
16:19:40,30
16:19:41,29
16:19:42,29
16:19:43,31
16:19:44,30
16:19:45,30
16:19:46,30
16:19:47,31
16:19:48,31
16:19:49,31
16:19:50,30
16:19:51,31
16:19:52,31
16:19:53,30
16:19:54,30
16:19:55,30
16:19:56,32
16:19:57,30
16:19:58,30
16:19:59,32
16:20:00,30
16:20:01,30
16:20:02,30
16:20:03,31
16:20:04,31
16:20:05,30
16:20:06,29
16:20:07,29
16:20:08,31
16:20:09,30
16:20:10,30
16:20:11,29
16:20:12,31
16:20:13,31
16:20:14,30
16:20:15,30
16:20:17,30
16:20:18,31
16:20:19,30
16:20:20,30
16:20:21,31
16:20:22,31
16:20:23,30
16:20:24,30
16:20:25,32
16:20:26,30
16:20:27,30
16:20:28,31
16:20:29,31
16:20:30,31
16:20:31,30
16:20:32,30
16:20:33,30
16:20:34,32
16:20:35,30
16:20:36,30
16:20:37,30
16:20:38,32
16:20:39,32
16:20:40,30
16:20:41,30
16:20:42,30
16:20:43,31
16:20:44,30
16:20:45,30
16:20:46,31
16:20:47,30
16:20:48,30
16:20:49,30
16:20:50,31
16:20:51,31
16:20:52,30
16:20:53,30
16:20:54,30
16:20:55,31
16:20:56,30
16:20:57,30
16:20:58,30
16:20:59,31
16:21:00,31
16:21:01,30
16:21:02,30
16:21:03,30
16:21:04,32
16:21:05,30
16:21:06,30
16:21:07,30
16:21:08,31
16:21:09,30
16:21:10,30
16:21:11,31
16:21:12,30
16:21:13,30
16:21:14,31
16:21:15,31
16:21:16,31
16:21:17,30
16:21:18,30
16:21:19,30
16:21:20,31
16:21:21,30
16:21:22,30
16:21:23,30
16:21:24,31
16:21:25,31
16:21:26,30
16:21:27,30
16:21:28,30
16:21:29,31
16:21:30,30
16:21:31,30
16:21:32,31
16:21:33,31
16:21:34,31
16:21:35,30
16:21:37,31
16:21:38,31
16:21:39,30
16:21:40,30
16:21:41,30
16:21:42,32
16:21:43,30
16:21:44,30
16:21:45,30
16:21:46,33
16:21:47,30
16:21:48,30
16:21:49,30
16:21:50,31
16:21:51,31
16:21:52,30
16:21:53,30
16:21:54,30
16:21:55,31
16:21:56,30
16:21:57,30
16:21:58,31
16:21:59,31
16:22:00,31
16:22:01,30
16:22:02,31
16:22:03,31
16:22:04,30
16:22:05,30
16:22:06,30
16:22:07,32
16:22:08,30
16:22:09,30
16:22:10,30
16:22:11,32
16:22:12,32
16:22:13,30
16:22:14,30
16:22:15,30
16:22:16,31
16:22:17,30
16:22:18,30
16:22:19,30
16:22:20,32
16:22:21,32
16:22:22,30
16:22:23,31
16:22:24,31
16:22:25,31
16:22:26,29
16:22:27,31
16:22:28,31
16:22:29,30
16:22:30,30
16:22:31,30
16:22:32,31
16:22:33,30
16:22:34,30
16:22:35,30
16:22:36,31
16:22:37,31
16:22:38,30
16:22:39,30
16:22:40,30
16:22:41,31
16:22:42,30
16:22:43,30
16:22:44,31
16:22:45,31
16:22:46,31
16:22:47,30
16:22:48,31
16:22:49,31
16:22:50,31
16:22:51,30
16:22:52,30
16:22:53,31
16:22:54,30
16:22:56,30
16:22:57,30
16:22:58,31
16:22:59,31
16:23:00,30
16:23:01,30
16:23:02,30
16:23:03,31
16:23:04,30
16:23:05,30
16:23:06,30
16:23:07,31
16:23:08,30
16:23:09,30
16:23:10,30
16:23:11,31
16:23:12,31
16:23:13,30
16:23:14,31
16:23:15,31
16:23:16,31
16:23:17,30
16:23:18,30
16:23:19,31
16:23:20,30
16:23:21,30
16:23:22,30
16:23:23,31
16:23:24,31
16:23:25,30
16:23:26,30
16:23:27,30
16:23:28,32
16:23:29,30
16:23:30,30
16:23:31,30
16:23:32,31
16:23:33,31
16:23:34,30
16:23:35,30
16:23:36,30
16:23:37,31
16:23:38,29
16:23:39,29
16:23:40,31
16:23:41,31
16:23:42,31
16:23:43,30
16:23:44,31
16:23:45,31
16:23:46,32
16:23:47,30
16:23:48,31
16:23:49,31
16:23:50,30
16:23:51,30
16:23:52,30
16:23:53,31
16:23:54,30
16:23:55,30
16:23:56,30
16:23:57,31
16:23:58,31
16:23:59,30
16:24:00,31
16:24:01,31
16:24:02,31
16:24:03,30
16:24:04,30
16:24:05,31
16:24:06,31
16:24:07,31
16:24:08,30
16:24:09,31
16:24:10,31
16:24:11,31
16:24:12,30
16:24:13,30
16:24:15,31
16:24:16,30
16:24:17,30
16:24:18,31
16:24:19,32
16:24:20,32
16:24:21,30
16:24:22,30
16:24:23,30
16:24:24,31
16:24:25,30
16:24:26,30
16:24:27,30
16:24:28,31
16:24:29,31
16:24:30,30
16:24:31,32
16:24:32,31
16:24:33,31
16:24:34,30
16:24:35,32
16:24:36,32
16:24:37,30
16:24:38,30
16:24:39,30
16:24:40,31
16:24:41,30
16:24:42,30
16:24:43,30
16:24:44,32
16:24:45,32
16:24:46,30
16:24:47,30
16:24:48,30
16:24:49,31
16:24:50,31
16:24:51,31
16:24:52,30
16:24:53,31
16:24:54,31
16:24:55,30
16:24:56,30
16:24:57,30
16:24:58,31
16:24:59,30
16:25:00,30
16:25:01,31
16:25:02,31
16:25:03,31
16:25:04,30
16:25:05,31
16:25:06,31
16:25:07,31
16:25:08,29
16:25:09,29
16:25:10,31
16:25:11,30
16:25:12,30
16:25:13,30
16:25:14,31
16:25:15,30
16:25:16,30
16:25:17,30
16:25:18,32
16:25:19,32
16:25:20,30
16:25:21,31
16:25:22,31
16:25:23,32
16:25:24,30
16:25:25,30
16:25:26,32
16:25:27,30
16:25:28,30
16:25:29,30
16:25:30,31
16:25:31,31
16:25:32,30
16:25:33,30
16:25:35,30
16:25:36,31
16:25:37,31
16:25:38,31
16:25:39,31
16:25:40,31
16:25:41,31
16:25:42,30
16:25:43,30
16:25:44,30
16:25:45,31
16:25:46,30
16:25:47,30
16:25:48,31
16:25:49,32
16:25:50,32
16:25:51,29
16:25:52,31
16:25:53,30
16:25:54,30
16:25:55,30
16:25:56,32
16:25:57,32
16:25:58,30
16:25:59,31
16:26:00,31
16:26:01,31
16:26:02,30
16:26:03,30
16:26:04,30
16:26:05,31
16:26:06,31
16:26:07,29
16:26:08,30
16:26:09,30
16:26:10,31
16:26:11,30
16:26:12,30
16:26:13,31
16:26:14,31
16:26:15,31
16:26:16,30
16:26:17,31
16:26:18,31
16:26:19,31
16:26:20,32
16:26:21,32
16:26:22,31
16:26:23,30
16:26:24,30
16:26:25,30
16:26:26,31
16:26:27,31
16:26:28,30
16:26:29,31
16:26:30,31
16:26:31,31
16:26:32,30
16:26:33,30
16:26:34,30
16:26:35,31
16:26:36,30
16:26:37,30
16:26:38,30
16:26:39,31
16:26:40,31
16:26:41,30
16:26:42,31
16:26:43,31
16:26:44,30
16:26:45,30
16:26:46,30
16:26:47,32
16:26:48,31
16:26:49,31
16:26:50,30
16:26:51,32
16:26:52,32
16:26:53,30
16:26:55,30
16:26:56,30
16:26:57,32
16:26:58,31
16:26:59,31
16:27:00,30
16:27:01,31
16:27:02,31
16:27:03,30
16:27:04,31
16:27:05,31
16:27:06,31
16:27:07,30
16:27:08,30
16:27:09,31
16:27:10,30
16:27:11,30
16:27:12,30
16:27:13,31
16:27:14,31
16:27:15,30
16:27:16,30
16:27:17,31
16:27:18,31
16:27:19,30
16:27:20,29
16:27:21,29
16:27:22,32
16:27:23,30
16:27:24,30
16:27:25,30
16:27:26,31
16:27:27,31
16:27:28,31
16:27:29,30
16:27:30,30
16:27:31,31
16:27:32,30
16:27:33,30
16:27:34,31
16:27:35,30
16:27:36,30
16:27:37,30
16:27:38,31
16:27:39,31
16:27:40,30
16:27:41,29
16:27:42,29
16:27:43,31
16:27:44,30
16:27:45,30
16:27:46,30
16:27:47,31
16:27:48,31
16:27:49,30
16:27:50,30
16:27:51,30
16:27:52,32
16:27:53,29
16:27:54,29
16:27:55,31
16:27:56,31
16:27:57,30
16:27:58,30
16:27:59,31
16:28:00,32
16:28:01,32
16:28:02,30
16:28:03,31
16:28:04,31
16:28:05,30
16:28:06,31
16:28:07,31
16:28:08,31
16:28:09,33
16:28:10,33
16:28:11,38
16:28:12,42
16:28:13,42
16:28:15,31
16:28:16,30
16:28:17,30
16:28:18,32
16:28:19,31
16:28:20,31
16:28:21,33
16:28:22,32
16:28:23,32
16:28:24,31
16:28:25,31
16:28:26,31
16:28:27,31
16:28:28,30
16:28:29,30
16:28:30,32
16:28:31,31
16:28:32,31
16:28:33,31
16:28:34,32
16:28:35,31
16:28:36,31
16:28:37,31
16:28:38,33
16:28:39,33
16:28:40,31
16:28:41,30
16:28:42,30
16:28:43,32
16:28:44,30
16:28:45,30
16:28:46,32
16:28:47,32
16:28:48,32
16:28:49,30
16:28:50,31
16:28:51,31
16:28:52,30
16:28:53,30
16:28:54,30
16:28:55,31
16:28:56,30
16:28:57,30
16:28:58,30
16:28:59,32
16:29:00,32
16:29:01,30
16:29:02,30
16:29:03,30
16:29:04,32
16:29:05,31
16:29:06,31
16:29:07,30
16:29:08,32
16:29:09,32
16:29:10,31
16:29:11,32
16:29:12,32
16:29:13,32
16:29:14,30
16:29:15,31
16:29:16,31
16:29:17,31
16:29:18,29
16:29:19,29
16:29:20,31
16:29:21,30
16:29:22,30
16:29:23,30
16:29:24,31
16:29:26,31
16:29:27,30
16:29:28,30
16:29:29,30
16:29:30,32
16:29:31,29
16:29:32,29
16:29:33,30
16:29:34,31
16:29:35,31
16:29:36,30
16:29:37,31
16:29:38,31
16:29:39,31
16:29:40,30
16:29:41,30
16:29:42,31
16:29:43,30
16:29:44,30
16:29:45,30
16:29:46,32
16:29:47,31
16:29:48,31
16:29:49,31
16:29:50,31
16:29:51,31
16:29:52,30
16:29:53,30
16:29:54,30
16:29:55,31
16:29:56,30
16:29:57,30
16:29:58,30
16:29:59,31
16:30:00,31
16:30:01,30
16:30:02,32
16:30:03,32
16:30:04,31
16:30:05,29
16:30:06,29
16:30:07,31
16:30:08,30
16:30:09,30
16:30:10,30
16:30:11,31
16:30:12,31
16:30:13,31
16:30:14,29
16:30:15,29
16:30:16,31
16:30:17,30
16:30:18,30
16:30:19,30
16:30:20,32
16:30:21,31
16:30:22,31
16:30:23,30
16:30:24,32
16:30:25,32
16:30:26,30
16:30:27,31
16:30:28,31
16:30:30,31
16:30:31,31
16:30:32,31
16:30:33,32
16:30:34,31
16:30:35,31
16:30:36,30
16:30:37,32
16:30:38,32
16:30:39,30
16:30:40,30
16:30:41,30
16:30:42,31
16:30:43,30
16:30:44,30
16:30:45,31
16:30:46,31
16:30:47,31
16:30:48,30
16:30:49,30
16:30:50,30
16:30:51,31
16:30:52,31
16:30:53,31
16:30:54,30
16:30:55,31
16:30:56,31
16:30:57,31
16:30:58,31
16:30:59,31
16:31:00,31
16:31:01,30
16:31:02,31
16:31:03,31
16:31:04,31
16:31:05,30
16:31:06,30
16:31:07,33
16:31:08,30
16:31:09,30
16:31:10,30
16:31:11,31
16:31:12,31
16:31:13,30
16:31:14,30
16:31:15,30
16:31:16,31
16:31:17,30
16:31:18,30
16:31:19,31
16:31:20,31
16:31:21,31
16:31:22,30
16:31:23,31
16:31:24,31
16:31:25,31
16:31:26,30
16:31:27,30
16:31:28,32
16:31:29,30
16:31:30,30
16:31:31,30
16:31:32,32
16:31:33,32
16:31:34,29
16:31:35,30
16:31:36,30
16:31:37,31
16:31:38,31
16:31:39,31
16:31:40,30
16:31:41,31
16:31:42,29
16:31:43,29
16:31:44,31
16:31:45,31
16:31:46,31
16:31:47,30
16:31:49,31
16:31:50,31
16:31:51,30
16:31:52,30
16:31:53,30
16:31:54,31
16:31:55,30
16:31:56,30
16:31:57,30
16:31:58,32
16:31:59,32
16:32:00,30
16:32:01,30
16:32:02,30
16:32:03,31
16:32:04,31
16:32:05,31
16:32:06,30
16:32:07,31
16:32:08,31
16:32:09,30
16:32:10,31
16:32:11,31
16:32:12,31
16:32:13,30
16:32:14,30
16:32:15,31
16:32:16,30
16:32:17,30
16:32:18,30
16:32:19,31
16:32:20,31
16:32:21,30
16:32:22,30
16:32:23,31
16:32:24,31
16:32:25,30
16:32:26,31
16:32:27,31
16:32:28,32
16:32:29,30
16:32:30,30
16:32:31,31
16:32:32,31
16:32:33,31
16:32:34,29
16:32:35,31
16:32:36,31
16:32:37,31
16:32:38,30
16:32:39,30
16:32:40,32
16:32:41,32
16:32:42,32
16:32:43,30
16:32:44,31
16:32:45,31
16:32:46,30
16:32:47,30
16:32:48,30
16:32:49,31
16:32:50,30
16:32:51,30
16:32:52,30
16:32:53,31
16:32:54,31
16:32:55,29
16:32:56,30
16:32:57,30
16:32:58,31
16:32:59,30
16:33:00,30
16:33:01,31
16:33:02,31
16:33:03,31
16:33:04,31
16:33:05,32
16:33:06,31
16:33:08,31
16:33:09,30
16:33:10,31
16:33:11,31
16:33:12,30
16:33:13,30
16:33:14,30
16:33:15,32
16:33:16,30
16:33:17,30
16:33:18,30
16:33:19,31
16:33:20,31
16:33:21,29
16:33:22,30
16:33:23,30
16:33:24,31
16:33:25,30
16:33:26,30
16:33:27,31
16:33:28,31
16:33:29,31
16:33:30,30
16:33:31,31
16:33:32,31
16:33:33,31
16:33:34,31
16:33:35,31
16:33:36,32
16:33:37,31
16:33:38,31
16:33:39,30
16:33:40,31
16:33:41,31
16:33:42,30
16:33:43,29
16:33:44,31
16:33:45,31
16:33:46,30
16:33:47,31
16:33:48,31
16:33:49,31
16:33:50,30
16:33:51,30
16:33:52,32
16:33:53,31
16:33:54,31
16:33:55,30
16:33:56,31
16:33:57,31
16:33:58,30
16:33:59,30
16:34:00,30
16:34:01,32
16:34:02,30
16:34:03,30
16:34:04,30
16:34:05,31
16:34:06,31
16:34:07,30
16:34:08,30
16:34:09,30
16:34:10,32
16:34:11,29
16:34:12,29
16:34:13,32
16:34:14,32
16:34:15,32
16:34:16,30
16:34:17,31
16:34:18,31
16:34:19,32
16:34:20,30
16:34:21,30
16:34:22,31
16:34:23,31
16:34:24,30
16:34:25,30
16:34:27,31
16:34:28,30
16:34:29,30
16:34:30,29
16:34:31,32
16:34:32,32
16:34:33,30
16:34:34,30
16:34:35,30
16:34:36,31
16:34:37,29
16:34:38,29
16:34:39,30
16:34:40,31
16:34:41,31
16:34:42,30
16:34:43,31
16:34:44,31
16:34:45,31
16:34:46,31
16:34:47,31
16:34:48,32
16:34:49,30
16:34:50,30
16:34:51,30
16:34:52,31
16:34:53,31
16:34:54,30
16:34:55,30
16:34:56,30
16:34:57,31
16:34:58,31
16:34:59,31
16:35:00,30
16:35:01,31
16:35:02,30
16:35:03,30
16:35:04,30
16:35:05,31
16:35:06,31
16:35:07,30
16:35:08,31
16:35:09,31
16:35:10,31
16:35:11,30
16:35:12,30
16:35:13,31
16:35:14,30
16:35:15,30
16:35:16,30
16:35:17,32
16:35:18,32
16:35:19,30
16:35:20,30
16:35:21,30
16:35:22,31
16:35:23,30
16:35:24,30
16:35:25,31
16:35:26,31
16:35:27,31
16:35:28,29
16:35:29,31
16:35:30,31
16:35:31,31
16:35:32,30
16:35:33,30
16:35:34,31
16:35:35,32
16:35:36,32
16:35:37,30
16:35:38,31
16:35:39,31
16:35:40,30
16:35:41,30
16:35:43,30
16:35:44,31
16:35:45,30
16:35:46,30
16:35:47,30
16:35:48,31
16:35:49,30
16:35:50,30
16:35:51,30
16:35:52,32
16:35:53,32
16:35:54,31
16:35:55,30
16:35:56,30
16:35:57,31
16:35:58,30
16:35:59,30
16:36:00,31
16:36:01,31
16:36:02,31
16:36:03,30
16:36:04,31
16:36:05,31
16:36:06,30
16:36:07,30
16:36:08,30
16:36:09,31
16:36:10,31
16:36:11,31
16:36:12,30
16:36:13,31
16:36:14,31
16:36:15,29
16:36:16,29
16:36:17,29
16:36:18,31
16:36:19,29
16:36:20,29
16:36:21,30
16:36:22,31
16:36:23,31
16:36:24,30
16:36:25,31
16:36:26,32
16:36:27,32
16:36:28,29
16:36:29,31
16:36:30,31
16:36:31,30
16:36:32,30
16:36:33,30
16:36:34,31
16:36:35,30
16:36:36,30
16:36:37,30
16:36:38,31
16:36:39,31
16:36:40,30
16:36:41,30
16:36:42,30
16:36:43,31
16:36:44,30
16:36:45,30
16:36:46,32
16:36:47,31
16:36:48,31
16:36:49,30
16:36:50,30
16:36:51,30
16:36:52,31
16:36:53,30
16:36:54,30
16:36:55,31
16:36:56,32
16:36:57,32
16:36:58,29
16:37:00,31
16:37:01,31
16:37:02,31
16:37:03,30
16:37:04,30
16:37:05,31
16:37:06,30
16:37:07,30
16:37:08,30
16:37:09,31
16:37:10,29
16:37:11,29
16:37:12,30
16:37:13,31
16:37:14,31
16:37:15,30
16:37:16,33
16:37:17,33
16:37:18,31
16:37:19,30
16:37:20,30
16:37:21,31
16:37:22,31
16:37:23,31
16:37:24,30
16:37:25,31
16:37:26,31
16:37:27,30
16:37:28,29
16:37:29,29
16:37:30,32
16:37:31,30
16:37:32,30
16:37:33,31
16:37:34,31
16:37:35,31
16:37:36,31
16:37:37,30
16:37:38,30
16:37:39,32
16:37:40,29
16:37:41,30
16:37:42,30
16:37:43,31
16:37:44,30
16:37:45,30
16:37:46,31
16:37:47,30
16:37:48,30
16:37:49,30
16:37:50,31
16:37:51,31
16:37:52,30
16:37:53,30
16:37:54,30
16:37:55,31
16:37:56,30
16:37:57,30
16:37:58,31
16:37:59,31
16:38:00,31
16:38:01,30
16:38:02,30
16:38:03,30
16:38:04,31
16:38:05,30
16:38:06,30
16:38:07,31
16:38:08,31
16:38:09,31
16:38:10,30
16:38:11,31
16:38:13,31
16:38:14,30
16:38:15,30
16:38:16,30
16:38:17,32
16:38:18,30
16:38:19,30
16:38:20,30
16:38:21,31
16:38:22,30
16:38:23,30
16:38:24,30
16:38:25,31
16:38:26,31
16:38:27,29
16:38:28,31
16:38:29,31
16:38:30,31
16:38:31,30
16:38:32,30
16:38:33,31
16:38:34,31
16:38:35,31
16:38:36,30
16:38:37,31
16:38:38,31
16:38:39,31
16:38:40,29
16:38:41,29
16:38:42,32
16:38:43,30
16:38:44,30
16:38:45,30
16:38:46,31
16:38:47,31
16:38:48,30
16:38:49,30
16:38:50,30
16:38:51,31
16:38:52,30
16:38:53,30
16:38:54,31
16:38:55,31
16:38:56,31
16:38:57,30
16:38:58,31
16:38:59,31
16:39:00,31
16:39:01,30
16:39:02,31
16:39:03,31
16:39:04,30
16:39:05,31
16:39:06,31
16:39:07,31
16:39:08,30
16:39:09,30
16:39:10,31
16:39:11,31
16:39:12,31
16:39:13,29
16:39:14,30
16:39:15,30
16:39:16,32
16:39:17,31
16:39:18,31
16:39:19,31
16:39:20,31
16:39:21,31
16:39:22,30
16:39:23,31
16:39:24,31
16:39:25,31
16:39:26,29
16:39:27,29
16:39:29,31
16:39:30,31
16:39:31,31
16:39:32,30
16:39:33,31
16:39:34,31
16:39:35,30
16:39:36,30
16:39:37,30
16:39:38,31
16:39:39,30
16:39:40,31
16:39:41,31
16:39:42,32
16:39:43,30
16:39:44,30
16:39:45,31
16:39:46,31
16:39:47,31
16:39:48,30
16:39:49,31
16:39:50,31
16:39:51,31
16:39:52,29
16:39:53,29
16:39:54,31
16:39:55,30
16:39:56,30
16:39:57,30
16:39:58,31
16:39:59,31
16:40:00,30
16:40:01,30
16:40:02,30
16:40:03,31
16:40:04,30
16:40:05,30
16:40:06,30
16:40:07,32
16:40:08,32
16:40:09,29
16:40:10,30
16:40:11,30
16:40:12,31
16:40:13,30
16:40:14,32
16:40:15,32
16:40:16,32
16:40:17,30
16:40:18,30
16:40:19,31
16:40:20,32
16:40:21,32
16:40:22,31
16:40:23,32
16:40:24,32
16:40:25,31
16:40:26,31
16:40:27,31
16:40:28,31
16:40:29,30
16:40:30,30
16:40:31,30
16:40:32,31
16:40:33,31
16:40:34,30
16:40:35,30
16:40:36,30
16:40:37,31
16:40:38,30
16:40:39,30
16:40:41,31
16:40:42,32
16:40:43,32
16:40:44,29
16:40:45,31
16:40:46,31
16:40:47,31
16:40:48,30
16:40:49,30
16:40:50,31
16:40:51,30
16:40:52,30
16:40:53,30
16:40:54,31
16:40:55,30
16:40:56,30
16:40:57,30
16:40:58,31
16:40:59,31
16:41:00,29
16:41:01,30
16:41:02,30
16:41:03,31
16:41:04,29
16:41:05,29
16:41:06,30
16:41:07,31
16:41:08,31
16:41:09,30
16:41:10,30
16:41:11,30
16:41:12,30
16:41:13,30
16:41:14,30
16:41:15,31
16:41:16,30
16:41:17,30
16:41:18,30
16:41:19,31
16:41:20,31
16:41:21,30
16:41:22,29
16:41:23,29
16:41:24,31
16:41:25,29
16:41:26,29
16:41:27,30
16:41:28,32
16:41:29,32
16:41:30,30
16:41:31,31
16:41:32,31
16:41:33,31
16:41:34,30
16:41:35,30
16:41:36,31
16:41:37,31
16:41:38,29
16:41:39,29
16:41:40,31
16:41:41,30
16:41:42,30
16:41:43,29
16:41:44,31
16:41:45,31
16:41:46,30
16:41:47,29
16:41:48,29
16:41:49,31
16:41:50,30
16:41:51,30
16:41:52,30
16:41:53,32
16:41:54,32
16:41:55,30
16:41:56,30
16:41:57,30
16:41:58,31
16:42:00,30
16:42:01,30
16:42:02,31
16:42:03,31
16:42:04,31
16:42:05,30
16:42:06,32
16:42:07,32
16:42:08,32
16:42:09,30
16:42:10,30
16:42:11,31
16:42:12,30
16:42:13,30
16:42:14,29
16:42:15,31
16:42:16,30
16:42:17,30
16:42:18,30
16:42:19,31
16:42:20,31
16:42:21,29
16:42:22,31
16:42:23,31
16:42:24,31
16:42:25,29
16:42:26,29
16:42:27,31
16:42:28,31
16:42:29,31
16:42:30,29
16:42:31,31
16:42:32,31
16:42:33,31
16:42:34,30
16:42:35,30
16:42:36,32
16:42:37,30
16:42:38,30
16:42:39,29
16:42:40,31
16:42:41,31
16:42:42,30
16:42:43,30
16:42:44,30
16:42:45,31
16:42:46,30
16:42:47,30
16:42:48,31
16:42:49,31
16:42:50,31
16:42:51,30
16:42:52,31
16:42:53,31
16:42:54,30
16:42:55,30
16:42:56,32
16:42:57,32
16:42:58,30
16:42:59,30
16:43:00,30
16:43:01,31
16:43:02,30
16:43:03,30
16:43:04,29
16:43:05,31
16:43:06,31
16:43:07,30
16:43:08,30
16:43:09,30
16:43:10,31
16:43:11,31
16:43:12,31
16:43:13,31
16:43:14,32
16:43:15,32
16:43:17,29
16:43:18,31
16:43:19,31
16:43:20,30
16:43:21,30
16:43:22,30
16:43:23,31
16:43:24,30
16:43:25,30
16:43:26,30
16:43:27,32
16:43:28,32
16:43:29,30
16:43:30,31
16:43:31,31
16:43:32,31
16:43:33,30
16:43:34,30
16:43:35,30
16:43:36,31
16:43:37,29
16:43:38,29
16:43:39,31
16:43:40,31
16:43:41,31
16:43:42,30
16:43:43,31
16:43:44,31
16:43:45,31
16:43:46,32
16:43:47,32
16:43:48,31
16:43:49,30
16:43:50,30
16:43:51,29
16:43:52,31
16:43:53,31
16:43:54,30
16:43:55,30
16:43:56,30
16:43:57,31
16:43:58,30
16:43:59,30
16:44:00,30
16:44:01,31
16:44:02,31
16:44:03,29
16:44:04,31
16:44:05,31
16:44:06,31
16:44:07,30
16:44:08,30
16:44:09,30
16:44:10,31
16:44:11,31
16:44:12,30
16:44:13,31
16:44:14,31
16:44:15,30
16:44:16,31
16:44:17,31
16:44:18,31
16:44:19,30
16:44:20,30
16:44:21,30
16:44:22,32
16:44:23,30
16:44:24,30
16:44:25,30
16:44:26,31
16:44:27,31
16:44:28,29
16:44:29,30
16:44:30,30
16:44:31,32
16:44:32,30
16:44:34,30
16:44:35,31
16:44:36,31
16:44:37,31
16:44:38,29
16:44:39,31
16:44:40,31
16:44:41,30
16:44:42,30
16:44:43,30
16:44:44,32
16:44:45,30
16:44:46,30
16:44:47,30
16:44:48,31
16:44:49,31
16:44:50,30
16:44:51,30
16:44:52,30
16:44:53,31
16:44:54,30
16:44:55,30
16:44:56,31
16:44:57,31
16:44:58,31
16:44:59,31
16:45:00,30
16:45:01,30
16:45:02,30
16:45:03,30
16:45:04,32
16:45:05,32
16:45:06,30
16:45:07,31
16:45:08,31
16:45:09,31
16:45:10,30
16:45:11,30
16:45:12,30
16:45:13,31
16:45:14,31
16:45:15,30
16:45:16,30
16:45:17,30
16:45:18,31
16:45:19,29
16:45:20,29
16:45:21,30
16:45:22,32
16:45:23,32
16:45:24,30
16:45:25,31
16:45:26,31
16:45:27,30
16:45:28,31
16:45:29,31
16:45:30,31
16:45:31,30
16:45:32,30
16:45:33,30
16:45:34,31
16:45:35,30
16:45:36,30
16:45:37,30
16:45:38,31
16:45:39,31
16:45:40,29
16:45:41,30
16:45:42,30
16:45:43,32
16:45:44,29
16:45:45,29
16:45:47,31
16:45:48,31
16:45:49,31
16:45:50,30
16:45:51,31
16:45:52,31
16:45:53,31
16:45:54,30
16:45:55,30
16:45:56,31
16:45:57,30
16:45:58,30
16:45:59,30
16:46:00,32
16:46:01,32
16:46:02,30
16:46:03,30
16:46:04,30
16:46:05,31
16:46:06,30
16:46:07,30
16:46:08,30
16:46:09,31
16:46:10,31
16:46:11,30
16:46:12,30
16:46:13,31
16:46:14,31
16:46:15,30
16:46:16,31
16:46:17,31
16:46:18,30
16:46:19,30
16:46:20,30
16:46:21,31
16:46:22,30
16:46:23,30
16:46:24,29
16:46:25,31
16:46:26,31
16:46:27,30
16:46:28,30
16:46:29,30
16:46:30,32
16:46:31,31
16:46:32,31
16:46:33,30
16:46:34,31
16:46:35,31
16:46:36,30
16:46:37,31
16:46:38,31
16:46:39,31
16:46:40,30
16:46:41,30
16:46:42,30
16:46:43,31
16:46:44,31
16:46:45,30
16:46:46,32
16:46:47,32
16:46:48,30
16:46:49,30
16:46:50,30
16:46:51,31
16:46:52,30
16:46:53,30
16:46:54,30
16:46:55,31
16:46:56,30
16:46:57,30
16:46:58,30
16:46:59,31
16:47:00,31
16:47:01,30
16:47:02,30
16:47:03,30
16:47:05,31
16:47:06,30
16:47:07,30
16:47:08,31
16:47:09,30
16:47:10,30
16:47:11,29
16:47:12,31
16:47:13,31
16:47:14,30
16:47:15,30
16:47:16,30
16:47:17,32
16:47:18,29
16:47:19,29
16:47:20,30
16:47:21,31
16:47:22,31
16:47:23,30
16:47:24,30
16:47:25,30
16:47:26,31
16:47:27,30
16:47:28,30
16:47:29,31
16:47:30,31
16:47:31,31
16:47:32,30
16:47:33,31
16:47:34,30
16:47:35,30
16:47:36,30
16:47:37,31
16:47:38,31
16:47:39,31
16:47:40,30
16:47:41,30
16:47:42,32
16:47:43,31
16:47:44,31
16:47:45,30
16:47:46,31
16:47:47,31
16:47:48,30
16:47:49,31
16:47:50,31
16:47:51,33
16:47:52,30
16:47:53,30
16:47:54,31
16:47:55,31
16:47:56,31
16:47:57,29
16:47:58,31
16:47:59,31
16:48:00,30
16:48:01,29
16:48:02,29
16:48:03,31
16:48:04,30
16:48:05,30
16:48:06,30
16:48:07,31
16:48:08,31
16:48:09,29
16:48:10,29
16:48:11,29
16:48:12,31
16:48:13,31
16:48:14,30
16:48:15,30
16:48:16,32
16:48:17,29
16:48:18,29
16:48:19,30
16:48:20,31
16:48:21,31
16:48:23,31
16:48:24,32
16:48:25,32
16:48:26,30
16:48:27,30
16:48:28,30
16:48:29,31
16:48:30,30
16:48:31,30
16:48:32,29
16:48:33,31
16:48:34,31
16:48:35,29
16:48:36,29
16:48:37,29
16:48:38,31
16:48:39,30
16:48:40,30
16:48:41,30
16:48:42,31
16:48:43,31
16:48:44,30
16:48:45,31
16:48:46,31
16:48:47,31
16:48:48,31
16:48:49,31
16:48:50,31
16:48:51,30
16:48:52,30
16:48:53,30
16:48:54,33
16:48:55,31
16:48:56,31
16:48:57,30
16:48:58,31
16:48:59,31
16:49:00,30
16:49:01,30
16:49:02,30
16:49:03,31
16:49:04,30
16:49:05,30
16:49:06,29
16:49:07,31
16:49:08,31
16:49:09,29
16:49:10,30
16:49:11,30
16:49:12,31
16:49:13,29
16:49:14,29
16:49:15,31
16:49:16,31
16:49:17,31
16:49:18,30
16:49:19,31
16:49:20,31
16:49:21,30
